Datum von;Datum bis;Deutschland/Luxemburg [€/MWh] Berechnete Auflösungen
01.01.2024 00:00;01.01.2024 01:00;100,55
01.01.2024 01:00;01.01.2024 02:00;83,80
01.01.2024 02:00;01.01.2024 03:00;105,92
01.01.2024 03:00;01.01.2024 04:00;110,13
01.01.2024 04:00;01.01.2024 05:00;78,83
01.01.2024 05:00;01.01.2024 06:00;91,88
01.01.2024 06:00;01.01.2024 07:00;116,29
01.01.2024 07:00;01.01.2024 08:00;118,95
01.01.2024 08:00;01.01.2024 09:00;128,73
01.01.2024 09:00;01.01.2024 10:00;121,51
01.01.2024 10:00;01.01.2024 11:00;142,69
01.01.2024 11:00;01.01.2024 12:00;141,44
01.01.2024 12:00;01.01.2024 13:00;133,20
01.01.2024 13:00;01.01.2024 14:00;146,20
01.01.2024 14:00;01.01.2024 15:00;138,27
01.01.2024 15:00;01.01.2024 16:00;122,53
01.01.2024 16:00;01.01.2024 17:00;138,57
01.01.2024 17:00;01.01.2024 18:00;125,11
01.01.2024 18:00;01.01.2024 19:00;148,89
01.01.2024 19:00;01.01.2024 20:00;135,68
01.01.2024 20:00;01.01.2024 21:00;126,82
01.01.2024 21:00;01.01.2024 22:00;110,45
01.01.2024 22:00;01.01.2024 23:00;123,36
01.01.2024 23:00;02.01.2024 00:00;99,81
02.01.2024 00:00;02.01.2024 01:00;91,85
02.01.2024 01:00;02.01.2024 02:00;92,15
02.01.2024 02:00;02.01.2024 03:00;103,40
02.01.2024 03:00;02.01.2024 04:00;103,33
02.01.2024 04:00;02.01.2024 05:00;107,30
02.01.2024 05:00;02.01.2024 06:00;112,78
02.01.2024 06:00;02.01.2024 07:00;140,55
02.01.2024 07:00;02.01.2024 08:00;117,96
02.01.2024 08:00;02.01.2024 09:00;122,89
02.01.2024 09:00;02.01.2024 10:00;122,08
02.01.2024 10:00;02.01.2024 11:00;139,63
02.01.2024 11:00;02.01.2024 12:00;145,75
02.01.2024 12:00;02.01.2024 13:00;131,14
02.01.2024 13:00;02.01.2024 14:00;122,69
02.01.2024 14:00;02.01.2024 15:00;122,86
02.01.2024 15:00;02.01.2024 16:00;140,75
02.01.2024 16:00;02.01.2024 17:00;143,17
02.01.2024 17:00;02.01.2024 18:00;143,24
02.01.2024 18:00;02.01.2024 19:00;130,46
02.01.2024 19:00;02.01.2024 20:00;139,16
02.01.2024 20:00;02.01.2024 21:00;130,53
02.01.2024 21:00;02.01.2024 22:00;121,34
02.01.2024 22:00;02.01.2024 23:00;119,25
02.01.2024 23:00;03.01.2024 00:00;104,45
03.01.2024 00:00;03.01.2024 01:00;105,23
03.01.2024 01:00;03.01.2024 02:00;97,28
03.01.2024 02:00;03.01.2024 03:00;100,58
03.01.2024 03:00;03.01.2024 04:00;106,61
03.01.2024 04:00;03.01.2024 05:00;84,95
03.01.2024 05:00;03.01.2024 06:00;103,86
03.01.2024 06:00;03.01.2024 07:00;109,30
03.01.2024 07:00;03.01.2024 08:00;115,27
03.01.2024 08:00;03.01.2024 09:00;125,83
03.01.2024 09:00;03.01.2024 10:00;149,87
03.01.2024 10:00;03.01.2024 11:00;121,94
03.01.2024 11:00;03.01.2024 12:00;143,91
03.01.2024 12:00;03.01.2024 13:00;112,40
03.01.2024 13:00;03.01.2024 14:00;128,85
03.01.2024 14:00;03.01.2024 15:00;134,80
03.01.2024 15:00;03.01.2024 16:00;140,07
03.01.2024 16:00;03.01.2024 17:00;142,87
03.01.2024 17:00;03.01.2024 18:00;146,33
03.01.2024 18:00;03.01.2024 19:00;134,36
03.01.2024 19:00;03.01.2024 20:00;130,92
03.01.2024 20:00;03.01.2024 21:00;139,52
03.01.2024 21:00;03.01.2024 22:00;116,52
03.01.2024 22:00;03.01.2024 23:00;93,57
03.01.2024 23:00;04.01.2024 00:00;88,26
04.01.2024 00:00;04.01.2024 01:00;86,13
04.01.2024 01:00;04.01.2024 02:00;102,52
04.01.2024 02:00;04.01.2024 03:00;98,90
04.01.2024 03:00;04.01.2024 04:00;107,41
04.01.2024 04:00;04.01.2024 05:00;97,39
04.01.2024 05:00;04.01.2024 06:00;109,69
04.01.2024 06:00;04.01.2024 07:00;122,54
04.01.2024 07:00;04.01.2024 08:00;119,31
04.01.2024 08:00;04.01.2024 09:00;134,69
04.01.2024 09:00;04.01.2024 10:00;124,07
04.01.2024 10:00;04.01.2024 11:00;128,06
04.01.2024 11:00;04.01.2024 12:00;127,80
04.01.2024 12:00;04.01.2024 13:00;118,33
04.01.2024 13:00;04.01.2024 14:00;138,80
04.01.2024 14:00;04.01.2024 15:00;127,30
04.01.2024 15:00;04.01.2024 16:00;133,27
04.01.2024 16:00;04.01.2024 17:00;140,19
04.01.2024 17:00;04.01.2024 18:00;142,26
04.01.2024 18:00;04.01.2024 19:00;146,61
04.01.2024 19:00;04.01.2024 20:00;135,37
04.01.2024 20:00;04.01.2024 21:00;124,23
04.01.2024 21:00;04.01.2024 22:00;117,94
04.01.2024 22:00;04.01.2024 23:00;88,72
04.01.2024 23:00;05.01.2024 00:00;84,58
05.01.2024 00:00;05.01.2024 01:00;81,37
05.01.2024 01:00;05.01.2024 02:00;84,67
05.01.2024 02:00;05.01.2024 03:00;102,07
05.01.2024 03:00;05.01.2024 04:00;88,33
05.01.2024 04:00;05.01.2024 05:00;98,06
05.01.2024 05:00;05.01.2024 06:00;123,45
05.01.2024 06:00;05.01.2024 07:00;110,83
05.01.2024 07:00;05.01.2024 08:00;131,95
05.01.2024 08:00;05.01.2024 09:00;118,09
05.01.2024 09:00;05.01.2024 10:00;129,63
05.01.2024 10:00;05.01.2024 11:00;121,09
05.01.2024 11:00;05.01.2024 12:00;128,39
05.01.2024 12:00;05.01.2024 13:00;142,84
05.01.2024 13:00;05.01.2024 14:00;112,30
05.01.2024 14:00;05.01.2024 15:00;138,22
05.01.2024 15:00;05.01.2024 16:00;136,05
05.01.2024 16:00;05.01.2024 17:00;127,37
05.01.2024 17:00;05.01.2024 18:00;119,62
05.01.2024 18:00;05.01.2024 19:00;139,57
05.01.2024 19:00;05.01.2024 20:00;130,28
05.01.2024 20:00;05.01.2024 21:00;132,18
05.01.2024 21:00;05.01.2024 22:00;119,24
05.01.2024 22:00;05.01.2024 23:00;128,27
05.01.2024 23:00;06.01.2024 00:00;99,15
06.01.2024 00:00;06.01.2024 01:00;85,03
06.01.2024 01:00;06.01.2024 02:00;98,85
06.01.2024 02:00;06.01.2024 03:00;99,98
06.01.2024 03:00;06.01.2024 04:00;115,58
06.01.2024 04:00;06.01.2024 05:00;112,69
06.01.2024 05:00;06.01.2024 06:00;112,21
06.01.2024 06:00;06.01.2024 07:00;132,74
06.01.2024 07:00;06.01.2024 08:00;108,90
06.01.2024 08:00;06.01.2024 09:00;121,68
06.01.2024 09:00;06.01.2024 10:00;121,05
06.01.2024 10:00;06.01.2024 11:00;127,89
06.01.2024 11:00;06.01.2024 12:00;116,01
06.01.2024 12:00;06.01.2024 13:00;140,45
06.01.2024 13:00;06.01.2024 14:00;130,43
06.01.2024 14:00;06.01.2024 15:00;115,43
06.01.2024 15:00;06.01.2024 16:00;121,08
06.01.2024 16:00;06.01.2024 17:00;138,33
06.01.2024 17:00;06.01.2024 18:00;147,10
06.01.2024 18:00;06.01.2024 19:00;162,74
06.01.2024 19:00;06.01.2024 20:00;171,67
06.01.2024 20:00;06.01.2024 21:00;134,43
06.01.2024 21:00;06.01.2024 22:00;107,17
06.01.2024 22:00;06.01.2024 23:00;83,53
06.01.2024 23:00;07.01.2024 00:00;105,30
07.01.2024 00:00;07.01.2024 01:00;87,62
07.01.2024 01:00;07.01.2024 02:00;91,78
07.01.2024 02:00;07.01.2024 03:00;90,06
07.01.2024 03:00;07.01.2024 04:00;97,64
07.01.2024 04:00;07.01.2024 05:00;115,52
07.01.2024 05:00;07.01.2024 06:00;109,88
07.01.2024 06:00;07.01.2024 07:00;113,34
07.01.2024 07:00;07.01.2024 08:00;110,80
07.01.2024 08:00;07.01.2024 09:00;109,33
07.01.2024 09:00;07.01.2024 10:00;126,39
07.01.2024 10:00;07.01.2024 11:00;131,98
07.01.2024 11:00;07.01.2024 12:00;153,81
07.01.2024 12:00;07.01.2024 13:00;134,46
07.01.2024 13:00;07.01.2024 14:00;144,96
07.01.2024 14:00;07.01.2024 15:00;127,15
07.01.2024 15:00;07.01.2024 16:00;119,11
07.01.2024 16:00;07.01.2024 17:00;123,05
07.01.2024 17:00;07.01.2024 18:00;128,40
07.01.2024 18:00;07.01.2024 19:00;164,38
07.01.2024 19:00;07.01.2024 20:00;126,91
07.01.2024 20:00;07.01.2024 21:00;139,58
07.01.2024 21:00;07.01.2024 22:00;108,27
07.01.2024 22:00;07.01.2024 23:00;120,36
07.01.2024 23:00;08.01.2024 00:00;106,77
08.01.2024 00:00;08.01.2024 01:00;95,55
08.01.2024 01:00;08.01.2024 02:00;96,33
08.01.2024 02:00;08.01.2024 03:00;89,60
08.01.2024 03:00;08.01.2024 04:00;104,74
08.01.2024 04:00;08.01.2024 05:00;97,33
08.01.2024 05:00;08.01.2024 06:00;93,34
08.01.2024 06:00;08.01.2024 07:00;99,96
08.01.2024 07:00;08.01.2024 08:00;125,35
08.01.2024 08:00;08.01.2024 09:00;148,43
08.01.2024 09:00;08.01.2024 10:00;134,20
08.01.2024 10:00;08.01.2024 11:00;131,26
08.01.2024 11:00;08.01.2024 12:00;136,08
08.01.2024 12:00;08.01.2024 13:00;148,62
08.01.2024 13:00;08.01.2024 14:00;135,85
08.01.2024 14:00;08.01.2024 15:00;128,27
08.01.2024 15:00;08.01.2024 16:00;146,66
08.01.2024 16:00;08.01.2024 17:00;139,83
08.01.2024 17:00;08.01.2024 18:00;155,59
08.01.2024 18:00;08.01.2024 19:00;141,09
08.01.2024 19:00;08.01.2024 20:00;122,13
08.01.2024 20:00;08.01.2024 21:00;113,16
08.01.2024 21:00;08.01.2024 22:00;138,97
08.01.2024 22:00;08.01.2024 23:00;129,92
08.01.2024 23:00;09.01.2024 00:00;100,05
09.01.2024 00:00;09.01.2024 01:00;92,88
09.01.2024 01:00;09.01.2024 02:00;114,41
09.01.2024 02:00;09.01.2024 03:00;84,22
09.01.2024 03:00;09.01.2024 04:00;88,70
09.01.2024 04:00;09.01.2024 05:00;110,55
09.01.2024 05:00;09.01.2024 06:00;103,36
09.01.2024 06:00;09.01.2024 07:00;115,28
09.01.2024 07:00;09.01.2024 08:00;121,37
09.01.2024 08:00;09.01.2024 09:00;133,58
09.01.2024 09:00;09.01.2024 10:00;149,22
09.01.2024 10:00;09.01.2024 11:00;133,82
09.01.2024 11:00;09.01.2024 12:00;140,42
09.01.2024 12:00;09.01.2024 13:00;108,39
09.01.2024 13:00;09.01.2024 14:00;132,68
09.01.2024 14:00;09.01.2024 15:00;123,13
09.01.2024 15:00;09.01.2024 16:00;118,81
09.01.2024 16:00;09.01.2024 17:00;124,20
09.01.2024 17:00;09.01.2024 18:00;133,20
09.01.2024 18:00;09.01.2024 19:00;149,93
09.01.2024 19:00;09.01.2024 20:00;120,95
09.01.2024 20:00;09.01.2024 21:00;129,99
09.01.2024 21:00;09.01.2024 22:00;113,40
09.01.2024 22:00;09.01.2024 23:00;105,35
09.01.2024 23:00;10.01.2024 00:00;114,29
10.01.2024 00:00;10.01.2024 01:00;103,98
10.01.2024 01:00;10.01.2024 02:00;112,96
10.01.2024 02:00;10.01.2024 03:00;95,69
10.01.2024 03:00;10.01.2024 04:00;91,12
10.01.2024 04:00;10.01.2024 05:00;100,19
10.01.2024 05:00;10.01.2024 06:00;111,05
10.01.2024 06:00;10.01.2024 07:00;117,50
10.01.2024 07:00;10.01.2024 08:00;110,36
10.01.2024 08:00;10.01.2024 09:00;130,65
10.01.2024 09:00;10.01.2024 10:00;135,11
10.01.2024 10:00;10.01.2024 11:00;162,98
10.01.2024 11:00;10.01.2024 12:00;155,26
10.01.2024 12:00;10.01.2024 13:00;122,80
10.01.2024 13:00;10.01.2024 14:00;129,86
10.01.2024 14:00;10.01.2024 15:00;115,72
10.01.2024 15:00;10.01.2024 16:00;126,39
10.01.2024 16:00;10.01.2024 17:00;138,57
10.01.2024 17:00;10.01.2024 18:00;151,72
10.01.2024 18:00;10.01.2024 19:00;130,23
10.01.2024 19:00;10.01.2024 20:00;129,06
10.01.2024 20:00;10.01.2024 21:00;103,90
10.01.2024 21:00;10.01.2024 22:00;117,30
10.01.2024 22:00;10.01.2024 23:00;96,57
10.01.2024 23:00;11.01.2024 00:00;95,94
11.01.2024 00:00;11.01.2024 01:00;87,03
11.01.2024 01:00;11.01.2024 02:00;95,81
11.01.2024 02:00;11.01.2024 03:00;76,49
11.01.2024 03:00;11.01.2024 04:00;81,90
11.01.2024 04:00;11.01.2024 05:00;128,46
11.01.2024 05:00;11.01.2024 06:00;92,72
11.01.2024 06:00;11.01.2024 07:00;102,25
11.01.2024 07:00;11.01.2024 08:00;145,45
11.01.2024 08:00;11.01.2024 09:00;164,46
11.01.2024 09:00;11.01.2024 10:00;118,35
11.01.2024 10:00;11.01.2024 11:00;128,38
11.01.2024 11:00;11.01.2024 12:00;136,87
11.01.2024 12:00;11.01.2024 13:00;153,81
11.01.2024 13:00;11.01.2024 14:00;121,50
11.01.2024 14:00;11.01.2024 15:00;130,38
11.01.2024 15:00;11.01.2024 16:00;142,84
11.01.2024 16:00;11.01.2024 17:00;140,03
11.01.2024 17:00;11.01.2024 18:00;132,77
11.01.2024 18:00;11.01.2024 19:00;137,41
11.01.2024 19:00;11.01.2024 20:00;120,44
11.01.2024 20:00;11.01.2024 21:00;126,84
11.01.2024 21:00;11.01.2024 22:00;116,09
11.01.2024 22:00;11.01.2024 23:00;112,14
11.01.2024 23:00;12.01.2024 00:00;95,67
12.01.2024 00:00;12.01.2024 01:00;103,24
12.01.2024 01:00;12.01.2024 02:00;109,12
12.01.2024 02:00;12.01.2024 03:00;99,47
12.01.2024 03:00;12.01.2024 04:00;103,75
12.01.2024 04:00;12.01.2024 05:00;103,57
12.01.2024 05:00;12.01.2024 06:00;108,20
12.01.2024 06:00;12.01.2024 07:00;106,78
12.01.2024 07:00;12.01.2024 08:00;127,23
12.01.2024 08:00;12.01.2024 09:00;128,46
12.01.2024 09:00;12.01.2024 10:00;157,55
12.01.2024 10:00;12.01.2024 11:00;151,71
12.01.2024 11:00;12.01.2024 12:00;137,42
12.01.2024 12:00;12.01.2024 13:00;123,94
12.01.2024 13:00;12.01.2024 14:00;120,02
12.01.2024 14:00;12.01.2024 15:00;147,64
12.01.2024 15:00;12.01.2024 16:00;136,69
12.01.2024 16:00;12.01.2024 17:00;140,60
12.01.2024 17:00;12.01.2024 18:00;116,38
12.01.2024 18:00;12.01.2024 19:00;150,17
12.01.2024 19:00;12.01.2024 20:00;142,42
12.01.2024 20:00;12.01.2024 21:00;116,40
12.01.2024 21:00;12.01.2024 22:00;113,65
12.01.2024 22:00;12.01.2024 23:00;112,55
12.01.2024 23:00;13.01.2024 00:00;102,99
13.01.2024 00:00;13.01.2024 01:00;94,09
13.01.2024 01:00;13.01.2024 02:00;95,75
13.01.2024 02:00;13.01.2024 03:00;94,60
13.01.2024 03:00;13.01.2024 04:00;101,38
13.01.2024 04:00;13.01.2024 05:00;120,61
13.01.2024 05:00;13.01.2024 06:00;77,42
13.01.2024 06:00;13.01.2024 07:00;112,62
13.01.2024 07:00;13.01.2024 08:00;125,57
13.01.2024 08:00;13.01.2024 09:00;133,20
13.01.2024 09:00;13.01.2024 10:00;127,99
13.01.2024 10:00;13.01.2024 11:00;111,77
13.01.2024 11:00;13.01.2024 12:00;136,75
13.01.2024 12:00;13.01.2024 13:00;153,84
13.01.2024 13:00;13.01.2024 14:00;114,98
13.01.2024 14:00;13.01.2024 15:00;143,73
13.01.2024 15:00;13.01.2024 16:00;129,61
13.01.2024 16:00;13.01.2024 17:00;134,12
13.01.2024 17:00;13.01.2024 18:00;124,69
13.01.2024 18:00;13.01.2024 19:00;135,05
13.01.2024 19:00;13.01.2024 20:00;152,59
13.01.2024 20:00;13.01.2024 21:00;136,73
13.01.2024 21:00;13.01.2024 22:00;140,12
13.01.2024 22:00;13.01.2024 23:00;123,53
13.01.2024 23:00;14.01.2024 00:00;107,64
14.01.2024 00:00;14.01.2024 01:00;118,54
14.01.2024 01:00;14.01.2024 02:00;102,27
14.01.2024 02:00;14.01.2024 03:00;107,57
14.01.2024 03:00;14.01.2024 04:00;96,00
14.01.2024 04:00;14.01.2024 05:00;103,76
14.01.2024 05:00;14.01.2024 06:00;99,86
14.01.2024 06:00;14.01.2024 07:00;127,35
14.01.2024 07:00;14.01.2024 08:00;109,32
14.01.2024 08:00;14.01.2024 09:00;139,04
14.01.2024 09:00;14.01.2024 10:00;130,17
14.01.2024 10:00;14.01.2024 11:00;146,91
14.01.2024 11:00;14.01.2024 12:00;141,83
14.01.2024 12:00;14.01.2024 13:00;154,97
14.01.2024 13:00;14.01.2024 14:00;142,17
14.01.2024 14:00;14.01.2024 15:00;114,51
14.01.2024 15:00;14.01.2024 16:00;132,76
14.01.2024 16:00;14.01.2024 17:00;120,80
14.01.2024 17:00;14.01.2024 18:00;131,12
14.01.2024 18:00;14.01.2024 19:00;157,20
14.01.2024 19:00;14.01.2024 20:00;144,65
14.01.2024 20:00;14.01.2024 21:00;121,37
14.01.2024 21:00;14.01.2024 22:00;107,18
14.01.2024 22:00;14.01.2024 23:00;109,80
14.01.2024 23:00;15.01.2024 00:00;87,79
15.01.2024 00:00;15.01.2024 01:00;89,56
15.01.2024 01:00;15.01.2024 02:00;100,75
15.01.2024 02:00;15.01.2024 03:00;111,50
15.01.2024 03:00;15.01.2024 04:00;106,87
15.01.2024 04:00;15.01.2024 05:00;75,47
15.01.2024 05:00;15.01.2024 06:00;111,88
15.01.2024 06:00;15.01.2024 07:00;116,34
15.01.2024 07:00;15.01.2024 08:00;128,43
15.01.2024 08:00;15.01.2024 09:00;149,05
15.01.2024 09:00;15.01.2024 10:00;107,71
15.01.2024 10:00;15.01.2024 11:00;125,77
15.01.2024 11:00;15.01.2024 12:00;139,92
15.01.2024 12:00;15.01.2024 13:00;114,15
15.01.2024 13:00;15.01.2024 14:00;151,11
15.01.2024 14:00;15.01.2024 15:00;137,80
15.01.2024 15:00;15.01.2024 16:00;143,73
15.01.2024 16:00;15.01.2024 17:00;128,02
15.01.2024 17:00;15.01.2024 18:00;147,11
15.01.2024 18:00;15.01.2024 19:00;151,90
15.01.2024 19:00;15.01.2024 20:00;139,79
15.01.2024 20:00;15.01.2024 21:00;132,57
15.01.2024 21:00;15.01.2024 22:00;122,59
15.01.2024 22:00;15.01.2024 23:00;99,05
15.01.2024 23:00;16.01.2024 00:00;100,62
16.01.2024 00:00;16.01.2024 01:00;95,78
16.01.2024 01:00;16.01.2024 02:00;101,60
16.01.2024 02:00;16.01.2024 03:00;109,63
16.01.2024 03:00;16.01.2024 04:00;86,86
16.01.2024 04:00;16.01.2024 05:00;101,46
16.01.2024 05:00;16.01.2024 06:00;126,01
16.01.2024 06:00;16.01.2024 07:00;106,55
16.01.2024 07:00;16.01.2024 08:00;113,59
16.01.2024 08:00;16.01.2024 09:00;132,08
16.01.2024 09:00;16.01.2024 10:00;142,59
16.01.2024 10:00;16.01.2024 11:00;133,00
16.01.2024 11:00;16.01.2024 12:00;148,77
16.01.2024 12:00;16.01.2024 13:00;143,41
16.01.2024 13:00;16.01.2024 14:00;143,50
16.01.2024 14:00;16.01.2024 15:00;140,02
16.01.2024 15:00;16.01.2024 16:00;161,50
16.01.2024 16:00;16.01.2024 17:00;132,40
16.01.2024 17:00;16.01.2024 18:00;113,30
16.01.2024 18:00;16.01.2024 19:00;158,32
16.01.2024 19:00;16.01.2024 20:00;131,50
16.01.2024 20:00;16.01.2024 21:00;131,05
16.01.2024 21:00;16.01.2024 22:00;135,05
16.01.2024 22:00;16.01.2024 23:00;90,18
16.01.2024 23:00;17.01.2024 00:00;87,37
17.01.2024 00:00;17.01.2024 01:00;78,38
17.01.2024 01:00;17.01.2024 02:00;87,46
17.01.2024 02:00;17.01.2024 03:00;102,90
17.01.2024 03:00;17.01.2024 04:00;105,84
17.01.2024 04:00;17.01.2024 05:00;106,27
17.01.2024 05:00;17.01.2024 06:00;91,26
17.01.2024 06:00;17.01.2024 07:00;87,74
17.01.2024 07:00;17.01.2024 08:00;124,10
17.01.2024 08:00;17.01.2024 09:00;123,98
17.01.2024 09:00;17.01.2024 10:00;137,96
17.01.2024 10:00;17.01.2024 11:00;141,27
17.01.2024 11:00;17.01.2024 12:00;134,47
17.01.2024 12:00;17.01.2024 13:00;142,24
17.01.2024 13:00;17.01.2024 14:00;136,14
17.01.2024 14:00;17.01.2024 15:00;139,72
17.01.2024 15:00;17.01.2024 16:00;125,10
17.01.2024 16:00;17.01.2024 17:00;132,70
17.01.2024 17:00;17.01.2024 18:00;139,69
17.01.2024 18:00;17.01.2024 19:00;148,91
17.01.2024 19:00;17.01.2024 20:00;132,26
17.01.2024 20:00;17.01.2024 21:00;136,00
17.01.2024 21:00;17.01.2024 22:00;116,14
17.01.2024 22:00;17.01.2024 23:00;107,99
17.01.2024 23:00;18.01.2024 00:00;112,33
18.01.2024 00:00;18.01.2024 01:00;73,66
18.01.2024 01:00;18.01.2024 02:00;81,41
18.01.2024 02:00;18.01.2024 03:00;79,82
18.01.2024 03:00;18.01.2024 04:00;71,53
18.01.2024 04:00;18.01.2024 05:00;94,79
18.01.2024 05:00;18.01.2024 06:00;117,19
18.01.2024 06:00;18.01.2024 07:00;112,02
18.01.2024 07:00;18.01.2024 08:00;125,80
18.01.2024 08:00;18.01.2024 09:00;142,70
18.01.2024 09:00;18.01.2024 10:00;148,36
18.01.2024 10:00;18.01.2024 11:00;132,00
18.01.2024 11:00;18.01.2024 12:00;149,04
18.01.2024 12:00;18.01.2024 13:00;134,20
18.01.2024 13:00;18.01.2024 14:00;123,32
18.01.2024 14:00;18.01.2024 15:00;126,21
18.01.2024 15:00;18.01.2024 16:00;115,77
18.01.2024 16:00;18.01.2024 17:00;124,18
18.01.2024 17:00;18.01.2024 18:00;133,01
18.01.2024 18:00;18.01.2024 19:00;148,68
18.01.2024 19:00;18.01.2024 20:00;157,62
18.01.2024 20:00;18.01.2024 21:00;113,14
18.01.2024 21:00;18.01.2024 22:00;124,02
18.01.2024 22:00;18.01.2024 23:00;96,89
18.01.2024 23:00;19.01.2024 00:00;108,05
19.01.2024 00:00;19.01.2024 01:00;95,98
19.01.2024 01:00;19.01.2024 02:00;74,97
19.01.2024 02:00;19.01.2024 03:00;108,72
19.01.2024 03:00;19.01.2024 04:00;92,25
19.01.2024 04:00;19.01.2024 05:00;96,50
19.01.2024 05:00;19.01.2024 06:00;95,34
19.01.2024 06:00;19.01.2024 07:00;107,56
19.01.2024 07:00;19.01.2024 08:00;128,54
19.01.2024 08:00;19.01.2024 09:00;127,33
19.01.2024 09:00;19.01.2024 10:00;136,35
19.01.2024 10:00;19.01.2024 11:00;137,15
19.01.2024 11:00;19.01.2024 12:00;148,62
19.01.2024 12:00;19.01.2024 13:00;128,96
19.01.2024 13:00;19.01.2024 14:00;115,62
19.01.2024 14:00;19.01.2024 15:00;146,13
19.01.2024 15:00;19.01.2024 16:00;129,53
19.01.2024 16:00;19.01.2024 17:00;148,19
19.01.2024 17:00;19.01.2024 18:00;141,88
19.01.2024 18:00;19.01.2024 19:00;137,44
19.01.2024 19:00;19.01.2024 20:00;141,13
19.01.2024 20:00;19.01.2024 21:00;153,11
19.01.2024 21:00;19.01.2024 22:00;144,21
19.01.2024 22:00;19.01.2024 23:00;110,19
19.01.2024 23:00;20.01.2024 00:00;104,25
20.01.2024 00:00;20.01.2024 01:00;110,44
20.01.2024 01:00;20.01.2024 02:00;86,76
20.01.2024 02:00;20.01.2024 03:00;101,54
20.01.2024 03:00;20.01.2024 04:00;99,16
20.01.2024 04:00;20.01.2024 05:00;106,64
20.01.2024 05:00;20.01.2024 06:00;98,14
20.01.2024 06:00;20.01.2024 07:00;96,31
20.01.2024 07:00;20.01.2024 08:00;98,50
20.01.2024 08:00;20.01.2024 09:00;116,16
20.01.2024 09:00;20.01.2024 10:00;126,87
20.01.2024 10:00;20.01.2024 11:00;129,25
20.01.2024 11:00;20.01.2024 12:00;155,98
20.01.2024 12:00;20.01.2024 13:00;146,31
20.01.2024 13:00;20.01.2024 14:00;121,76
20.01.2024 14:00;20.01.2024 15:00;137,46
20.01.2024 15:00;20.01.2024 16:00;128,59
20.01.2024 16:00;20.01.2024 17:00;131,37
20.01.2024 17:00;20.01.2024 18:00;139,48
20.01.2024 18:00;20.01.2024 19:00;146,41
20.01.2024 19:00;20.01.2024 20:00;132,84
20.01.2024 20:00;20.01.2024 21:00;142,43
20.01.2024 21:00;20.01.2024 22:00;105,55
20.01.2024 22:00;20.01.2024 23:00;109,40
20.01.2024 23:00;21.01.2024 00:00;133,47
21.01.2024 00:00;21.01.2024 01:00;100,16
21.01.2024 01:00;21.01.2024 02:00;114,07
21.01.2024 02:00;21.01.2024 03:00;98,60
21.01.2024 03:00;21.01.2024 04:00;106,40
21.01.2024 04:00;21.01.2024 05:00;102,15
21.01.2024 05:00;21.01.2024 06:00;106,05
21.01.2024 06:00;21.01.2024 07:00;105,99
21.01.2024 07:00;21.01.2024 08:00;128,50
21.01.2024 08:00;21.01.2024 09:00;119,31
21.01.2024 09:00;21.01.2024 10:00;140,32
21.01.2024 10:00;21.01.2024 11:00;145,75
21.01.2024 11:00;21.01.2024 12:00;137,09
21.01.2024 12:00;21.01.2024 13:00;129,56
21.01.2024 13:00;21.01.2024 14:00;138,71
21.01.2024 14:00;21.01.2024 15:00;129,54
21.01.2024 15:00;21.01.2024 16:00;144,66
21.01.2024 16:00;21.01.2024 17:00;112,76
21.01.2024 17:00;21.01.2024 18:00;133,18
21.01.2024 18:00;21.01.2024 19:00;115,05
21.01.2024 19:00;21.01.2024 20:00;118,93
21.01.2024 20:00;21.01.2024 21:00;145,99
21.01.2024 21:00;21.01.2024 22:00;129,95
21.01.2024 22:00;21.01.2024 23:00;100,65
21.01.2024 23:00;22.01.2024 00:00;84,23
22.01.2024 00:00;22.01.2024 01:00;61,86
22.01.2024 01:00;22.01.2024 02:00;90,30
22.01.2024 02:00;22.01.2024 03:00;126,50
22.01.2024 03:00;22.01.2024 04:00;104,60
22.01.2024 04:00;22.01.2024 05:00;96,07
22.01.2024 05:00;22.01.2024 06:00;113,63
22.01.2024 06:00;22.01.2024 07:00;96,56
22.01.2024 07:00;22.01.2024 08:00;119,72
22.01.2024 08:00;22.01.2024 09:00;130,67
22.01.2024 09:00;22.01.2024 10:00;131,25
22.01.2024 10:00;22.01.2024 11:00;142,17
22.01.2024 11:00;22.01.2024 12:00;136,78
22.01.2024 12:00;22.01.2024 13:00;140,97
22.01.2024 13:00;22.01.2024 14:00;124,96
22.01.2024 14:00;22.01.2024 15:00;143,97
22.01.2024 15:00;22.01.2024 16:00;152,93
22.01.2024 16:00;22.01.2024 17:00;123,05
22.01.2024 17:00;22.01.2024 18:00;126,51
22.01.2024 18:00;22.01.2024 19:00;154,92
22.01.2024 19:00;22.01.2024 20:00;134,52
22.01.2024 20:00;22.01.2024 21:00;146,42
22.01.2024 21:00;22.01.2024 22:00;113,85
22.01.2024 22:00;22.01.2024 23:00;126,69
22.01.2024 23:00;23.01.2024 00:00;103,79
23.01.2024 00:00;23.01.2024 01:00;100,48
23.01.2024 01:00;23.01.2024 02:00;115,54
23.01.2024 02:00;23.01.2024 03:00;93,06
23.01.2024 03:00;23.01.2024 04:00;88,04
23.01.2024 04:00;23.01.2024 05:00;97,35
23.01.2024 05:00;23.01.2024 06:00;113,42
23.01.2024 06:00;23.01.2024 07:00;96,45
23.01.2024 07:00;23.01.2024 08:00;130,88
23.01.2024 08:00;23.01.2024 09:00;122,96
23.01.2024 09:00;23.01.2024 10:00;146,00
23.01.2024 10:00;23.01.2024 11:00;103,90
23.01.2024 11:00;23.01.2024 12:00;123,15
23.01.2024 12:00;23.01.2024 13:00;112,66
23.01.2024 13:00;23.01.2024 14:00;123,25
23.01.2024 14:00;23.01.2024 15:00;136,11
23.01.2024 15:00;23.01.2024 16:00;131,18
23.01.2024 16:00;23.01.2024 17:00;131,59
23.01.2024 17:00;23.01.2024 18:00;135,20
23.01.2024 18:00;23.01.2024 19:00;141,28
23.01.2024 19:00;23.01.2024 20:00;124,66
23.01.2024 20:00;23.01.2024 21:00;138,00
23.01.2024 21:00;23.01.2024 22:00;127,06
23.01.2024 22:00;23.01.2024 23:00;113,80
23.01.2024 23:00;24.01.2024 00:00;108,83
24.01.2024 00:00;24.01.2024 01:00;100,87
24.01.2024 01:00;24.01.2024 02:00;121,12
24.01.2024 02:00;24.01.2024 03:00;96,29
24.01.2024 03:00;24.01.2024 04:00;95,58
24.01.2024 04:00;24.01.2024 05:00;93,63
24.01.2024 05:00;24.01.2024 06:00;95,54
24.01.2024 06:00;24.01.2024 07:00;100,24
24.01.2024 07:00;24.01.2024 08:00;112,50
24.01.2024 08:00;24.01.2024 09:00;128,51
24.01.2024 09:00;24.01.2024 10:00;136,18
24.01.2024 10:00;24.01.2024 11:00;133,18
24.01.2024 11:00;24.01.2024 12:00;123,34
24.01.2024 12:00;24.01.2024 13:00;143,63
24.01.2024 13:00;24.01.2024 14:00;141,97
24.01.2024 14:00;24.01.2024 15:00;131,16
24.01.2024 15:00;24.01.2024 16:00;125,43
24.01.2024 16:00;24.01.2024 17:00;141,15
24.01.2024 17:00;24.01.2024 18:00;139,30
24.01.2024 18:00;24.01.2024 19:00;121,40
24.01.2024 19:00;24.01.2024 20:00;135,88
24.01.2024 20:00;24.01.2024 21:00;132,60
24.01.2024 21:00;24.01.2024 22:00;108,25
24.01.2024 22:00;24.01.2024 23:00;111,39
24.01.2024 23:00;25.01.2024 00:00;84,63
25.01.2024 00:00;25.01.2024 01:00;113,28
25.01.2024 01:00;25.01.2024 02:00;111,61
25.01.2024 02:00;25.01.2024 03:00;94,24
25.01.2024 03:00;25.01.2024 04:00;103,56
25.01.2024 04:00;25.01.2024 05:00;73,68
25.01.2024 05:00;25.01.2024 06:00;93,99
25.01.2024 06:00;25.01.2024 07:00;111,58
25.01.2024 07:00;25.01.2024 08:00;110,23
25.01.2024 08:00;25.01.2024 09:00;137,86
25.01.2024 09:00;25.01.2024 10:00;156,06
25.01.2024 10:00;25.01.2024 11:00;118,37
25.01.2024 11:00;25.01.2024 12:00;122,41
25.01.2024 12:00;25.01.2024 13:00;135,59
25.01.2024 13:00;25.01.2024 14:00;152,36
25.01.2024 14:00;25.01.2024 15:00;118,34
25.01.2024 15:00;25.01.2024 16:00;136,19
25.01.2024 16:00;25.01.2024 17:00;156,36
25.01.2024 17:00;25.01.2024 18:00;117,15
25.01.2024 18:00;25.01.2024 19:00;123,33
25.01.2024 19:00;25.01.2024 20:00;131,55
25.01.2024 20:00;25.01.2024 21:00;123,14
25.01.2024 21:00;25.01.2024 22:00;128,73
25.01.2024 22:00;25.01.2024 23:00;111,94
25.01.2024 23:00;26.01.2024 00:00;80,72
26.01.2024 00:00;26.01.2024 01:00;103,35
26.01.2024 01:00;26.01.2024 02:00;89,63
26.01.2024 02:00;26.01.2024 03:00;112,48
26.01.2024 03:00;26.01.2024 04:00;91,59
26.01.2024 04:00;26.01.2024 05:00;94,88
26.01.2024 05:00;26.01.2024 06:00;114,28
26.01.2024 06:00;26.01.2024 07:00;124,18
26.01.2024 07:00;26.01.2024 08:00;128,40
26.01.2024 08:00;26.01.2024 09:00;108,98
26.01.2024 09:00;26.01.2024 10:00;138,47
26.01.2024 10:00;26.01.2024 11:00;120,00
26.01.2024 11:00;26.01.2024 12:00;135,20
26.01.2024 12:00;26.01.2024 13:00;115,60
26.01.2024 13:00;26.01.2024 14:00;138,31
26.01.2024 14:00;26.01.2024 15:00;123,25
26.01.2024 15:00;26.01.2024 16:00;117,73
26.01.2024 16:00;26.01.2024 17:00;142,99
26.01.2024 17:00;26.01.2024 18:00;139,80
26.01.2024 18:00;26.01.2024 19:00;131,26
26.01.2024 19:00;26.01.2024 20:00;153,97
26.01.2024 20:00;26.01.2024 21:00;124,02
26.01.2024 21:00;26.01.2024 22:00;119,28
26.01.2024 22:00;26.01.2024 23:00;112,19
26.01.2024 23:00;27.01.2024 00:00;94,51
27.01.2024 00:00;27.01.2024 01:00;102,74
27.01.2024 01:00;27.01.2024 02:00;90,07
27.01.2024 02:00;27.01.2024 03:00;92,17
27.01.2024 03:00;27.01.2024 04:00;115,39
27.01.2024 04:00;27.01.2024 05:00;89,95
27.01.2024 05:00;27.01.2024 06:00;78,75
27.01.2024 06:00;27.01.2024 07:00;134,28
27.01.2024 07:00;27.01.2024 08:00;153,53
27.01.2024 08:00;27.01.2024 09:00;124,26
27.01.2024 09:00;27.01.2024 10:00;108,69
27.01.2024 10:00;27.01.2024 11:00;128,61
27.01.2024 11:00;27.01.2024 12:00;128,86
27.01.2024 12:00;27.01.2024 13:00;130,32
27.01.2024 13:00;27.01.2024 14:00;119,51
27.01.2024 14:00;27.01.2024 15:00;139,80
27.01.2024 15:00;27.01.2024 16:00;139,33
27.01.2024 16:00;27.01.2024 17:00;116,41
27.01.2024 17:00;27.01.2024 18:00;145,20
27.01.2024 18:00;27.01.2024 19:00;163,17
27.01.2024 19:00;27.01.2024 20:00;138,53
27.01.2024 20:00;27.01.2024 21:00;125,18
27.01.2024 21:00;27.01.2024 22:00;117,11
27.01.2024 22:00;27.01.2024 23:00;116,27
27.01.2024 23:00;28.01.2024 00:00;81,09
28.01.2024 00:00;28.01.2024 01:00;98,96
28.01.2024 01:00;28.01.2024 02:00;91,69
28.01.2024 02:00;28.01.2024 03:00;119,19
28.01.2024 03:00;28.01.2024 04:00;96,85
28.01.2024 04:00;28.01.2024 05:00;122,36
28.01.2024 05:00;28.01.2024 06:00;94,36
28.01.2024 06:00;28.01.2024 07:00;121,90
28.01.2024 07:00;28.01.2024 08:00;126,67
28.01.2024 08:00;28.01.2024 09:00;118,61
28.01.2024 09:00;28.01.2024 10:00;133,97
28.01.2024 10:00;28.01.2024 11:00;146,79
28.01.2024 11:00;28.01.2024 12:00;128,32
28.01.2024 12:00;28.01.2024 13:00;112,20
28.01.2024 13:00;28.01.2024 14:00;132,57
28.01.2024 14:00;28.01.2024 15:00;121,93
28.01.2024 15:00;28.01.2024 16:00;128,84
28.01.2024 16:00;28.01.2024 17:00;133,27
28.01.2024 17:00;28.01.2024 18:00;116,25
28.01.2024 18:00;28.01.2024 19:00;119,06
28.01.2024 19:00;28.01.2024 20:00;142,16
28.01.2024 20:00;28.01.2024 21:00;122,86
28.01.2024 21:00;28.01.2024 22:00;87,94
28.01.2024 22:00;28.01.2024 23:00;118,21
28.01.2024 23:00;29.01.2024 00:00;105,03
29.01.2024 00:00;29.01.2024 01:00;88,32
29.01.2024 01:00;29.01.2024 02:00;80,48
29.01.2024 02:00;29.01.2024 03:00;106,95
29.01.2024 03:00;29.01.2024 04:00;103,04
29.01.2024 04:00;29.01.2024 05:00;130,84
29.01.2024 05:00;29.01.2024 06:00;112,55
29.01.2024 06:00;29.01.2024 07:00;119,41
29.01.2024 07:00;29.01.2024 08:00;120,74
29.01.2024 08:00;29.01.2024 09:00;138,74
29.01.2024 09:00;29.01.2024 10:00;139,24
29.01.2024 10:00;29.01.2024 11:00;147,16
29.01.2024 11:00;29.01.2024 12:00;125,85
29.01.2024 12:00;29.01.2024 13:00;127,18
29.01.2024 13:00;29.01.2024 14:00;126,93
29.01.2024 14:00;29.01.2024 15:00;142,15
29.01.2024 15:00;29.01.2024 16:00;150,83
29.01.2024 16:00;29.01.2024 17:00;128,64
29.01.2024 17:00;29.01.2024 18:00;131,52
29.01.2024 18:00;29.01.2024 19:00;142,12
29.01.2024 19:00;29.01.2024 20:00;133,33
29.01.2024 20:00;29.01.2024 21:00;140,46
29.01.2024 21:00;29.01.2024 22:00;91,60
29.01.2024 22:00;29.01.2024 23:00;98,77
29.01.2024 23:00;30.01.2024 00:00;92,28
30.01.2024 00:00;30.01.2024 01:00;68,94
30.01.2024 01:00;30.01.2024 02:00;84,61
30.01.2024 02:00;30.01.2024 03:00;85,83
30.01.2024 03:00;30.01.2024 04:00;96,32
30.01.2024 04:00;30.01.2024 05:00;115,49
30.01.2024 05:00;30.01.2024 06:00;104,46
30.01.2024 06:00;30.01.2024 07:00;102,28
30.01.2024 07:00;30.01.2024 08:00;121,95
30.01.2024 08:00;30.01.2024 09:00;141,42
30.01.2024 09:00;30.01.2024 10:00;119,92
30.01.2024 10:00;30.01.2024 11:00;121,11
30.01.2024 11:00;30.01.2024 12:00;138,70
30.01.2024 12:00;30.01.2024 13:00;129,64
30.01.2024 13:00;30.01.2024 14:00;140,34
30.01.2024 14:00;30.01.2024 15:00;132,39
30.01.2024 15:00;30.01.2024 16:00;141,16
30.01.2024 16:00;30.01.2024 17:00;121,62
30.01.2024 17:00;30.01.2024 18:00;136,37
30.01.2024 18:00;30.01.2024 19:00;135,72
30.01.2024 19:00;30.01.2024 20:00;121,58
30.01.2024 20:00;30.01.2024 21:00;110,17
30.01.2024 21:00;30.01.2024 22:00;126,74
30.01.2024 22:00;30.01.2024 23:00;104,37
30.01.2024 23:00;31.01.2024 00:00;89,29
31.01.2024 00:00;31.01.2024 01:00;95,52
31.01.2024 01:00;31.01.2024 02:00;109,60
31.01.2024 02:00;31.01.2024 03:00;69,33
31.01.2024 03:00;31.01.2024 04:00;80,66
31.01.2024 04:00;31.01.2024 05:00;90,95
31.01.2024 05:00;31.01.2024 06:00;124,82
31.01.2024 06:00;31.01.2024 07:00;117,92
31.01.2024 07:00;31.01.2024 08:00;131,73
31.01.2024 08:00;31.01.2024 09:00;115,03
31.01.2024 09:00;31.01.2024 10:00;118,09
31.01.2024 10:00;31.01.2024 11:00;137,29
31.01.2024 11:00;31.01.2024 12:00;132,58
31.01.2024 12:00;31.01.2024 13:00;138,77
31.01.2024 13:00;31.01.2024 14:00;130,21
31.01.2024 14:00;31.01.2024 15:00;135,77
31.01.2024 15:00;31.01.2024 16:00;134,52
31.01.2024 16:00;31.01.2024 17:00;143,26
31.01.2024 17:00;31.01.2024 18:00;146,09
31.01.2024 18:00;31.01.2024 19:00;118,69
31.01.2024 19:00;31.01.2024 20:00;109,09
31.01.2024 20:00;31.01.2024 21:00;140,83
31.01.2024 21:00;31.01.2024 22:00;132,65
31.01.2024 22:00;31.01.2024 23:00;96,22
31.01.2024 23:00;01.02.2024 00:00;79,13
01.02.2024 00:00;01.02.2024 01:00;97,74
01.02.2024 01:00;01.02.2024 02:00;107,11
01.02.2024 02:00;01.02.2024 03:00;118,15
01.02.2024 03:00;01.02.2024 04:00;104,70
01.02.2024 04:00;01.02.2024 05:00;97,44
01.02.2024 05:00;01.02.2024 06:00;96,45
01.02.2024 06:00;01.02.2024 07:00;114,55
01.02.2024 07:00;01.02.2024 08:00;118,81
01.02.2024 08:00;01.02.2024 09:00;116,42
01.02.2024 09:00;01.02.2024 10:00;155,99
01.02.2024 10:00;01.02.2024 11:00;153,22
01.02.2024 11:00;01.02.2024 12:00;145,40
01.02.2024 12:00;01.02.2024 13:00;121,02
01.02.2024 13:00;01.02.2024 14:00;142,60
01.02.2024 14:00;01.02.2024 15:00;139,99
01.02.2024 15:00;01.02.2024 16:00;137,82
01.02.2024 16:00;01.02.2024 17:00;148,80
01.02.2024 17:00;01.02.2024 18:00;143,91
01.02.2024 18:00;01.02.2024 19:00;146,89
01.02.2024 19:00;01.02.2024 20:00;143,58
01.02.2024 20:00;01.02.2024 21:00;132,78
01.02.2024 21:00;01.02.2024 22:00;96,88
01.02.2024 22:00;01.02.2024 23:00;109,36
01.02.2024 23:00;02.02.2024 00:00;94,65
02.02.2024 00:00;02.02.2024 01:00;81,06
02.02.2024 01:00;02.02.2024 02:00;115,99
02.02.2024 02:00;02.02.2024 03:00;117,20
02.02.2024 03:00;02.02.2024 04:00;114,69
02.02.2024 04:00;02.02.2024 05:00;104,84
02.02.2024 05:00;02.02.2024 06:00;123,25
02.02.2024 06:00;02.02.2024 07:00;114,43
02.02.2024 07:00;02.02.2024 08:00;124,71
02.02.2024 08:00;02.02.2024 09:00;115,35
02.02.2024 09:00;02.02.2024 10:00;136,04
02.02.2024 10:00;02.02.2024 11:00;132,40
02.02.2024 11:00;02.02.2024 12:00;116,00
02.02.2024 12:00;02.02.2024 13:00;131,32
02.02.2024 13:00;02.02.2024 14:00;131,25
02.02.2024 14:00;02.02.2024 15:00;153,76
02.02.2024 15:00;02.02.2024 16:00;143,11
02.02.2024 16:00;02.02.2024 17:00;133,82
02.02.2024 17:00;02.02.2024 18:00;139,14
02.02.2024 18:00;02.02.2024 19:00;138,41
02.02.2024 19:00;02.02.2024 20:00;133,37
02.02.2024 20:00;02.02.2024 21:00;115,58
02.02.2024 21:00;02.02.2024 22:00;116,34
02.02.2024 22:00;02.02.2024 23:00;99,27
02.02.2024 23:00;03.02.2024 00:00;86,19
03.02.2024 00:00;03.02.2024 01:00;102,42
03.02.2024 01:00;03.02.2024 02:00;100,37
03.02.2024 02:00;03.02.2024 03:00;74,87
03.02.2024 03:00;03.02.2024 04:00;96,77
03.02.2024 04:00;03.02.2024 05:00;113,59
03.02.2024 05:00;03.02.2024 06:00;119,62
03.02.2024 06:00;03.02.2024 07:00;126,46
03.02.2024 07:00;03.02.2024 08:00;122,61
03.02.2024 08:00;03.02.2024 09:00;118,19
03.02.2024 09:00;03.02.2024 10:00;118,14
03.02.2024 10:00;03.02.2024 11:00;135,67
03.02.2024 11:00;03.02.2024 12:00;136,05
03.02.2024 12:00;03.02.2024 13:00;147,25
03.02.2024 13:00;03.02.2024 14:00;145,27
03.02.2024 14:00;03.02.2024 15:00;130,47
03.02.2024 15:00;03.02.2024 16:00;117,31
03.02.2024 16:00;03.02.2024 17:00;129,72
03.02.2024 17:00;03.02.2024 18:00;138,63
03.02.2024 18:00;03.02.2024 19:00;135,32
03.02.2024 19:00;03.02.2024 20:00;128,74
03.02.2024 20:00;03.02.2024 21:00;131,47
03.02.2024 21:00;03.02.2024 22:00;111,97
03.02.2024 22:00;03.02.2024 23:00;100,55
03.02.2024 23:00;04.02.2024 00:00;104,80
04.02.2024 00:00;04.02.2024 01:00;91,32
04.02.2024 01:00;04.02.2024 02:00;98,47
04.02.2024 02:00;04.02.2024 03:00;99,45
04.02.2024 03:00;04.02.2024 04:00;84,43
04.02.2024 04:00;04.02.2024 05:00;95,72
04.02.2024 05:00;04.02.2024 06:00;124,02
04.02.2024 06:00;04.02.2024 07:00;100,06
04.02.2024 07:00;04.02.2024 08:00;96,60
04.02.2024 08:00;04.02.2024 09:00;105,85
04.02.2024 09:00;04.02.2024 10:00;131,35
04.02.2024 10:00;04.02.2024 11:00;131,77
04.02.2024 11:00;04.02.2024 12:00;129,95
04.02.2024 12:00;04.02.2024 13:00;146,23
04.02.2024 13:00;04.02.2024 14:00;99,86
04.02.2024 14:00;04.02.2024 15:00;136,66
04.02.2024 15:00;04.02.2024 16:00;150,84
04.02.2024 16:00;04.02.2024 17:00;119,87
04.02.2024 17:00;04.02.2024 18:00;131,32
04.02.2024 18:00;04.02.2024 19:00;128,57
04.02.2024 19:00;04.02.2024 20:00;124,80
04.02.2024 20:00;04.02.2024 21:00;124,37
04.02.2024 21:00;04.02.2024 22:00;135,01
04.02.2024 22:00;04.02.2024 23:00;130,00
04.02.2024 23:00;05.02.2024 00:00;96,89
05.02.2024 00:00;05.02.2024 01:00;118,86
05.02.2024 01:00;05.02.2024 02:00;95,81
05.02.2024 02:00;05.02.2024 03:00;117,07
05.02.2024 03:00;05.02.2024 04:00;96,83
05.02.2024 04:00;05.02.2024 05:00;102,92
05.02.2024 05:00;05.02.2024 06:00;111,00
05.02.2024 06:00;05.02.2024 07:00;152,01
05.02.2024 07:00;05.02.2024 08:00;132,06
05.02.2024 08:00;05.02.2024 09:00;119,56
05.02.2024 09:00;05.02.2024 10:00;142,48
05.02.2024 10:00;05.02.2024 11:00;126,91
05.02.2024 11:00;05.02.2024 12:00;125,33
05.02.2024 12:00;05.02.2024 13:00;142,42
05.02.2024 13:00;05.02.2024 14:00;132,16
05.02.2024 14:00;05.02.2024 15:00;135,11
05.02.2024 15:00;05.02.2024 16:00;132,12
05.02.2024 16:00;05.02.2024 17:00;137,29
05.02.2024 17:00;05.02.2024 18:00;140,83
05.02.2024 18:00;05.02.2024 19:00;114,21
05.02.2024 19:00;05.02.2024 20:00;143,38
05.02.2024 20:00;05.02.2024 21:00;116,36
05.02.2024 21:00;05.02.2024 22:00;100,42
05.02.2024 22:00;05.02.2024 23:00;107,10
05.02.2024 23:00;06.02.2024 00:00;101,78
06.02.2024 00:00;06.02.2024 01:00;87,52
06.02.2024 01:00;06.02.2024 02:00;105,20
06.02.2024 02:00;06.02.2024 03:00;79,76
06.02.2024 03:00;06.02.2024 04:00;92,91
06.02.2024 04:00;06.02.2024 05:00;94,18
06.02.2024 05:00;06.02.2024 06:00;105,90
06.02.2024 06:00;06.02.2024 07:00;117,05
06.02.2024 07:00;06.02.2024 08:00;109,60
06.02.2024 08:00;06.02.2024 09:00;136,58
06.02.2024 09:00;06.02.2024 10:00;131,45
06.02.2024 10:00;06.02.2024 11:00;108,39
06.02.2024 11:00;06.02.2024 12:00;107,55
06.02.2024 12:00;06.02.2024 13:00;131,21
06.02.2024 13:00;06.02.2024 14:00;128,98
06.02.2024 14:00;06.02.2024 15:00;130,37
06.02.2024 15:00;06.02.2024 16:00;131,46
06.02.2024 16:00;06.02.2024 17:00;135,81
06.02.2024 17:00;06.02.2024 18:00;146,94
06.02.2024 18:00;06.02.2024 19:00;123,97
06.02.2024 19:00;06.02.2024 20:00;121,16
06.02.2024 20:00;06.02.2024 21:00;114,86
06.02.2024 21:00;06.02.2024 22:00;121,04
06.02.2024 22:00;06.02.2024 23:00;122,58
06.02.2024 23:00;07.02.2024 00:00;95,44
07.02.2024 00:00;07.02.2024 01:00;65,66
07.02.2024 01:00;07.02.2024 02:00;74,62
07.02.2024 02:00;07.02.2024 03:00;85,71
07.02.2024 03:00;07.02.2024 04:00;90,94
07.02.2024 04:00;07.02.2024 05:00;96,13
07.02.2024 05:00;07.02.2024 06:00;106,76
07.02.2024 06:00;07.02.2024 07:00;109,80
07.02.2024 07:00;07.02.2024 08:00;134,12
07.02.2024 08:00;07.02.2024 09:00;119,61
07.02.2024 09:00;07.02.2024 10:00;120,18
07.02.2024 10:00;07.02.2024 11:00;136,68
07.02.2024 11:00;07.02.2024 12:00;112,47
07.02.2024 12:00;07.02.2024 13:00;135,87
07.02.2024 13:00;07.02.2024 14:00;132,70
07.02.2024 14:00;07.02.2024 15:00;129,67
07.02.2024 15:00;07.02.2024 16:00;150,69
07.02.2024 16:00;07.02.2024 17:00;125,47
07.02.2024 17:00;07.02.2024 18:00;160,13
07.02.2024 18:00;07.02.2024 19:00;134,43
07.02.2024 19:00;07.02.2024 20:00;119,74
07.02.2024 20:00;07.02.2024 21:00;128,66
07.02.2024 21:00;07.02.2024 22:00;104,49
07.02.2024 22:00;07.02.2024 23:00;98,46
07.02.2024 23:00;08.02.2024 00:00;105,22
08.02.2024 00:00;08.02.2024 01:00;102,18
08.02.2024 01:00;08.02.2024 02:00;87,43
08.02.2024 02:00;08.02.2024 03:00;107,38
08.02.2024 03:00;08.02.2024 04:00;111,35
08.02.2024 04:00;08.02.2024 05:00;118,10
08.02.2024 05:00;08.02.2024 06:00;112,48
08.02.2024 06:00;08.02.2024 07:00;129,73
08.02.2024 07:00;08.02.2024 08:00;98,79
08.02.2024 08:00;08.02.2024 09:00;123,74
08.02.2024 09:00;08.02.2024 10:00;119,96
08.02.2024 10:00;08.02.2024 11:00;132,19
08.02.2024 11:00;08.02.2024 12:00;123,87
08.02.2024 12:00;08.02.2024 13:00;129,03
08.02.2024 13:00;08.02.2024 14:00;153,88
08.02.2024 14:00;08.02.2024 15:00;129,24
08.02.2024 15:00;08.02.2024 16:00;136,43
08.02.2024 16:00;08.02.2024 17:00;129,98
08.02.2024 17:00;08.02.2024 18:00;136,15
08.02.2024 18:00;08.02.2024 19:00;137,04
08.02.2024 19:00;08.02.2024 20:00;140,28
08.02.2024 20:00;08.02.2024 21:00;141,64
08.02.2024 21:00;08.02.2024 22:00;137,01
08.02.2024 22:00;08.02.2024 23:00;111,03
08.02.2024 23:00;09.02.2024 00:00;107,36
09.02.2024 00:00;09.02.2024 01:00;81,52
09.02.2024 01:00;09.02.2024 02:00;93,67
09.02.2024 02:00;09.02.2024 03:00;106,64
09.02.2024 03:00;09.02.2024 04:00;107,68
09.02.2024 04:00;09.02.2024 05:00;103,23
09.02.2024 05:00;09.02.2024 06:00;116,59
09.02.2024 06:00;09.02.2024 07:00;119,09
09.02.2024 07:00;09.02.2024 08:00;135,59
09.02.2024 08:00;09.02.2024 09:00;130,85
09.02.2024 09:00;09.02.2024 10:00;125,92
09.02.2024 10:00;09.02.2024 11:00;134,61
09.02.2024 11:00;09.02.2024 12:00;95,38
09.02.2024 12:00;09.02.2024 13:00;135,44
09.02.2024 13:00;09.02.2024 14:00;87,34
09.02.2024 14:00;09.02.2024 15:00;110,42
09.02.2024 15:00;09.02.2024 16:00;136,71
09.02.2024 16:00;09.02.2024 17:00;138,32
09.02.2024 17:00;09.02.2024 18:00;121,11
09.02.2024 18:00;09.02.2024 19:00;128,25
09.02.2024 19:00;09.02.2024 20:00;151,17
09.02.2024 20:00;09.02.2024 21:00;121,67
09.02.2024 21:00;09.02.2024 22:00;143,98
09.02.2024 22:00;09.02.2024 23:00;107,11
09.02.2024 23:00;10.02.2024 00:00;105,01
10.02.2024 00:00;10.02.2024 01:00;114,55
10.02.2024 01:00;10.02.2024 02:00;96,11
10.02.2024 02:00;10.02.2024 03:00;83,15
10.02.2024 03:00;10.02.2024 04:00;95,79
10.02.2024 04:00;10.02.2024 05:00;100,08
10.02.2024 05:00;10.02.2024 06:00;89,39
10.02.2024 06:00;10.02.2024 07:00;109,94
10.02.2024 07:00;10.02.2024 08:00;112,10
10.02.2024 08:00;10.02.2024 09:00;138,29
10.02.2024 09:00;10.02.2024 10:00;130,42
10.02.2024 10:00;10.02.2024 11:00;127,01
10.02.2024 11:00;10.02.2024 12:00;129,09
10.02.2024 12:00;10.02.2024 13:00;133,34
10.02.2024 13:00;10.02.2024 14:00;138,34
10.02.2024 14:00;10.02.2024 15:00;118,92
10.02.2024 15:00;10.02.2024 16:00;118,61
10.02.2024 16:00;10.02.2024 17:00;145,66
10.02.2024 17:00;10.02.2024 18:00;129,93
10.02.2024 18:00;10.02.2024 19:00;119,61
10.02.2024 19:00;10.02.2024 20:00;139,86
10.02.2024 20:00;10.02.2024 21:00;132,85
10.02.2024 21:00;10.02.2024 22:00;98,51
10.02.2024 22:00;10.02.2024 23:00;109,71
10.02.2024 23:00;11.02.2024 00:00;108,75
11.02.2024 00:00;11.02.2024 01:00;99,45
11.02.2024 01:00;11.02.2024 02:00;101,93
11.02.2024 02:00;11.02.2024 03:00;78,13
11.02.2024 03:00;11.02.2024 04:00;100,89
11.02.2024 04:00;11.02.2024 05:00;96,68
11.02.2024 05:00;11.02.2024 06:00;99,79
11.02.2024 06:00;11.02.2024 07:00;123,27
11.02.2024 07:00;11.02.2024 08:00;138,56
11.02.2024 08:00;11.02.2024 09:00;148,54
11.02.2024 09:00;11.02.2024 10:00;145,59
11.02.2024 10:00;11.02.2024 11:00;128,89
11.02.2024 11:00;11.02.2024 12:00;134,41
11.02.2024 12:00;11.02.2024 13:00;139,68
11.02.2024 13:00;11.02.2024 14:00;132,20
11.02.2024 14:00;11.02.2024 15:00;132,30
11.02.2024 15:00;11.02.2024 16:00;140,80
11.02.2024 16:00;11.02.2024 17:00;131,51
11.02.2024 17:00;11.02.2024 18:00;125,94
11.02.2024 18:00;11.02.2024 19:00;131,45
11.02.2024 19:00;11.02.2024 20:00;141,95
11.02.2024 20:00;11.02.2024 21:00;127,14
11.02.2024 21:00;11.02.2024 22:00;120,77
11.02.2024 22:00;11.02.2024 23:00;114,80
11.02.2024 23:00;12.02.2024 00:00;95,24
12.02.2024 00:00;12.02.2024 01:00;103,84
12.02.2024 01:00;12.02.2024 02:00;98,70
12.02.2024 02:00;12.02.2024 03:00;79,97
12.02.2024 03:00;12.02.2024 04:00;114,03
12.02.2024 04:00;12.02.2024 05:00;94,11
12.02.2024 05:00;12.02.2024 06:00;85,52
12.02.2024 06:00;12.02.2024 07:00;100,09
12.02.2024 07:00;12.02.2024 08:00;108,36
12.02.2024 08:00;12.02.2024 09:00;127,44
12.02.2024 09:00;12.02.2024 10:00;126,33
12.02.2024 10:00;12.02.2024 11:00;125,97
12.02.2024 11:00;12.02.2024 12:00;137,42
12.02.2024 12:00;12.02.2024 13:00;134,36
12.02.2024 13:00;12.02.2024 14:00;134,34
12.02.2024 14:00;12.02.2024 15:00;135,45
12.02.2024 15:00;12.02.2024 16:00;138,11
12.02.2024 16:00;12.02.2024 17:00;106,73
12.02.2024 17:00;12.02.2024 18:00;130,12
12.02.2024 18:00;12.02.2024 19:00;110,06
12.02.2024 19:00;12.02.2024 20:00;134,58
12.02.2024 20:00;12.02.2024 21:00;126,85
12.02.2024 21:00;12.02.2024 22:00;129,04
12.02.2024 22:00;12.02.2024 23:00;120,82
12.02.2024 23:00;13.02.2024 00:00;101,97
13.02.2024 00:00;13.02.2024 01:00;88,56
13.02.2024 01:00;13.02.2024 02:00;99,77
13.02.2024 02:00;13.02.2024 03:00;88,25
13.02.2024 03:00;13.02.2024 04:00;96,50
13.02.2024 04:00;13.02.2024 05:00;111,75
13.02.2024 05:00;13.02.2024 06:00;98,49
13.02.2024 06:00;13.02.2024 07:00;122,09
13.02.2024 07:00;13.02.2024 08:00;128,54
13.02.2024 08:00;13.02.2024 09:00;115,15
13.02.2024 09:00;13.02.2024 10:00;141,10
13.02.2024 10:00;13.02.2024 11:00;138,19
13.02.2024 11:00;13.02.2024 12:00;131,00
13.02.2024 12:00;13.02.2024 13:00;120,93
13.02.2024 13:00;13.02.2024 14:00;120,04
13.02.2024 14:00;13.02.2024 15:00;123,88
13.02.2024 15:00;13.02.2024 16:00;137,03
13.02.2024 16:00;13.02.2024 17:00;120,35
13.02.2024 17:00;13.02.2024 18:00;139,54
13.02.2024 18:00;13.02.2024 19:00;121,12
13.02.2024 19:00;13.02.2024 20:00;131,50
13.02.2024 20:00;13.02.2024 21:00;128,02
13.02.2024 21:00;13.02.2024 22:00;145,63
13.02.2024 22:00;13.02.2024 23:00;89,84
13.02.2024 23:00;14.02.2024 00:00;117,00
14.02.2024 00:00;14.02.2024 01:00;96,15
14.02.2024 01:00;14.02.2024 02:00;98,68
14.02.2024 02:00;14.02.2024 03:00;95,80
14.02.2024 03:00;14.02.2024 04:00;101,64
14.02.2024 04:00;14.02.2024 05:00;97,86
14.02.2024 05:00;14.02.2024 06:00;122,42
14.02.2024 06:00;14.02.2024 07:00;106,74
14.02.2024 07:00;14.02.2024 08:00;133,79
14.02.2024 08:00;14.02.2024 09:00;118,67
14.02.2024 09:00;14.02.2024 10:00;128,48
14.02.2024 10:00;14.02.2024 11:00;116,74
14.02.2024 11:00;14.02.2024 12:00;135,03
14.02.2024 12:00;14.02.2024 13:00;147,21
14.02.2024 13:00;14.02.2024 14:00;129,21
14.02.2024 14:00;14.02.2024 15:00;127,76
14.02.2024 15:00;14.02.2024 16:00;116,93
14.02.2024 16:00;14.02.2024 17:00;128,86
14.02.2024 17:00;14.02.2024 18:00;114,97
14.02.2024 18:00;14.02.2024 19:00;124,86
14.02.2024 19:00;14.02.2024 20:00;136,46
14.02.2024 20:00;14.02.2024 21:00;142,32
14.02.2024 21:00;14.02.2024 22:00;149,79
14.02.2024 22:00;14.02.2024 23:00;99,12
14.02.2024 23:00;15.02.2024 00:00;116,35
15.02.2024 00:00;15.02.2024 01:00;97,06
15.02.2024 01:00;15.02.2024 02:00;91,71
15.02.2024 02:00;15.02.2024 03:00;99,35
15.02.2024 03:00;15.02.2024 04:00;96,83
15.02.2024 04:00;15.02.2024 05:00;100,82
15.02.2024 05:00;15.02.2024 06:00;99,86
15.02.2024 06:00;15.02.2024 07:00;95,22
15.02.2024 07:00;15.02.2024 08:00;101,47
15.02.2024 08:00;15.02.2024 09:00;134,02
15.02.2024 09:00;15.02.2024 10:00;125,67
15.02.2024 10:00;15.02.2024 11:00;122,23
15.02.2024 11:00;15.02.2024 12:00;129,45
15.02.2024 12:00;15.02.2024 13:00;139,19
15.02.2024 13:00;15.02.2024 14:00;132,09
15.02.2024 14:00;15.02.2024 15:00;122,03
15.02.2024 15:00;15.02.2024 16:00;144,81
15.02.2024 16:00;15.02.2024 17:00;150,34
15.02.2024 17:00;15.02.2024 18:00;139,80
15.02.2024 18:00;15.02.2024 19:00;147,28
15.02.2024 19:00;15.02.2024 20:00;148,43
15.02.2024 20:00;15.02.2024 21:00;139,84
15.02.2024 21:00;15.02.2024 22:00;123,24
15.02.2024 22:00;15.02.2024 23:00;113,12
15.02.2024 23:00;16.02.2024 00:00;105,15
16.02.2024 00:00;16.02.2024 01:00;80,75
16.02.2024 01:00;16.02.2024 02:00;101,71
16.02.2024 02:00;16.02.2024 03:00;77,67
16.02.2024 03:00;16.02.2024 04:00;86,33
16.02.2024 04:00;16.02.2024 05:00;114,91
16.02.2024 05:00;16.02.2024 06:00;114,62
16.02.2024 06:00;16.02.2024 07:00;129,63
16.02.2024 07:00;16.02.2024 08:00;116,51
16.02.2024 08:00;16.02.2024 09:00;112,13
16.02.2024 09:00;16.02.2024 10:00;125,88
16.02.2024 10:00;16.02.2024 11:00;130,39
16.02.2024 11:00;16.02.2024 12:00;130,08
16.02.2024 12:00;16.02.2024 13:00;143,04
16.02.2024 13:00;16.02.2024 14:00;125,37
16.02.2024 14:00;16.02.2024 15:00;133,90
16.02.2024 15:00;16.02.2024 16:00;118,01
16.02.2024 16:00;16.02.2024 17:00;136,58
16.02.2024 17:00;16.02.2024 18:00;133,68
16.02.2024 18:00;16.02.2024 19:00;126,38
16.02.2024 19:00;16.02.2024 20:00;130,47
16.02.2024 20:00;16.02.2024 21:00;123,85
16.02.2024 21:00;16.02.2024 22:00;112,40
16.02.2024 22:00;16.02.2024 23:00;126,97
16.02.2024 23:00;17.02.2024 00:00;97,51
17.02.2024 00:00;17.02.2024 01:00;90,76
17.02.2024 01:00;17.02.2024 02:00;67,91
17.02.2024 02:00;17.02.2024 03:00;82,98
17.02.2024 03:00;17.02.2024 04:00;92,48
17.02.2024 04:00;17.02.2024 05:00;90,81
17.02.2024 05:00;17.02.2024 06:00;120,89
17.02.2024 06:00;17.02.2024 07:00;109,57
17.02.2024 07:00;17.02.2024 08:00;135,00
17.02.2024 08:00;17.02.2024 09:00;126,47
17.02.2024 09:00;17.02.2024 10:00;128,99
17.02.2024 10:00;17.02.2024 11:00;127,87
17.02.2024 11:00;17.02.2024 12:00;128,95
17.02.2024 12:00;17.02.2024 13:00;149,83
17.02.2024 13:00;17.02.2024 14:00;101,64
17.02.2024 14:00;17.02.2024 15:00;105,43
17.02.2024 15:00;17.02.2024 16:00;123,12
17.02.2024 16:00;17.02.2024 17:00;131,12
17.02.2024 17:00;17.02.2024 18:00;141,70
17.02.2024 18:00;17.02.2024 19:00;140,82
17.02.2024 19:00;17.02.2024 20:00;128,46
17.02.2024 20:00;17.02.2024 21:00;138,06
17.02.2024 21:00;17.02.2024 22:00;127,78
17.02.2024 22:00;17.02.2024 23:00;107,70
17.02.2024 23:00;18.02.2024 00:00;110,01
18.02.2024 00:00;18.02.2024 01:00;96,72
18.02.2024 01:00;18.02.2024 02:00;86,10
18.02.2024 02:00;18.02.2024 03:00;101,85
18.02.2024 03:00;18.02.2024 04:00;96,73
18.02.2024 04:00;18.02.2024 05:00;98,82
18.02.2024 05:00;18.02.2024 06:00;121,75
18.02.2024 06:00;18.02.2024 07:00;81,90
18.02.2024 07:00;18.02.2024 08:00;102,29
18.02.2024 08:00;18.02.2024 09:00;111,25
18.02.2024 09:00;18.02.2024 10:00;123,94
18.02.2024 10:00;18.02.2024 11:00;125,65
18.02.2024 11:00;18.02.2024 12:00;110,58
18.02.2024 12:00;18.02.2024 13:00;117,15
18.02.2024 13:00;18.02.2024 14:00;118,91
18.02.2024 14:00;18.02.2024 15:00;158,71
18.02.2024 15:00;18.02.2024 16:00;151,03
18.02.2024 16:00;18.02.2024 17:00;125,77
18.02.2024 17:00;18.02.2024 18:00;128,82
18.02.2024 18:00;18.02.2024 19:00;121,12
18.02.2024 19:00;18.02.2024 20:00;109,94
18.02.2024 20:00;18.02.2024 21:00;124,19
18.02.2024 21:00;18.02.2024 22:00;103,21
18.02.2024 22:00;18.02.2024 23:00;104,24
18.02.2024 23:00;19.02.2024 00:00;79,03
19.02.2024 00:00;19.02.2024 01:00;84,07
19.02.2024 01:00;19.02.2024 02:00;94,38
19.02.2024 02:00;19.02.2024 03:00;97,63
19.02.2024 03:00;19.02.2024 04:00;100,17
19.02.2024 04:00;19.02.2024 05:00;82,72
19.02.2024 05:00;19.02.2024 06:00;114,09
19.02.2024 06:00;19.02.2024 07:00;101,47
19.02.2024 07:00;19.02.2024 08:00;126,66
19.02.2024 08:00;19.02.2024 09:00;125,13
19.02.2024 09:00;19.02.2024 10:00;111,55
19.02.2024 10:00;19.02.2024 11:00;124,67
19.02.2024 11:00;19.02.2024 12:00;132,81
19.02.2024 12:00;19.02.2024 13:00;136,08
19.02.2024 13:00;19.02.2024 14:00;127,31
19.02.2024 14:00;19.02.2024 15:00;147,36
19.02.2024 15:00;19.02.2024 16:00;141,26
19.02.2024 16:00;19.02.2024 17:00;127,39
19.02.2024 17:00;19.02.2024 18:00;141,94
19.02.2024 18:00;19.02.2024 19:00;157,88
19.02.2024 19:00;19.02.2024 20:00;156,12
19.02.2024 20:00;19.02.2024 21:00;110,62
19.02.2024 21:00;19.02.2024 22:00;103,82
19.02.2024 22:00;19.02.2024 23:00;122,83
19.02.2024 23:00;20.02.2024 00:00;85,29
20.02.2024 00:00;20.02.2024 01:00;77,09
20.02.2024 01:00;20.02.2024 02:00;86,52
20.02.2024 02:00;20.02.2024 03:00;98,03
20.02.2024 03:00;20.02.2024 04:00;93,69
20.02.2024 04:00;20.02.2024 05:00;90,51
20.02.2024 05:00;20.02.2024 06:00;95,49
20.02.2024 06:00;20.02.2024 07:00;102,28
20.02.2024 07:00;20.02.2024 08:00;108,26
20.02.2024 08:00;20.02.2024 09:00;152,39
20.02.2024 09:00;20.02.2024 10:00;131,39
20.02.2024 10:00;20.02.2024 11:00;138,86
20.02.2024 11:00;20.02.2024 12:00;122,31
20.02.2024 12:00;20.02.2024 13:00;126,25
20.02.2024 13:00;20.02.2024 14:00;120,19
20.02.2024 14:00;20.02.2024 15:00;96,91
20.02.2024 15:00;20.02.2024 16:00;112,38
20.02.2024 16:00;20.02.2024 17:00;108,49
20.02.2024 17:00;20.02.2024 18:00;105,70
20.02.2024 18:00;20.02.2024 19:00;120,08
20.02.2024 19:00;20.02.2024 20:00;148,25
20.02.2024 20:00;20.02.2024 21:00;124,57
20.02.2024 21:00;20.02.2024 22:00;130,18
20.02.2024 22:00;20.02.2024 23:00;109,70
20.02.2024 23:00;21.02.2024 00:00;107,13
21.02.2024 00:00;21.02.2024 01:00;81,90
21.02.2024 01:00;21.02.2024 02:00;98,39
21.02.2024 02:00;21.02.2024 03:00;101,48
21.02.2024 03:00;21.02.2024 04:00;87,75
21.02.2024 04:00;21.02.2024 05:00;104,78
21.02.2024 05:00;21.02.2024 06:00;110,12
21.02.2024 06:00;21.02.2024 07:00;103,98
21.02.2024 07:00;21.02.2024 08:00;105,09
21.02.2024 08:00;21.02.2024 09:00;110,55
21.02.2024 09:00;21.02.2024 10:00;128,60
21.02.2024 10:00;21.02.2024 11:00;131,89
21.02.2024 11:00;21.02.2024 12:00;118,42
21.02.2024 12:00;21.02.2024 13:00;128,55
21.02.2024 13:00;21.02.2024 14:00;135,34
21.02.2024 14:00;21.02.2024 15:00;135,89
21.02.2024 15:00;21.02.2024 16:00;147,29
21.02.2024 16:00;21.02.2024 17:00;145,29
21.02.2024 17:00;21.02.2024 18:00;120,43
21.02.2024 18:00;21.02.2024 19:00;154,37
21.02.2024 19:00;21.02.2024 20:00;125,73
21.02.2024 20:00;21.02.2024 21:00;137,39
21.02.2024 21:00;21.02.2024 22:00;115,26
21.02.2024 22:00;21.02.2024 23:00;99,57
21.02.2024 23:00;22.02.2024 00:00;75,79
22.02.2024 00:00;22.02.2024 01:00;90,39
22.02.2024 01:00;22.02.2024 02:00;73,13
22.02.2024 02:00;22.02.2024 03:00;104,09
22.02.2024 03:00;22.02.2024 04:00;112,61
22.02.2024 04:00;22.02.2024 05:00;88,24
22.02.2024 05:00;22.02.2024 06:00;106,69
22.02.2024 06:00;22.02.2024 07:00;101,61
22.02.2024 07:00;22.02.2024 08:00;110,76
22.02.2024 08:00;22.02.2024 09:00;133,79
22.02.2024 09:00;22.02.2024 10:00;126,84
22.02.2024 10:00;22.02.2024 11:00;148,58
22.02.2024 11:00;22.02.2024 12:00;121,88
22.02.2024 12:00;22.02.2024 13:00;139,96
22.02.2024 13:00;22.02.2024 14:00;129,41
22.02.2024 14:00;22.02.2024 15:00;137,77
22.02.2024 15:00;22.02.2024 16:00;123,04
22.02.2024 16:00;22.02.2024 17:00;129,12
22.02.2024 17:00;22.02.2024 18:00;130,80
22.02.2024 18:00;22.02.2024 19:00;123,88
22.02.2024 19:00;22.02.2024 20:00;139,78
22.02.2024 20:00;22.02.2024 21:00;132,40
22.02.2024 21:00;22.02.2024 22:00;121,31
22.02.2024 22:00;22.02.2024 23:00;122,70
22.02.2024 23:00;23.02.2024 00:00;114,62
23.02.2024 00:00;23.02.2024 01:00;87,69
23.02.2024 01:00;23.02.2024 02:00;96,05
23.02.2024 02:00;23.02.2024 03:00;84,73
23.02.2024 03:00;23.02.2024 04:00;94,42
23.02.2024 04:00;23.02.2024 05:00;90,34
23.02.2024 05:00;23.02.2024 06:00;122,25
23.02.2024 06:00;23.02.2024 07:00;114,41
23.02.2024 07:00;23.02.2024 08:00;115,42
23.02.2024 08:00;23.02.2024 09:00;138,56
23.02.2024 09:00;23.02.2024 10:00;100,99
23.02.2024 10:00;23.02.2024 11:00;103,27
23.02.2024 11:00;23.02.2024 12:00;136,95
23.02.2024 12:00;23.02.2024 13:00;128,43
23.02.2024 13:00;23.02.2024 14:00;130,98
23.02.2024 14:00;23.02.2024 15:00;112,04
23.02.2024 15:00;23.02.2024 16:00;127,86
23.02.2024 16:00;23.02.2024 17:00;153,49
23.02.2024 17:00;23.02.2024 18:00;141,81
23.02.2024 18:00;23.02.2024 19:00;135,68
23.02.2024 19:00;23.02.2024 20:00;126,31
23.02.2024 20:00;23.02.2024 21:00;119,60
23.02.2024 21:00;23.02.2024 22:00;88,37
23.02.2024 22:00;23.02.2024 23:00;107,08
23.02.2024 23:00;24.02.2024 00:00;107,11
24.02.2024 00:00;24.02.2024 01:00;73,01
24.02.2024 01:00;24.02.2024 02:00;83,37
24.02.2024 02:00;24.02.2024 03:00;78,05
24.02.2024 03:00;24.02.2024 04:00;82,29
24.02.2024 04:00;24.02.2024 05:00;97,91
24.02.2024 05:00;24.02.2024 06:00;77,52
24.02.2024 06:00;24.02.2024 07:00;117,15
24.02.2024 07:00;24.02.2024 08:00;126,81
24.02.2024 08:00;24.02.2024 09:00;120,95
24.02.2024 09:00;24.02.2024 10:00;97,00
24.02.2024 10:00;24.02.2024 11:00;115,21
24.02.2024 11:00;24.02.2024 12:00;141,93
24.02.2024 12:00;24.02.2024 13:00;94,10
24.02.2024 13:00;24.02.2024 14:00;123,53
24.02.2024 14:00;24.02.2024 15:00;113,52
24.02.2024 15:00;24.02.2024 16:00;137,53
24.02.2024 16:00;24.02.2024 17:00;121,07
24.02.2024 17:00;24.02.2024 18:00;136,50
24.02.2024 18:00;24.02.2024 19:00;140,16
24.02.2024 19:00;24.02.2024 20:00;153,34
24.02.2024 20:00;24.02.2024 21:00;121,62
24.02.2024 21:00;24.02.2024 22:00;118,16
24.02.2024 22:00;24.02.2024 23:00;85,90
24.02.2024 23:00;25.02.2024 00:00;110,98
25.02.2024 00:00;25.02.2024 01:00;82,52
25.02.2024 01:00;25.02.2024 02:00;84,30
25.02.2024 02:00;25.02.2024 03:00;91,40
25.02.2024 03:00;25.02.2024 04:00;74,84
25.02.2024 04:00;25.02.2024 05:00;99,74
25.02.2024 05:00;25.02.2024 06:00;113,87
25.02.2024 06:00;25.02.2024 07:00;113,02
25.02.2024 07:00;25.02.2024 08:00;98,43
25.02.2024 08:00;25.02.2024 09:00;122,20
25.02.2024 09:00;25.02.2024 10:00;135,40
25.02.2024 10:00;25.02.2024 11:00;104,35
25.02.2024 11:00;25.02.2024 12:00;113,96
25.02.2024 12:00;25.02.2024 13:00;137,68
25.02.2024 13:00;25.02.2024 14:00;130,67
25.02.2024 14:00;25.02.2024 15:00;132,35
25.02.2024 15:00;25.02.2024 16:00;149,91
25.02.2024 16:00;25.02.2024 17:00;134,52
25.02.2024 17:00;25.02.2024 18:00;139,27
25.02.2024 18:00;25.02.2024 19:00;165,63
25.02.2024 19:00;25.02.2024 20:00;128,46
25.02.2024 20:00;25.02.2024 21:00;114,21
25.02.2024 21:00;25.02.2024 22:00;118,50
25.02.2024 22:00;25.02.2024 23:00;108,71
25.02.2024 23:00;26.02.2024 00:00;90,10
26.02.2024 00:00;26.02.2024 01:00;78,97
26.02.2024 01:00;26.02.2024 02:00;118,47
26.02.2024 02:00;26.02.2024 03:00;95,31
26.02.2024 03:00;26.02.2024 04:00;84,52
26.02.2024 04:00;26.02.2024 05:00;107,70
26.02.2024 05:00;26.02.2024 06:00;100,67
26.02.2024 06:00;26.02.2024 07:00;106,19
26.02.2024 07:00;26.02.2024 08:00;123,96
26.02.2024 08:00;26.02.2024 09:00;107,90
26.02.2024 09:00;26.02.2024 10:00;130,44
26.02.2024 10:00;26.02.2024 11:00;149,56
26.02.2024 11:00;26.02.2024 12:00;132,17
26.02.2024 12:00;26.02.2024 13:00;122,36
26.02.2024 13:00;26.02.2024 14:00;121,06
26.02.2024 14:00;26.02.2024 15:00;122,20
26.02.2024 15:00;26.02.2024 16:00;124,27
26.02.2024 16:00;26.02.2024 17:00;124,08
26.02.2024 17:00;26.02.2024 18:00;142,09
26.02.2024 18:00;26.02.2024 19:00;112,02
26.02.2024 19:00;26.02.2024 20:00;141,09
26.02.2024 20:00;26.02.2024 21:00;118,95
26.02.2024 21:00;26.02.2024 22:00;117,61
26.02.2024 22:00;26.02.2024 23:00;89,64
26.02.2024 23:00;27.02.2024 00:00;112,08
27.02.2024 00:00;27.02.2024 01:00;106,02
27.02.2024 01:00;27.02.2024 02:00;101,98
27.02.2024 02:00;27.02.2024 03:00;72,92
27.02.2024 03:00;27.02.2024 04:00;102,97
27.02.2024 04:00;27.02.2024 05:00;101,28
27.02.2024 05:00;27.02.2024 06:00;82,43
27.02.2024 06:00;27.02.2024 07:00;108,64
27.02.2024 07:00;27.02.2024 08:00;121,30
27.02.2024 08:00;27.02.2024 09:00;129,79
27.02.2024 09:00;27.02.2024 10:00;128,05
27.02.2024 10:00;27.02.2024 11:00;129,82
27.02.2024 11:00;27.02.2024 12:00;143,97
27.02.2024 12:00;27.02.2024 13:00;141,30
27.02.2024 13:00;27.02.2024 14:00;92,45
27.02.2024 14:00;27.02.2024 15:00;123,03
27.02.2024 15:00;27.02.2024 16:00;125,05
27.02.2024 16:00;27.02.2024 17:00;107,30
27.02.2024 17:00;27.02.2024 18:00;131,93
27.02.2024 18:00;27.02.2024 19:00;147,52
27.02.2024 19:00;27.02.2024 20:00;117,42
27.02.2024 20:00;27.02.2024 21:00;127,25
27.02.2024 21:00;27.02.2024 22:00;101,81
27.02.2024 22:00;27.02.2024 23:00;94,81
27.02.2024 23:00;28.02.2024 00:00;113,58
28.02.2024 00:00;28.02.2024 01:00;84,27
28.02.2024 01:00;28.02.2024 02:00;95,71
28.02.2024 02:00;28.02.2024 03:00;68,35
28.02.2024 03:00;28.02.2024 04:00;115,08
28.02.2024 04:00;28.02.2024 05:00;103,36
28.02.2024 05:00;28.02.2024 06:00;99,21
28.02.2024 06:00;28.02.2024 07:00;115,55
28.02.2024 07:00;28.02.2024 08:00;99,71
28.02.2024 08:00;28.02.2024 09:00;137,01
28.02.2024 09:00;28.02.2024 10:00;121,74
28.02.2024 10:00;28.02.2024 11:00;123,58
28.02.2024 11:00;28.02.2024 12:00;120,09
28.02.2024 12:00;28.02.2024 13:00;119,33
28.02.2024 13:00;28.02.2024 14:00;134,90
28.02.2024 14:00;28.02.2024 15:00;129,61
28.02.2024 15:00;28.02.2024 16:00;134,55
28.02.2024 16:00;28.02.2024 17:00;127,93
28.02.2024 17:00;28.02.2024 18:00;136,67
28.02.2024 18:00;28.02.2024 19:00;127,21
28.02.2024 19:00;28.02.2024 20:00;156,92
28.02.2024 20:00;28.02.2024 21:00;104,11
28.02.2024 21:00;28.02.2024 22:00;127,64
28.02.2024 22:00;28.02.2024 23:00;118,99
28.02.2024 23:00;29.02.2024 00:00;85,33
29.02.2024 00:00;29.02.2024 01:00;117,23
29.02.2024 01:00;29.02.2024 02:00;101,82
29.02.2024 02:00;29.02.2024 03:00;102,16
29.02.2024 03:00;29.02.2024 04:00;92,77
29.02.2024 04:00;29.02.2024 05:00;93,23
29.02.2024 05:00;29.02.2024 06:00;98,59
29.02.2024 06:00;29.02.2024 07:00;113,03
29.02.2024 07:00;29.02.2024 08:00;133,15
29.02.2024 08:00;29.02.2024 09:00;124,70
29.02.2024 09:00;29.02.2024 10:00;114,39
29.02.2024 10:00;29.02.2024 11:00;135,62
29.02.2024 11:00;29.02.2024 12:00;136,75
29.02.2024 12:00;29.02.2024 13:00;133,85
29.02.2024 13:00;29.02.2024 14:00;135,21
29.02.2024 14:00;29.02.2024 15:00;122,99
29.02.2024 15:00;29.02.2024 16:00;115,29
29.02.2024 16:00;29.02.2024 17:00;117,32
29.02.2024 17:00;29.02.2024 18:00;110,58
29.02.2024 18:00;29.02.2024 19:00;134,78
29.02.2024 19:00;29.02.2024 20:00;128,87
29.02.2024 20:00;29.02.2024 21:00;117,34
29.02.2024 21:00;29.02.2024 22:00;76,74
29.02.2024 22:00;29.02.2024 23:00;87,31
29.02.2024 23:00;01.03.2024 00:00;108,71
01.03.2024 00:00;01.03.2024 01:00;82,20
01.03.2024 01:00;01.03.2024 02:00;93,89
01.03.2024 02:00;01.03.2024 03:00;73,51
01.03.2024 03:00;01.03.2024 04:00;109,39
01.03.2024 04:00;01.03.2024 05:00;93,80
01.03.2024 05:00;01.03.2024 06:00;104,27
01.03.2024 06:00;01.03.2024 07:00;135,95
01.03.2024 07:00;01.03.2024 08:00;134,23
01.03.2024 08:00;01.03.2024 09:00;118,54
01.03.2024 09:00;01.03.2024 10:00;117,91
01.03.2024 10:00;01.03.2024 11:00;121,52
01.03.2024 11:00;01.03.2024 12:00;131,51
01.03.2024 12:00;01.03.2024 13:00;124,43
01.03.2024 13:00;01.03.2024 14:00;121,22
01.03.2024 14:00;01.03.2024 15:00;143,55
01.03.2024 15:00;01.03.2024 16:00;124,76
01.03.2024 16:00;01.03.2024 17:00;155,03
01.03.2024 17:00;01.03.2024 18:00;131,00
01.03.2024 18:00;01.03.2024 19:00;153,06
01.03.2024 19:00;01.03.2024 20:00;133,85
01.03.2024 20:00;01.03.2024 21:00;133,87
01.03.2024 21:00;01.03.2024 22:00;103,21
01.03.2024 22:00;01.03.2024 23:00;91,73
01.03.2024 23:00;02.03.2024 00:00;100,47
02.03.2024 00:00;02.03.2024 01:00;101,73
02.03.2024 01:00;02.03.2024 02:00;89,74
02.03.2024 02:00;02.03.2024 03:00;74,46
02.03.2024 03:00;02.03.2024 04:00;75,50
02.03.2024 04:00;02.03.2024 05:00;78,10
02.03.2024 05:00;02.03.2024 06:00;79,27
02.03.2024 06:00;02.03.2024 07:00;109,04
02.03.2024 07:00;02.03.2024 08:00;129,22
02.03.2024 08:00;02.03.2024 09:00;121,75
02.03.2024 09:00;02.03.2024 10:00;97,59
02.03.2024 10:00;02.03.2024 11:00;122,83
02.03.2024 11:00;02.03.2024 12:00;123,13
02.03.2024 12:00;02.03.2024 13:00;150,54
02.03.2024 13:00;02.03.2024 14:00;108,17
02.03.2024 14:00;02.03.2024 15:00;120,94
02.03.2024 15:00;02.03.2024 16:00;146,29
02.03.2024 16:00;02.03.2024 17:00;132,52
02.03.2024 17:00;02.03.2024 18:00;136,36
02.03.2024 18:00;02.03.2024 19:00;132,70
02.03.2024 19:00;02.03.2024 20:00;133,21
02.03.2024 20:00;02.03.2024 21:00;131,34
02.03.2024 21:00;02.03.2024 22:00;101,88
02.03.2024 22:00;02.03.2024 23:00;112,21
02.03.2024 23:00;03.03.2024 00:00;78,17
03.03.2024 00:00;03.03.2024 01:00;93,49
03.03.2024 01:00;03.03.2024 02:00;91,09
03.03.2024 02:00;03.03.2024 03:00;82,18
03.03.2024 03:00;03.03.2024 04:00;91,23
03.03.2024 04:00;03.03.2024 05:00;87,44
03.03.2024 05:00;03.03.2024 06:00;87,31
03.03.2024 06:00;03.03.2024 07:00;103,17
03.03.2024 07:00;03.03.2024 08:00;102,16
03.03.2024 08:00;03.03.2024 09:00;125,47
03.03.2024 09:00;03.03.2024 10:00;110,60
03.03.2024 10:00;03.03.2024 11:00;133,35
03.03.2024 11:00;03.03.2024 12:00;110,59
03.03.2024 12:00;03.03.2024 13:00;118,27
03.03.2024 13:00;03.03.2024 14:00;117,84
03.03.2024 14:00;03.03.2024 15:00;141,22
03.03.2024 15:00;03.03.2024 16:00;129,47
03.03.2024 16:00;03.03.2024 17:00;124,27
03.03.2024 17:00;03.03.2024 18:00;135,27
03.03.2024 18:00;03.03.2024 19:00;105,73
03.03.2024 19:00;03.03.2024 20:00;128,42
03.03.2024 20:00;03.03.2024 21:00;145,67
03.03.2024 21:00;03.03.2024 22:00;112,87
03.03.2024 22:00;03.03.2024 23:00;102,17
03.03.2024 23:00;04.03.2024 00:00;100,91
04.03.2024 00:00;04.03.2024 01:00;99,98
04.03.2024 01:00;04.03.2024 02:00;64,65
04.03.2024 02:00;04.03.2024 03:00;69,07
04.03.2024 03:00;04.03.2024 04:00;93,71
04.03.2024 04:00;04.03.2024 05:00;86,01
04.03.2024 05:00;04.03.2024 06:00;115,60
04.03.2024 06:00;04.03.2024 07:00;103,31
04.03.2024 07:00;04.03.2024 08:00;91,87
04.03.2024 08:00;04.03.2024 09:00;106,06
04.03.2024 09:00;04.03.2024 10:00;91,09
04.03.2024 10:00;04.03.2024 11:00;121,67
04.03.2024 11:00;04.03.2024 12:00;122,19
04.03.2024 12:00;04.03.2024 13:00;119,66
04.03.2024 13:00;04.03.2024 14:00;137,97
04.03.2024 14:00;04.03.2024 15:00;139,38
04.03.2024 15:00;04.03.2024 16:00;123,15
04.03.2024 16:00;04.03.2024 17:00;100,88
04.03.2024 17:00;04.03.2024 18:00;136,37
04.03.2024 18:00;04.03.2024 19:00;137,36
04.03.2024 19:00;04.03.2024 20:00;132,33
04.03.2024 20:00;04.03.2024 21:00;133,16
04.03.2024 21:00;04.03.2024 22:00;96,99
04.03.2024 22:00;04.03.2024 23:00;125,14
04.03.2024 23:00;05.03.2024 00:00;82,50
05.03.2024 00:00;05.03.2024 01:00;97,90
05.03.2024 01:00;05.03.2024 02:00;68,05
05.03.2024 02:00;05.03.2024 03:00;77,77
05.03.2024 03:00;05.03.2024 04:00;109,06
05.03.2024 04:00;05.03.2024 05:00;91,13
05.03.2024 05:00;05.03.2024 06:00;109,61
05.03.2024 06:00;05.03.2024 07:00;109,62
05.03.2024 07:00;05.03.2024 08:00;113,50
05.03.2024 08:00;05.03.2024 09:00;137,32
05.03.2024 09:00;05.03.2024 10:00;120,92
05.03.2024 10:00;05.03.2024 11:00;102,79
05.03.2024 11:00;05.03.2024 12:00;114,49
05.03.2024 12:00;05.03.2024 13:00;131,04
05.03.2024 13:00;05.03.2024 14:00;129,44
05.03.2024 14:00;05.03.2024 15:00;105,87
05.03.2024 15:00;05.03.2024 16:00;116,17
05.03.2024 16:00;05.03.2024 17:00;119,19
05.03.2024 17:00;05.03.2024 18:00;124,26
05.03.2024 18:00;05.03.2024 19:00;113,86
05.03.2024 19:00;05.03.2024 20:00;120,76
05.03.2024 20:00;05.03.2024 21:00;112,31
05.03.2024 21:00;05.03.2024 22:00;119,90
05.03.2024 22:00;05.03.2024 23:00;110,42
05.03.2024 23:00;06.03.2024 00:00;91,94
06.03.2024 00:00;06.03.2024 01:00;83,88
06.03.2024 01:00;06.03.2024 02:00;89,65
06.03.2024 02:00;06.03.2024 03:00;78,81
06.03.2024 03:00;06.03.2024 04:00;76,77
06.03.2024 04:00;06.03.2024 05:00;82,65
06.03.2024 05:00;06.03.2024 06:00;91,58
06.03.2024 06:00;06.03.2024 07:00;92,48
06.03.2024 07:00;06.03.2024 08:00;116,38
06.03.2024 08:00;06.03.2024 09:00;129,38
06.03.2024 09:00;06.03.2024 10:00;104,39
06.03.2024 10:00;06.03.2024 11:00;124,13
06.03.2024 11:00;06.03.2024 12:00;121,16
06.03.2024 12:00;06.03.2024 13:00;128,20
06.03.2024 13:00;06.03.2024 14:00;124,21
06.03.2024 14:00;06.03.2024 15:00;106,90
06.03.2024 15:00;06.03.2024 16:00;109,39
06.03.2024 16:00;06.03.2024 17:00;126,19
06.03.2024 17:00;06.03.2024 18:00;140,66
06.03.2024 18:00;06.03.2024 19:00;103,47
06.03.2024 19:00;06.03.2024 20:00;132,12
06.03.2024 20:00;06.03.2024 21:00;135,00
06.03.2024 21:00;06.03.2024 22:00;108,48
06.03.2024 22:00;06.03.2024 23:00;106,99
06.03.2024 23:00;07.03.2024 00:00;84,92
07.03.2024 00:00;07.03.2024 01:00;86,82
07.03.2024 01:00;07.03.2024 02:00;68,19
07.03.2024 02:00;07.03.2024 03:00;60,14
07.03.2024 03:00;07.03.2024 04:00;101,52
07.03.2024 04:00;07.03.2024 05:00;81,78
07.03.2024 05:00;07.03.2024 06:00;93,40
07.03.2024 06:00;07.03.2024 07:00;89,47
07.03.2024 07:00;07.03.2024 08:00;97,18
07.03.2024 08:00;07.03.2024 09:00;118,21
07.03.2024 09:00;07.03.2024 10:00;114,35
07.03.2024 10:00;07.03.2024 11:00;128,03
07.03.2024 11:00;07.03.2024 12:00;128,89
07.03.2024 12:00;07.03.2024 13:00;127,62
07.03.2024 13:00;07.03.2024 14:00;126,90
07.03.2024 14:00;07.03.2024 15:00;142,95
07.03.2024 15:00;07.03.2024 16:00;111,39
07.03.2024 16:00;07.03.2024 17:00;124,85
07.03.2024 17:00;07.03.2024 18:00;141,57
07.03.2024 18:00;07.03.2024 19:00;144,88
07.03.2024 19:00;07.03.2024 20:00;110,57
07.03.2024 20:00;07.03.2024 21:00;116,64
07.03.2024 21:00;07.03.2024 22:00;126,28
07.03.2024 22:00;07.03.2024 23:00;106,15
07.03.2024 23:00;08.03.2024 00:00;95,37
08.03.2024 00:00;08.03.2024 01:00;85,30
08.03.2024 01:00;08.03.2024 02:00;82,69
08.03.2024 02:00;08.03.2024 03:00;91,39
08.03.2024 03:00;08.03.2024 04:00;86,84
08.03.2024 04:00;08.03.2024 05:00;92,75
08.03.2024 05:00;08.03.2024 06:00;99,47
08.03.2024 06:00;08.03.2024 07:00;97,64
08.03.2024 07:00;08.03.2024 08:00;120,15
08.03.2024 08:00;08.03.2024 09:00;154,93
08.03.2024 09:00;08.03.2024 10:00;101,44
08.03.2024 10:00;08.03.2024 11:00;127,05
08.03.2024 11:00;08.03.2024 12:00;114,00
08.03.2024 12:00;08.03.2024 13:00;130,36
08.03.2024 13:00;08.03.2024 14:00;124,26
08.03.2024 14:00;08.03.2024 15:00;132,82
08.03.2024 15:00;08.03.2024 16:00;137,97
08.03.2024 16:00;08.03.2024 17:00;127,48
08.03.2024 17:00;08.03.2024 18:00;141,23
08.03.2024 18:00;08.03.2024 19:00;101,24
08.03.2024 19:00;08.03.2024 20:00;146,38
08.03.2024 20:00;08.03.2024 21:00;124,55
08.03.2024 21:00;08.03.2024 22:00;122,57
08.03.2024 22:00;08.03.2024 23:00;85,07
08.03.2024 23:00;09.03.2024 00:00;82,72
09.03.2024 00:00;09.03.2024 01:00;89,32
09.03.2024 01:00;09.03.2024 02:00;86,75
09.03.2024 02:00;09.03.2024 03:00;90,99
09.03.2024 03:00;09.03.2024 04:00;102,54
09.03.2024 04:00;09.03.2024 05:00;71,74
09.03.2024 05:00;09.03.2024 06:00;109,87
09.03.2024 06:00;09.03.2024 07:00;105,53
09.03.2024 07:00;09.03.2024 08:00;110,97
09.03.2024 08:00;09.03.2024 09:00;101,96
09.03.2024 09:00;09.03.2024 10:00;128,46
09.03.2024 10:00;09.03.2024 11:00;93,85
09.03.2024 11:00;09.03.2024 12:00;130,56
09.03.2024 12:00;09.03.2024 13:00;105,18
09.03.2024 13:00;09.03.2024 14:00;124,00
09.03.2024 14:00;09.03.2024 15:00;121,90
09.03.2024 15:00;09.03.2024 16:00;137,56
09.03.2024 16:00;09.03.2024 17:00;122,68
09.03.2024 17:00;09.03.2024 18:00;118,97
09.03.2024 18:00;09.03.2024 19:00;122,95
09.03.2024 19:00;09.03.2024 20:00;142,23
09.03.2024 20:00;09.03.2024 21:00;126,15
09.03.2024 21:00;09.03.2024 22:00;104,67
09.03.2024 22:00;09.03.2024 23:00;96,53
09.03.2024 23:00;10.03.2024 00:00;73,54
10.03.2024 00:00;10.03.2024 01:00;91,88
10.03.2024 01:00;10.03.2024 02:00;65,49
10.03.2024 02:00;10.03.2024 03:00;96,27
10.03.2024 03:00;10.03.2024 04:00;90,72
10.03.2024 04:00;10.03.2024 05:00;121,22
10.03.2024 05:00;10.03.2024 06:00;84,64
10.03.2024 06:00;10.03.2024 07:00;103,85
10.03.2024 07:00;10.03.2024 08:00;134,65
10.03.2024 08:00;10.03.2024 09:00;133,56
10.03.2024 09:00;10.03.2024 10:00;113,72
10.03.2024 10:00;10.03.2024 11:00;125,16
10.03.2024 11:00;10.03.2024 12:00;122,46
10.03.2024 12:00;10.03.2024 13:00;126,12
10.03.2024 13:00;10.03.2024 14:00;114,62
10.03.2024 14:00;10.03.2024 15:00;121,91
10.03.2024 15:00;10.03.2024 16:00;104,00
10.03.2024 16:00;10.03.2024 17:00;126,10
10.03.2024 17:00;10.03.2024 18:00;132,35
10.03.2024 18:00;10.03.2024 19:00;125,95
10.03.2024 19:00;10.03.2024 20:00;107,23
10.03.2024 20:00;10.03.2024 21:00;131,23
10.03.2024 21:00;10.03.2024 22:00;113,33
10.03.2024 22:00;10.03.2024 23:00;90,31
10.03.2024 23:00;11.03.2024 00:00;88,63
11.03.2024 00:00;11.03.2024 01:00;68,86
11.03.2024 01:00;11.03.2024 02:00;73,95
11.03.2024 02:00;11.03.2024 03:00;80,44
11.03.2024 03:00;11.03.2024 04:00;103,56
11.03.2024 04:00;11.03.2024 05:00;84,55
11.03.2024 05:00;11.03.2024 06:00;105,17
11.03.2024 06:00;11.03.2024 07:00;98,27
11.03.2024 07:00;11.03.2024 08:00;115,70
11.03.2024 08:00;11.03.2024 09:00;117,22
11.03.2024 09:00;11.03.2024 10:00;132,20
11.03.2024 10:00;11.03.2024 11:00;115,70
11.03.2024 11:00;11.03.2024 12:00;103,21
11.03.2024 12:00;11.03.2024 13:00;105,80
11.03.2024 13:00;11.03.2024 14:00;116,27
11.03.2024 14:00;11.03.2024 15:00;107,65
11.03.2024 15:00;11.03.2024 16:00;127,75
11.03.2024 16:00;11.03.2024 17:00;118,54
11.03.2024 17:00;11.03.2024 18:00;155,10
11.03.2024 18:00;11.03.2024 19:00;107,48
11.03.2024 19:00;11.03.2024 20:00;128,70
11.03.2024 20:00;11.03.2024 21:00;105,48
11.03.2024 21:00;11.03.2024 22:00;102,68
11.03.2024 22:00;11.03.2024 23:00;100,37
11.03.2024 23:00;12.03.2024 00:00;63,74
12.03.2024 00:00;12.03.2024 01:00;89,36
12.03.2024 01:00;12.03.2024 02:00;108,74
12.03.2024 02:00;12.03.2024 03:00;81,10
12.03.2024 03:00;12.03.2024 04:00;91,58
12.03.2024 04:00;12.03.2024 05:00;104,17
12.03.2024 05:00;12.03.2024 06:00;95,16
12.03.2024 06:00;12.03.2024 07:00;97,40
12.03.2024 07:00;12.03.2024 08:00;85,06
12.03.2024 08:00;12.03.2024 09:00;126,25
12.03.2024 09:00;12.03.2024 10:00;120,01
12.03.2024 10:00;12.03.2024 11:00;109,61
12.03.2024 11:00;12.03.2024 12:00;123,25
12.03.2024 12:00;12.03.2024 13:00;115,03
12.03.2024 13:00;12.03.2024 14:00;115,96
12.03.2024 14:00;12.03.2024 15:00;129,55
12.03.2024 15:00;12.03.2024 16:00;106,41
12.03.2024 16:00;12.03.2024 17:00;136,34
12.03.2024 17:00;12.03.2024 18:00;109,47
12.03.2024 18:00;12.03.2024 19:00;120,02
12.03.2024 19:00;12.03.2024 20:00;148,98
12.03.2024 20:00;12.03.2024 21:00;132,18
12.03.2024 21:00;12.03.2024 22:00;109,42
12.03.2024 22:00;12.03.2024 23:00;87,03
12.03.2024 23:00;13.03.2024 00:00;84,94
13.03.2024 00:00;13.03.2024 01:00;87,03
13.03.2024 01:00;13.03.2024 02:00;85,99
13.03.2024 02:00;13.03.2024 03:00;85,09
13.03.2024 03:00;13.03.2024 04:00;87,74
13.03.2024 04:00;13.03.2024 05:00;88,94
13.03.2024 05:00;13.03.2024 06:00;79,47
13.03.2024 06:00;13.03.2024 07:00;97,82
13.03.2024 07:00;13.03.2024 08:00;122,98
13.03.2024 08:00;13.03.2024 09:00;101,78
13.03.2024 09:00;13.03.2024 10:00;118,73
13.03.2024 10:00;13.03.2024 11:00;111,57
13.03.2024 11:00;13.03.2024 12:00;122,70
13.03.2024 12:00;13.03.2024 13:00;117,01
13.03.2024 13:00;13.03.2024 14:00;139,67
13.03.2024 14:00;13.03.2024 15:00;128,00
13.03.2024 15:00;13.03.2024 16:00;106,37
13.03.2024 16:00;13.03.2024 17:00;131,47
13.03.2024 17:00;13.03.2024 18:00;116,59
13.03.2024 18:00;13.03.2024 19:00;120,69
13.03.2024 19:00;13.03.2024 20:00;129,31
13.03.2024 20:00;13.03.2024 21:00;112,40
13.03.2024 21:00;13.03.2024 22:00;118,60
13.03.2024 22:00;13.03.2024 23:00;88,66
13.03.2024 23:00;14.03.2024 00:00;83,50
14.03.2024 00:00;14.03.2024 01:00;77,91
14.03.2024 01:00;14.03.2024 02:00;78,39
14.03.2024 02:00;14.03.2024 03:00;99,01
14.03.2024 03:00;14.03.2024 04:00;95,29
14.03.2024 04:00;14.03.2024 05:00;111,66
14.03.2024 05:00;14.03.2024 06:00;123,62
14.03.2024 06:00;14.03.2024 07:00;91,28
14.03.2024 07:00;14.03.2024 08:00;112,49
14.03.2024 08:00;14.03.2024 09:00;103,72
14.03.2024 09:00;14.03.2024 10:00;111,31
14.03.2024 10:00;14.03.2024 11:00;113,48
14.03.2024 11:00;14.03.2024 12:00;108,32
14.03.2024 12:00;14.03.2024 13:00;108,68
14.03.2024 13:00;14.03.2024 14:00;119,84
14.03.2024 14:00;14.03.2024 15:00;106,95
14.03.2024 15:00;14.03.2024 16:00;131,85
14.03.2024 16:00;14.03.2024 17:00;112,03
14.03.2024 17:00;14.03.2024 18:00;159,24
14.03.2024 18:00;14.03.2024 19:00;121,83
14.03.2024 19:00;14.03.2024 20:00;126,04
14.03.2024 20:00;14.03.2024 21:00;102,39
14.03.2024 21:00;14.03.2024 22:00;127,99
14.03.2024 22:00;14.03.2024 23:00;111,03
14.03.2024 23:00;15.03.2024 00:00;94,13
15.03.2024 00:00;15.03.2024 01:00;69,26
15.03.2024 01:00;15.03.2024 02:00;87,34
15.03.2024 02:00;15.03.2024 03:00;71,99
15.03.2024 03:00;15.03.2024 04:00;104,92
15.03.2024 04:00;15.03.2024 05:00;100,49
15.03.2024 05:00;15.03.2024 06:00;97,19
15.03.2024 06:00;15.03.2024 07:00;74,05
15.03.2024 07:00;15.03.2024 08:00;99,47
15.03.2024 08:00;15.03.2024 09:00;125,72
15.03.2024 09:00;15.03.2024 10:00;134,83
15.03.2024 10:00;15.03.2024 11:00;133,98
15.03.2024 11:00;15.03.2024 12:00;101,53
15.03.2024 12:00;15.03.2024 13:00;124,56
15.03.2024 13:00;15.03.2024 14:00;133,39
15.03.2024 14:00;15.03.2024 15:00;101,29
15.03.2024 15:00;15.03.2024 16:00;121,28
15.03.2024 16:00;15.03.2024 17:00;125,97
15.03.2024 17:00;15.03.2024 18:00;121,54
15.03.2024 18:00;15.03.2024 19:00;104,66
15.03.2024 19:00;15.03.2024 20:00;120,90
15.03.2024 20:00;15.03.2024 21:00;113,64
15.03.2024 21:00;15.03.2024 22:00;105,38
15.03.2024 22:00;15.03.2024 23:00;90,46
15.03.2024 23:00;16.03.2024 00:00;84,88
16.03.2024 00:00;16.03.2024 01:00;84,57
16.03.2024 01:00;16.03.2024 02:00;89,75
16.03.2024 02:00;16.03.2024 03:00;81,42
16.03.2024 03:00;16.03.2024 04:00;82,09
16.03.2024 04:00;16.03.2024 05:00;91,51
16.03.2024 05:00;16.03.2024 06:00;72,62
16.03.2024 06:00;16.03.2024 07:00;108,64
16.03.2024 07:00;16.03.2024 08:00;110,90
16.03.2024 08:00;16.03.2024 09:00;117,57
16.03.2024 09:00;16.03.2024 10:00;131,43
16.03.2024 10:00;16.03.2024 11:00;96,87
16.03.2024 11:00;16.03.2024 12:00;96,58
16.03.2024 12:00;16.03.2024 13:00;123,85
16.03.2024 13:00;16.03.2024 14:00;120,75
16.03.2024 14:00;16.03.2024 15:00;122,86
16.03.2024 15:00;16.03.2024 16:00;115,46
16.03.2024 16:00;16.03.2024 17:00;130,28
16.03.2024 17:00;16.03.2024 18:00;135,97
16.03.2024 18:00;16.03.2024 19:00;132,32
16.03.2024 19:00;16.03.2024 20:00;121,31
16.03.2024 20:00;16.03.2024 21:00;91,90
16.03.2024 21:00;16.03.2024 22:00;116,01
16.03.2024 22:00;16.03.2024 23:00;111,51
16.03.2024 23:00;17.03.2024 00:00;97,56
17.03.2024 00:00;17.03.2024 01:00;74,12
17.03.2024 01:00;17.03.2024 02:00;92,15
17.03.2024 02:00;17.03.2024 03:00;95,03
17.03.2024 03:00;17.03.2024 04:00;105,34
17.03.2024 04:00;17.03.2024 05:00;79,52
17.03.2024 05:00;17.03.2024 06:00;92,58
17.03.2024 06:00;17.03.2024 07:00;111,51
17.03.2024 07:00;17.03.2024 08:00;111,22
17.03.2024 08:00;17.03.2024 09:00;103,31
17.03.2024 09:00;17.03.2024 10:00;124,50
17.03.2024 10:00;17.03.2024 11:00;126,87
17.03.2024 11:00;17.03.2024 12:00;120,95
17.03.2024 12:00;17.03.2024 13:00;122,83
17.03.2024 13:00;17.03.2024 14:00;117,36
17.03.2024 14:00;17.03.2024 15:00;138,18
17.03.2024 15:00;17.03.2024 16:00;109,82
17.03.2024 16:00;17.03.2024 17:00;114,89
17.03.2024 17:00;17.03.2024 18:00;124,54
17.03.2024 18:00;17.03.2024 19:00;136,68
17.03.2024 19:00;17.03.2024 20:00;106,09
17.03.2024 20:00;17.03.2024 21:00;101,10
17.03.2024 21:00;17.03.2024 22:00;81,95
17.03.2024 22:00;17.03.2024 23:00;96,87
17.03.2024 23:00;18.03.2024 00:00;76,03
18.03.2024 00:00;18.03.2024 01:00;79,68
18.03.2024 01:00;18.03.2024 02:00;91,62
18.03.2024 02:00;18.03.2024 03:00;76,62
18.03.2024 03:00;18.03.2024 04:00;89,03
18.03.2024 04:00;18.03.2024 05:00;86,06
18.03.2024 05:00;18.03.2024 06:00;102,98
18.03.2024 06:00;18.03.2024 07:00;107,86
18.03.2024 07:00;18.03.2024 08:00;101,85
18.03.2024 08:00;18.03.2024 09:00;114,32
18.03.2024 09:00;18.03.2024 10:00;131,67
18.03.2024 10:00;18.03.2024 11:00;124,27
18.03.2024 11:00;18.03.2024 12:00;102,75
18.03.2024 12:00;18.03.2024 13:00;127,68
18.03.2024 13:00;18.03.2024 14:00;107,07
18.03.2024 14:00;18.03.2024 15:00;137,01
18.03.2024 15:00;18.03.2024 16:00;132,54
18.03.2024 16:00;18.03.2024 17:00;125,03
18.03.2024 17:00;18.03.2024 18:00;125,91
18.03.2024 18:00;18.03.2024 19:00;123,25
18.03.2024 19:00;18.03.2024 20:00;131,83
18.03.2024 20:00;18.03.2024 21:00;111,99
18.03.2024 21:00;18.03.2024 22:00;108,85
18.03.2024 22:00;18.03.2024 23:00;106,56
18.03.2024 23:00;19.03.2024 00:00;82,33
19.03.2024 00:00;19.03.2024 01:00;76,52
19.03.2024 01:00;19.03.2024 02:00;68,97
19.03.2024 02:00;19.03.2024 03:00;71,17
19.03.2024 03:00;19.03.2024 04:00;63,93
19.03.2024 04:00;19.03.2024 05:00;98,03
19.03.2024 05:00;19.03.2024 06:00;116,24
19.03.2024 06:00;19.03.2024 07:00;118,88
19.03.2024 07:00;19.03.2024 08:00;90,25
19.03.2024 08:00;19.03.2024 09:00;124,66
19.03.2024 09:00;19.03.2024 10:00;135,83
19.03.2024 10:00;19.03.2024 11:00;113,68
19.03.2024 11:00;19.03.2024 12:00;120,35
19.03.2024 12:00;19.03.2024 13:00;95,34
19.03.2024 13:00;19.03.2024 14:00;122,90
19.03.2024 14:00;19.03.2024 15:00;106,92
19.03.2024 15:00;19.03.2024 16:00;122,27
19.03.2024 16:00;19.03.2024 17:00;102,44
19.03.2024 17:00;19.03.2024 18:00;130,16
19.03.2024 18:00;19.03.2024 19:00;137,67
19.03.2024 19:00;19.03.2024 20:00;113,90
19.03.2024 20:00;19.03.2024 21:00;102,41
19.03.2024 21:00;19.03.2024 22:00;79,77
19.03.2024 22:00;19.03.2024 23:00;92,52
19.03.2024 23:00;20.03.2024 00:00;81,71
20.03.2024 00:00;20.03.2024 01:00;64,92
20.03.2024 01:00;20.03.2024 02:00;88,36
20.03.2024 02:00;20.03.2024 03:00;78,15
20.03.2024 03:00;20.03.2024 04:00;72,57
20.03.2024 04:00;20.03.2024 05:00;82,23
20.03.2024 05:00;20.03.2024 06:00;107,00
20.03.2024 06:00;20.03.2024 07:00;108,63
20.03.2024 07:00;20.03.2024 08:00;107,82
20.03.2024 08:00;20.03.2024 09:00;123,00
20.03.2024 09:00;20.03.2024 10:00;104,45
20.03.2024 10:00;20.03.2024 11:00;119,17
20.03.2024 11:00;20.03.2024 12:00;120,51
20.03.2024 12:00;20.03.2024 13:00;113,41
20.03.2024 13:00;20.03.2024 14:00;124,54
20.03.2024 14:00;20.03.2024 15:00;109,93
20.03.2024 15:00;20.03.2024 16:00;125,60
20.03.2024 16:00;20.03.2024 17:00;127,41
20.03.2024 17:00;20.03.2024 18:00;88,25
20.03.2024 18:00;20.03.2024 19:00;139,27
20.03.2024 19:00;20.03.2024 20:00;86,34
20.03.2024 20:00;20.03.2024 21:00;108,28
20.03.2024 21:00;20.03.2024 22:00;117,56
20.03.2024 22:00;20.03.2024 23:00;91,52
20.03.2024 23:00;21.03.2024 00:00;70,71
21.03.2024 00:00;21.03.2024 01:00;70,02
21.03.2024 01:00;21.03.2024 02:00;94,85
21.03.2024 02:00;21.03.2024 03:00;60,11
21.03.2024 03:00;21.03.2024 04:00;98,64
21.03.2024 04:00;21.03.2024 05:00;87,83
21.03.2024 05:00;21.03.2024 06:00;79,45
21.03.2024 06:00;21.03.2024 07:00;94,01
21.03.2024 07:00;21.03.2024 08:00;96,79
21.03.2024 08:00;21.03.2024 09:00;125,58
21.03.2024 09:00;21.03.2024 10:00;126,78
21.03.2024 10:00;21.03.2024 11:00;97,76
21.03.2024 11:00;21.03.2024 12:00;113,51
21.03.2024 12:00;21.03.2024 13:00;108,30
21.03.2024 13:00;21.03.2024 14:00;134,45
21.03.2024 14:00;21.03.2024 15:00;102,70
21.03.2024 15:00;21.03.2024 16:00;138,35
21.03.2024 16:00;21.03.2024 17:00;120,00
21.03.2024 17:00;21.03.2024 18:00;108,93
21.03.2024 18:00;21.03.2024 19:00;116,47
21.03.2024 19:00;21.03.2024 20:00;112,91
21.03.2024 20:00;21.03.2024 21:00;99,99
21.03.2024 21:00;21.03.2024 22:00;106,01
21.03.2024 22:00;21.03.2024 23:00;80,21
21.03.2024 23:00;22.03.2024 00:00;61,75
22.03.2024 00:00;22.03.2024 01:00;78,19
22.03.2024 01:00;22.03.2024 02:00;60,50
22.03.2024 02:00;22.03.2024 03:00;73,75
22.03.2024 03:00;22.03.2024 04:00;73,79
22.03.2024 04:00;22.03.2024 05:00;77,65
22.03.2024 05:00;22.03.2024 06:00;117,38
22.03.2024 06:00;22.03.2024 07:00;101,29
22.03.2024 07:00;22.03.2024 08:00;111,54
22.03.2024 08:00;22.03.2024 09:00;93,48
22.03.2024 09:00;22.03.2024 10:00;109,75
22.03.2024 10:00;22.03.2024 11:00;120,58
22.03.2024 11:00;22.03.2024 12:00;105,67
22.03.2024 12:00;22.03.2024 13:00;129,16
22.03.2024 13:00;22.03.2024 14:00;104,10
22.03.2024 14:00;22.03.2024 15:00;115,08
22.03.2024 15:00;22.03.2024 16:00;111,67
22.03.2024 16:00;22.03.2024 17:00;121,98
22.03.2024 17:00;22.03.2024 18:00;114,79
22.03.2024 18:00;22.03.2024 19:00;120,96
22.03.2024 19:00;22.03.2024 20:00;119,30
22.03.2024 20:00;22.03.2024 21:00;106,08
22.03.2024 21:00;22.03.2024 22:00;110,30
22.03.2024 22:00;22.03.2024 23:00;97,41
22.03.2024 23:00;23.03.2024 00:00;86,46
23.03.2024 00:00;23.03.2024 01:00;77,19
23.03.2024 01:00;23.03.2024 02:00;91,30
23.03.2024 02:00;23.03.2024 03:00;79,55
23.03.2024 03:00;23.03.2024 04:00;80,63
23.03.2024 04:00;23.03.2024 05:00;88,96
23.03.2024 05:00;23.03.2024 06:00;113,33
23.03.2024 06:00;23.03.2024 07:00;84,13
23.03.2024 07:00;23.03.2024 08:00;117,44
23.03.2024 08:00;23.03.2024 09:00;91,68
23.03.2024 09:00;23.03.2024 10:00;119,81
23.03.2024 10:00;23.03.2024 11:00;136,50
23.03.2024 11:00;23.03.2024 12:00;123,43
23.03.2024 12:00;23.03.2024 13:00;119,92
23.03.2024 13:00;23.03.2024 14:00;111,41
23.03.2024 14:00;23.03.2024 15:00;118,49
23.03.2024 15:00;23.03.2024 16:00;115,28
23.03.2024 16:00;23.03.2024 17:00;110,18
23.03.2024 17:00;23.03.2024 18:00;118,61
23.03.2024 18:00;23.03.2024 19:00;126,20
23.03.2024 19:00;23.03.2024 20:00;112,53
23.03.2024 20:00;23.03.2024 21:00;104,82
23.03.2024 21:00;23.03.2024 22:00;87,76
23.03.2024 22:00;23.03.2024 23:00;98,84
23.03.2024 23:00;24.03.2024 00:00;93,67
24.03.2024 00:00;24.03.2024 01:00;84,74
24.03.2024 01:00;24.03.2024 02:00;92,93
24.03.2024 02:00;24.03.2024 03:00;83,04
24.03.2024 03:00;24.03.2024 04:00;88,61
24.03.2024 04:00;24.03.2024 05:00;90,96
24.03.2024 05:00;24.03.2024 06:00;91,48
24.03.2024 06:00;24.03.2024 07:00;93,45
24.03.2024 07:00;24.03.2024 08:00;134,38
24.03.2024 08:00;24.03.2024 09:00;108,58
24.03.2024 09:00;24.03.2024 10:00;108,82
24.03.2024 10:00;24.03.2024 11:00;122,41
24.03.2024 11:00;24.03.2024 12:00;120,19
24.03.2024 12:00;24.03.2024 13:00;100,62
24.03.2024 13:00;24.03.2024 14:00;131,21
24.03.2024 14:00;24.03.2024 15:00;116,59
24.03.2024 15:00;24.03.2024 16:00;104,58
24.03.2024 16:00;24.03.2024 17:00;133,48
24.03.2024 17:00;24.03.2024 18:00;129,19
24.03.2024 18:00;24.03.2024 19:00;108,24
24.03.2024 19:00;24.03.2024 20:00;142,67
24.03.2024 20:00;24.03.2024 21:00;122,00
24.03.2024 21:00;24.03.2024 22:00;103,56
24.03.2024 22:00;24.03.2024 23:00;112,84
24.03.2024 23:00;25.03.2024 00:00;88,64
25.03.2024 00:00;25.03.2024 01:00;81,22
25.03.2024 01:00;25.03.2024 02:00;73,02
25.03.2024 02:00;25.03.2024 03:00;88,56
25.03.2024 03:00;25.03.2024 04:00;89,23
25.03.2024 04:00;25.03.2024 05:00;87,09
25.03.2024 05:00;25.03.2024 06:00;82,69
25.03.2024 06:00;25.03.2024 07:00;100,98
25.03.2024 07:00;25.03.2024 08:00;106,57
25.03.2024 08:00;25.03.2024 09:00;97,60
25.03.2024 09:00;25.03.2024 10:00;98,75
25.03.2024 10:00;25.03.2024 11:00;123,59
25.03.2024 11:00;25.03.2024 12:00;85,55
25.03.2024 12:00;25.03.2024 13:00;119,54
25.03.2024 13:00;25.03.2024 14:00;111,60
25.03.2024 14:00;25.03.2024 15:00;133,02
25.03.2024 15:00;25.03.2024 16:00;111,59
25.03.2024 16:00;25.03.2024 17:00;126,73
25.03.2024 17:00;25.03.2024 18:00;116,52
25.03.2024 18:00;25.03.2024 19:00;124,38
25.03.2024 19:00;25.03.2024 20:00;129,78
25.03.2024 20:00;25.03.2024 21:00;108,15
25.03.2024 21:00;25.03.2024 22:00;115,24
25.03.2024 22:00;25.03.2024 23:00;81,43
25.03.2024 23:00;26.03.2024 00:00;89,87
26.03.2024 00:00;26.03.2024 01:00;92,22
26.03.2024 01:00;26.03.2024 02:00;88,46
26.03.2024 02:00;26.03.2024 03:00;104,17
26.03.2024 03:00;26.03.2024 04:00;73,94
26.03.2024 04:00;26.03.2024 05:00;69,96
26.03.2024 05:00;26.03.2024 06:00;79,84
26.03.2024 06:00;26.03.2024 07:00;106,94
26.03.2024 07:00;26.03.2024 08:00;112,98
26.03.2024 08:00;26.03.2024 09:00;114,43
26.03.2024 09:00;26.03.2024 10:00;102,53
26.03.2024 10:00;26.03.2024 11:00;125,60
26.03.2024 11:00;26.03.2024 12:00;101,67
26.03.2024 12:00;26.03.2024 13:00;130,58
26.03.2024 13:00;26.03.2024 14:00;151,23
26.03.2024 14:00;26.03.2024 15:00;121,31
26.03.2024 15:00;26.03.2024 16:00;124,11
26.03.2024 16:00;26.03.2024 17:00;112,50
26.03.2024 17:00;26.03.2024 18:00;99,16
26.03.2024 18:00;26.03.2024 19:00;115,38
26.03.2024 19:00;26.03.2024 20:00;107,42
26.03.2024 20:00;26.03.2024 21:00;95,93
26.03.2024 21:00;26.03.2024 22:00;123,55
26.03.2024 22:00;26.03.2024 23:00;96,23
26.03.2024 23:00;27.03.2024 00:00;90,48
27.03.2024 00:00;27.03.2024 01:00;77,04
27.03.2024 01:00;27.03.2024 02:00;78,06
27.03.2024 02:00;27.03.2024 03:00;92,35
27.03.2024 03:00;27.03.2024 04:00;82,31
27.03.2024 04:00;27.03.2024 05:00;92,47
27.03.2024 05:00;27.03.2024 06:00;89,01
27.03.2024 06:00;27.03.2024 07:00;94,50
27.03.2024 07:00;27.03.2024 08:00;89,72
27.03.2024 08:00;27.03.2024 09:00;89,06
27.03.2024 09:00;27.03.2024 10:00;112,46
27.03.2024 10:00;27.03.2024 11:00;116,67
27.03.2024 11:00;27.03.2024 12:00;100,53
27.03.2024 12:00;27.03.2024 13:00;115,85
27.03.2024 13:00;27.03.2024 14:00;117,18
27.03.2024 14:00;27.03.2024 15:00;90,64
27.03.2024 15:00;27.03.2024 16:00;105,72
27.03.2024 16:00;27.03.2024 17:00;122,89
27.03.2024 17:00;27.03.2024 18:00;125,12
27.03.2024 18:00;27.03.2024 19:00;108,36
27.03.2024 19:00;27.03.2024 20:00;122,03
27.03.2024 20:00;27.03.2024 21:00;125,16
27.03.2024 21:00;27.03.2024 22:00;111,80
27.03.2024 22:00;27.03.2024 23:00;91,40
27.03.2024 23:00;28.03.2024 00:00;79,91
28.03.2024 00:00;28.03.2024 01:00;72,79
28.03.2024 01:00;28.03.2024 02:00;85,34
28.03.2024 02:00;28.03.2024 03:00;82,70
28.03.2024 03:00;28.03.2024 04:00;89,84
28.03.2024 04:00;28.03.2024 05:00;87,27
28.03.2024 05:00;28.03.2024 06:00;100,78
28.03.2024 06:00;28.03.2024 07:00;99,34
28.03.2024 07:00;28.03.2024 08:00;115,61
28.03.2024 08:00;28.03.2024 09:00;122,83
28.03.2024 09:00;28.03.2024 10:00;105,54
28.03.2024 10:00;28.03.2024 11:00;93,89
28.03.2024 11:00;28.03.2024 12:00;134,07
28.03.2024 12:00;28.03.2024 13:00;118,93
28.03.2024 13:00;28.03.2024 14:00;95,55
28.03.2024 14:00;28.03.2024 15:00;107,54
28.03.2024 15:00;28.03.2024 16:00;125,56
28.03.2024 16:00;28.03.2024 17:00;114,24
28.03.2024 17:00;28.03.2024 18:00;113,92
28.03.2024 18:00;28.03.2024 19:00;138,61
28.03.2024 19:00;28.03.2024 20:00;107,16
28.03.2024 20:00;28.03.2024 21:00;102,90
28.03.2024 21:00;28.03.2024 22:00;104,61
28.03.2024 22:00;28.03.2024 23:00;96,83
28.03.2024 23:00;29.03.2024 00:00;91,07
29.03.2024 00:00;29.03.2024 01:00;90,86
29.03.2024 01:00;29.03.2024 02:00;81,70
29.03.2024 02:00;29.03.2024 03:00;85,83
29.03.2024 03:00;29.03.2024 04:00;78,77
29.03.2024 04:00;29.03.2024 05:00;86,03
29.03.2024 05:00;29.03.2024 06:00;91,84
29.03.2024 06:00;29.03.2024 07:00;100,37
29.03.2024 07:00;29.03.2024 08:00;115,05
29.03.2024 08:00;29.03.2024 09:00;118,64
29.03.2024 09:00;29.03.2024 10:00;115,31
29.03.2024 10:00;29.03.2024 11:00;105,47
29.03.2024 11:00;29.03.2024 12:00;115,95
29.03.2024 12:00;29.03.2024 13:00;115,11
29.03.2024 13:00;29.03.2024 14:00;118,03
29.03.2024 14:00;29.03.2024 15:00;142,17
29.03.2024 15:00;29.03.2024 16:00;109,60
29.03.2024 16:00;29.03.2024 17:00;122,25
29.03.2024 17:00;29.03.2024 18:00;132,48
29.03.2024 18:00;29.03.2024 19:00;122,56
29.03.2024 19:00;29.03.2024 20:00;147,37
29.03.2024 20:00;29.03.2024 21:00;107,53
29.03.2024 21:00;29.03.2024 22:00;105,55
29.03.2024 22:00;29.03.2024 23:00;82,14
29.03.2024 23:00;30.03.2024 00:00;80,49
30.03.2024 00:00;30.03.2024 01:00;82,50
30.03.2024 01:00;30.03.2024 02:00;89,06
30.03.2024 02:00;30.03.2024 03:00;83,37
30.03.2024 03:00;30.03.2024 04:00;96,58
30.03.2024 04:00;30.03.2024 05:00;83,73
30.03.2024 05:00;30.03.2024 06:00;86,15
30.03.2024 06:00;30.03.2024 07:00;129,83
30.03.2024 07:00;30.03.2024 08:00;110,10
30.03.2024 08:00;30.03.2024 09:00;102,93
30.03.2024 09:00;30.03.2024 10:00;106,04
30.03.2024 10:00;30.03.2024 11:00;103,45
30.03.2024 11:00;30.03.2024 12:00;125,97
30.03.2024 12:00;30.03.2024 13:00;110,66
30.03.2024 13:00;30.03.2024 14:00;116,83
30.03.2024 14:00;30.03.2024 15:00;114,52
30.03.2024 15:00;30.03.2024 16:00;124,25
30.03.2024 16:00;30.03.2024 17:00;106,61
30.03.2024 17:00;30.03.2024 18:00;106,34
30.03.2024 18:00;30.03.2024 19:00;123,67
30.03.2024 19:00;30.03.2024 20:00;126,11
30.03.2024 20:00;30.03.2024 21:00;115,65
30.03.2024 21:00;30.03.2024 22:00;91,53
30.03.2024 22:00;30.03.2024 23:00;99,45
30.03.2024 23:00;31.03.2024 00:00;75,37
31.03.2024 00:00;31.03.2024 01:00;72,84
31.03.2024 01:00;31.03.2024 02:00;67,16
31.03.2024 02:00;31.03.2024 03:00;94,74
31.03.2024 03:00;31.03.2024 04:00;88,66
31.03.2024 04:00;31.03.2024 05:00;91,71
31.03.2024 05:00;31.03.2024 06:00;104,68
31.03.2024 06:00;31.03.2024 07:00;130,70
31.03.2024 07:00;31.03.2024 08:00;84,31
31.03.2024 08:00;31.03.2024 09:00;101,43
31.03.2024 09:00;31.03.2024 10:00;102,74
31.03.2024 10:00;31.03.2024 11:00;91,87
31.03.2024 11:00;31.03.2024 12:00;73,15
31.03.2024 12:00;31.03.2024 13:00;4,47
31.03.2024 13:00;31.03.2024 14:00;45,29
31.03.2024 14:00;31.03.2024 15:00;72,33
31.03.2024 15:00;31.03.2024 16:00;87,44
31.03.2024 16:00;31.03.2024 17:00;109,86
31.03.2024 17:00;31.03.2024 18:00;121,10
31.03.2024 18:00;31.03.2024 19:00;126,94
31.03.2024 19:00;31.03.2024 20:00;113,87
31.03.2024 20:00;31.03.2024 21:00;136,68
31.03.2024 21:00;31.03.2024 22:00;103,64
31.03.2024 22:00;31.03.2024 23:00;68,55
31.03.2024 23:00;01.04.2024 00:00;71,85
01.04.2024 00:00;01.04.2024 01:00;57,80
01.04.2024 01:00;01.04.2024 02:00;78,28
01.04.2024 02:00;01.04.2024 03:00;77,25
01.04.2024 03:00;01.04.2024 04:00;75,02
01.04.2024 04:00;01.04.2024 05:00;108,17
01.04.2024 05:00;01.04.2024 06:00;95,89
01.04.2024 06:00;01.04.2024 07:00;105,24
01.04.2024 07:00;01.04.2024 08:00;93,23
01.04.2024 08:00;01.04.2024 09:00;97,89
01.04.2024 09:00;01.04.2024 10:00;110,16
01.04.2024 10:00;01.04.2024 11:00;103,74
01.04.2024 11:00;01.04.2024 12:00;63,38
01.04.2024 12:00;01.04.2024 13:00;65,48
01.04.2024 13:00;01.04.2024 14:00;59,64
01.04.2024 14:00;01.04.2024 15:00;65,31
01.04.2024 15:00;01.04.2024 16:00;76,64
01.04.2024 16:00;01.04.2024 17:00;97,20
01.04.2024 17:00;01.04.2024 18:00;112,47
01.04.2024 18:00;01.04.2024 19:00;120,38
01.04.2024 19:00;01.04.2024 20:00;125,19
01.04.2024 20:00;01.04.2024 21:00;123,78
01.04.2024 21:00;01.04.2024 22:00;96,88
01.04.2024 22:00;01.04.2024 23:00;85,01
01.04.2024 23:00;02.04.2024 00:00;88,71
02.04.2024 00:00;02.04.2024 01:00;85,60
02.04.2024 01:00;02.04.2024 02:00;72,45
02.04.2024 02:00;02.04.2024 03:00;87,78
02.04.2024 03:00;02.04.2024 04:00;91,97
02.04.2024 04:00;02.04.2024 05:00;99,12
02.04.2024 05:00;02.04.2024 06:00;110,22
02.04.2024 06:00;02.04.2024 07:00;85,72
02.04.2024 07:00;02.04.2024 08:00;104,15
02.04.2024 08:00;02.04.2024 09:00;109,59
02.04.2024 09:00;02.04.2024 10:00;108,12
02.04.2024 10:00;02.04.2024 11:00;93,45
02.04.2024 11:00;02.04.2024 12:00;67,42
02.04.2024 12:00;02.04.2024 13:00;68,34
02.04.2024 13:00;02.04.2024 14:00;49,83
02.04.2024 14:00;02.04.2024 15:00;68,51
02.04.2024 15:00;02.04.2024 16:00;76,46
02.04.2024 16:00;02.04.2024 17:00;90,06
02.04.2024 17:00;02.04.2024 18:00;116,99
02.04.2024 18:00;02.04.2024 19:00;120,68
02.04.2024 19:00;02.04.2024 20:00;124,47
02.04.2024 20:00;02.04.2024 21:00;136,62
02.04.2024 21:00;02.04.2024 22:00;103,32
02.04.2024 22:00;02.04.2024 23:00;95,89
02.04.2024 23:00;03.04.2024 00:00;70,11
03.04.2024 00:00;03.04.2024 01:00;62,40
03.04.2024 01:00;03.04.2024 02:00;96,23
03.04.2024 02:00;03.04.2024 03:00;66,79
03.04.2024 03:00;03.04.2024 04:00;67,27
03.04.2024 04:00;03.04.2024 05:00;82,73
03.04.2024 05:00;03.04.2024 06:00;87,38
03.04.2024 06:00;03.04.2024 07:00;84,86
03.04.2024 07:00;03.04.2024 08:00;99,90
03.04.2024 08:00;03.04.2024 09:00;123,79
03.04.2024 09:00;03.04.2024 10:00;99,20
03.04.2024 10:00;03.04.2024 11:00;84,10
03.04.2024 11:00;03.04.2024 12:00;96,13
03.04.2024 12:00;03.04.2024 13:00;72,71
03.04.2024 13:00;03.04.2024 14:00;51,19
03.04.2024 14:00;03.04.2024 15:00;48,07
03.04.2024 15:00;03.04.2024 16:00;76,63
03.04.2024 16:00;03.04.2024 17:00;102,17
03.04.2024 17:00;03.04.2024 18:00;127,74
03.04.2024 18:00;03.04.2024 19:00;106,01
03.04.2024 19:00;03.04.2024 20:00;116,08
03.04.2024 20:00;03.04.2024 21:00;118,08
03.04.2024 21:00;03.04.2024 22:00;71,00
03.04.2024 22:00;03.04.2024 23:00;102,05
03.04.2024 23:00;04.04.2024 00:00;68,43
04.04.2024 00:00;04.04.2024 01:00;81,41
04.04.2024 01:00;04.04.2024 02:00;79,77
04.04.2024 02:00;04.04.2024 03:00;90,46
04.04.2024 03:00;04.04.2024 04:00;85,99
04.04.2024 04:00;04.04.2024 05:00;54,25
04.04.2024 05:00;04.04.2024 06:00;78,62
04.04.2024 06:00;04.04.2024 07:00;96,93
04.04.2024 07:00;04.04.2024 08:00;100,80
04.04.2024 08:00;04.04.2024 09:00;114,35
04.04.2024 09:00;04.04.2024 10:00;117,93
04.04.2024 10:00;04.04.2024 11:00;107,70
04.04.2024 11:00;04.04.2024 12:00;81,83
04.04.2024 12:00;04.04.2024 13:00;44,23
04.04.2024 13:00;04.04.2024 14:00;52,74
04.04.2024 14:00;04.04.2024 15:00;71,63
04.04.2024 15:00;04.04.2024 16:00;72,06
04.04.2024 16:00;04.04.2024 17:00;109,98
04.04.2024 17:00;04.04.2024 18:00;124,23
04.04.2024 18:00;04.04.2024 19:00;119,55
04.04.2024 19:00;04.04.2024 20:00;79,91
04.04.2024 20:00;04.04.2024 21:00;94,21
04.04.2024 21:00;04.04.2024 22:00;121,79
04.04.2024 22:00;04.04.2024 23:00;82,67
04.04.2024 23:00;05.04.2024 00:00;58,39
05.04.2024 00:00;05.04.2024 01:00;91,82
05.04.2024 01:00;05.04.2024 02:00;76,55
05.04.2024 02:00;05.04.2024 03:00;90,29
05.04.2024 03:00;05.04.2024 04:00;82,28
05.04.2024 04:00;05.04.2024 05:00;87,86
05.04.2024 05:00;05.04.2024 06:00;91,97
05.04.2024 06:00;05.04.2024 07:00;103,22
05.04.2024 07:00;05.04.2024 08:00;130,05
05.04.2024 08:00;05.04.2024 09:00;119,85
05.04.2024 09:00;05.04.2024 10:00;89,07
05.04.2024 10:00;05.04.2024 11:00;105,34
05.04.2024 11:00;05.04.2024 12:00;97,68
05.04.2024 12:00;05.04.2024 13:00;80,39
05.04.2024 13:00;05.04.2024 14:00;52,67
05.04.2024 14:00;05.04.2024 15:00;80,19
05.04.2024 15:00;05.04.2024 16:00;95,85
05.04.2024 16:00;05.04.2024 17:00;132,86
05.04.2024 17:00;05.04.2024 18:00;103,91
05.04.2024 18:00;05.04.2024 19:00;111,52
05.04.2024 19:00;05.04.2024 20:00;112,58
05.04.2024 20:00;05.04.2024 21:00;103,25
05.04.2024 21:00;05.04.2024 22:00;88,05
05.04.2024 22:00;05.04.2024 23:00;55,65
05.04.2024 23:00;06.04.2024 00:00;76,56
06.04.2024 00:00;06.04.2024 01:00;81,01
06.04.2024 01:00;06.04.2024 02:00;70,05
06.04.2024 02:00;06.04.2024 03:00;99,83
06.04.2024 03:00;06.04.2024 04:00;78,69
06.04.2024 04:00;06.04.2024 05:00;97,42
06.04.2024 05:00;06.04.2024 06:00;90,33
06.04.2024 06:00;06.04.2024 07:00;104,34
06.04.2024 07:00;06.04.2024 08:00;105,64
06.04.2024 08:00;06.04.2024 09:00;124,20
06.04.2024 09:00;06.04.2024 10:00;108,28
06.04.2024 10:00;06.04.2024 11:00;105,51
06.04.2024 11:00;06.04.2024 12:00;87,95
06.04.2024 12:00;06.04.2024 13:00;62,08
06.04.2024 13:00;06.04.2024 14:00;62,22
06.04.2024 14:00;06.04.2024 15:00;92,60
06.04.2024 15:00;06.04.2024 16:00;81,05
06.04.2024 16:00;06.04.2024 17:00;106,60
06.04.2024 17:00;06.04.2024 18:00;127,58
06.04.2024 18:00;06.04.2024 19:00;130,87
06.04.2024 19:00;06.04.2024 20:00;115,97
06.04.2024 20:00;06.04.2024 21:00;80,10
06.04.2024 21:00;06.04.2024 22:00;104,51
06.04.2024 22:00;06.04.2024 23:00;61,74
06.04.2024 23:00;07.04.2024 00:00;98,99
07.04.2024 00:00;07.04.2024 01:00;78,19
07.04.2024 01:00;07.04.2024 02:00;87,54
07.04.2024 02:00;07.04.2024 03:00;65,35
07.04.2024 03:00;07.04.2024 04:00;59,47
07.04.2024 04:00;07.04.2024 05:00;84,63
07.04.2024 05:00;07.04.2024 06:00;86,37
07.04.2024 06:00;07.04.2024 07:00;88,10
07.04.2024 07:00;07.04.2024 08:00;102,88
07.04.2024 08:00;07.04.2024 09:00;140,55
07.04.2024 09:00;07.04.2024 10:00;117,20
07.04.2024 10:00;07.04.2024 11:00;111,72
07.04.2024 11:00;07.04.2024 12:00;93,25
07.04.2024 12:00;07.04.2024 13:00;82,87
07.04.2024 13:00;07.04.2024 14:00;54,66
07.04.2024 14:00;07.04.2024 15:00;40,70
07.04.2024 15:00;07.04.2024 16:00;81,61
07.04.2024 16:00;07.04.2024 17:00;110,88
07.04.2024 17:00;07.04.2024 18:00;100,42
07.04.2024 18:00;07.04.2024 19:00;114,64
07.04.2024 19:00;07.04.2024 20:00;107,10
07.04.2024 20:00;07.04.2024 21:00;126,30
07.04.2024 21:00;07.04.2024 22:00;106,87
07.04.2024 22:00;07.04.2024 23:00;95,77
07.04.2024 23:00;08.04.2024 00:00;88,39
08.04.2024 00:00;08.04.2024 01:00;75,28
08.04.2024 01:00;08.04.2024 02:00;77,49
08.04.2024 02:00;08.04.2024 03:00;61,53
08.04.2024 03:00;08.04.2024 04:00;51,44
08.04.2024 04:00;08.04.2024 05:00;82,88
08.04.2024 05:00;08.04.2024 06:00;90,23
08.04.2024 06:00;08.04.2024 07:00;108,08
08.04.2024 07:00;08.04.2024 08:00;120,30
08.04.2024 08:00;08.04.2024 09:00;125,76
08.04.2024 09:00;08.04.2024 10:00;94,78
08.04.2024 10:00;08.04.2024 11:00;94,48
08.04.2024 11:00;08.04.2024 12:00;88,47
08.04.2024 12:00;08.04.2024 13:00;95,07
08.04.2024 13:00;08.04.2024 14:00;74,27
08.04.2024 14:00;08.04.2024 15:00;78,37
08.04.2024 15:00;08.04.2024 16:00;78,79
08.04.2024 16:00;08.04.2024 17:00;90,11
08.04.2024 17:00;08.04.2024 18:00;121,10
08.04.2024 18:00;08.04.2024 19:00;103,13
08.04.2024 19:00;08.04.2024 20:00;112,11
08.04.2024 20:00;08.04.2024 21:00;106,48
08.04.2024 21:00;08.04.2024 22:00;116,57
08.04.2024 22:00;08.04.2024 23:00;83,27
08.04.2024 23:00;09.04.2024 00:00;51,23
09.04.2024 00:00;09.04.2024 01:00;81,35
09.04.2024 01:00;09.04.2024 02:00;66,30
09.04.2024 02:00;09.04.2024 03:00;75,83
09.04.2024 03:00;09.04.2024 04:00;76,21
09.04.2024 04:00;09.04.2024 05:00;77,37
09.04.2024 05:00;09.04.2024 06:00;95,40
09.04.2024 06:00;09.04.2024 07:00;74,75
09.04.2024 07:00;09.04.2024 08:00;94,81
09.04.2024 08:00;09.04.2024 09:00;114,70
09.04.2024 09:00;09.04.2024 10:00;98,96
09.04.2024 10:00;09.04.2024 11:00;78,97
09.04.2024 11:00;09.04.2024 12:00;90,30
09.04.2024 12:00;09.04.2024 13:00;77,73
09.04.2024 13:00;09.04.2024 14:00;55,54
09.04.2024 14:00;09.04.2024 15:00;40,98
09.04.2024 15:00;09.04.2024 16:00;91,49
09.04.2024 16:00;09.04.2024 17:00;80,36
09.04.2024 17:00;09.04.2024 18:00;114,91
09.04.2024 18:00;09.04.2024 19:00;105,26
09.04.2024 19:00;09.04.2024 20:00;100,63
09.04.2024 20:00;09.04.2024 21:00;102,12
09.04.2024 21:00;09.04.2024 22:00;94,83
09.04.2024 22:00;09.04.2024 23:00;79,37
09.04.2024 23:00;10.04.2024 00:00;87,14
10.04.2024 00:00;10.04.2024 01:00;69,52
10.04.2024 01:00;10.04.2024 02:00;86,02
10.04.2024 02:00;10.04.2024 03:00;78,27
10.04.2024 03:00;10.04.2024 04:00;68,45
10.04.2024 04:00;10.04.2024 05:00;69,83
10.04.2024 05:00;10.04.2024 06:00;65,72
10.04.2024 06:00;10.04.2024 07:00;96,20
10.04.2024 07:00;10.04.2024 08:00;96,33
10.04.2024 08:00;10.04.2024 09:00;77,60
10.04.2024 09:00;10.04.2024 10:00;99,47
10.04.2024 10:00;10.04.2024 11:00;87,03
10.04.2024 11:00;10.04.2024 12:00;100,75
10.04.2024 12:00;10.04.2024 13:00;43,40
10.04.2024 13:00;10.04.2024 14:00;38,36
10.04.2024 14:00;10.04.2024 15:00;77,40
10.04.2024 15:00;10.04.2024 16:00;98,87
10.04.2024 16:00;10.04.2024 17:00;90,91
10.04.2024 17:00;10.04.2024 18:00;103,19
10.04.2024 18:00;10.04.2024 19:00;122,87
10.04.2024 19:00;10.04.2024 20:00;86,19
10.04.2024 20:00;10.04.2024 21:00;84,66
10.04.2024 21:00;10.04.2024 22:00;93,23
10.04.2024 22:00;10.04.2024 23:00;105,27
10.04.2024 23:00;11.04.2024 00:00;74,42
11.04.2024 00:00;11.04.2024 01:00;75,65
11.04.2024 01:00;11.04.2024 02:00;87,44
11.04.2024 02:00;11.04.2024 03:00;99,75
11.04.2024 03:00;11.04.2024 04:00;69,47
11.04.2024 04:00;11.04.2024 05:00;79,59
11.04.2024 05:00;11.04.2024 06:00;106,92
11.04.2024 06:00;11.04.2024 07:00;74,02
11.04.2024 07:00;11.04.2024 08:00;112,49
11.04.2024 08:00;11.04.2024 09:00;93,41
11.04.2024 09:00;11.04.2024 10:00;106,70
11.04.2024 10:00;11.04.2024 11:00;94,51
11.04.2024 11:00;11.04.2024 12:00;69,92
11.04.2024 12:00;11.04.2024 13:00;51,60
11.04.2024 13:00;11.04.2024 14:00;58,54
11.04.2024 14:00;11.04.2024 15:00;75,60
11.04.2024 15:00;11.04.2024 16:00;80,60
11.04.2024 16:00;11.04.2024 17:00;100,27
11.04.2024 17:00;11.04.2024 18:00;117,20
11.04.2024 18:00;11.04.2024 19:00;103,39
11.04.2024 19:00;11.04.2024 20:00;122,57
11.04.2024 20:00;11.04.2024 21:00;116,40
11.04.2024 21:00;11.04.2024 22:00;127,41
11.04.2024 22:00;11.04.2024 23:00;81,73
11.04.2024 23:00;12.04.2024 00:00;73,72
12.04.2024 00:00;12.04.2024 01:00;83,24
12.04.2024 01:00;12.04.2024 02:00;83,23
12.04.2024 02:00;12.04.2024 03:00;67,62
12.04.2024 03:00;12.04.2024 04:00;71,13
12.04.2024 04:00;12.04.2024 05:00;85,86
12.04.2024 05:00;12.04.2024 06:00;74,70
12.04.2024 06:00;12.04.2024 07:00;86,93
12.04.2024 07:00;12.04.2024 08:00;100,80
12.04.2024 08:00;12.04.2024 09:00;117,16
12.04.2024 09:00;12.04.2024 10:00;97,79
12.04.2024 10:00;12.04.2024 11:00;74,88
12.04.2024 11:00;12.04.2024 12:00;57,99
12.04.2024 12:00;12.04.2024 13:00;47,86
12.04.2024 13:00;12.04.2024 14:00;39,04
12.04.2024 14:00;12.04.2024 15:00;61,36
12.04.2024 15:00;12.04.2024 16:00;67,46
12.04.2024 16:00;12.04.2024 17:00;90,56
12.04.2024 17:00;12.04.2024 18:00;100,63
12.04.2024 18:00;12.04.2024 19:00;109,33
12.04.2024 19:00;12.04.2024 20:00;129,13
12.04.2024 20:00;12.04.2024 21:00;114,08
12.04.2024 21:00;12.04.2024 22:00;95,93
12.04.2024 22:00;12.04.2024 23:00;80,28
12.04.2024 23:00;13.04.2024 00:00;73,59
13.04.2024 00:00;13.04.2024 01:00;77,51
13.04.2024 01:00;13.04.2024 02:00;79,98
13.04.2024 02:00;13.04.2024 03:00;62,71
13.04.2024 03:00;13.04.2024 04:00;75,97
13.04.2024 04:00;13.04.2024 05:00;54,56
13.04.2024 05:00;13.04.2024 06:00;86,74
13.04.2024 06:00;13.04.2024 07:00;100,57
13.04.2024 07:00;13.04.2024 08:00;95,94
13.04.2024 08:00;13.04.2024 09:00;126,57
13.04.2024 09:00;13.04.2024 10:00;94,04
13.04.2024 10:00;13.04.2024 11:00;99,17
13.04.2024 11:00;13.04.2024 12:00;80,13
13.04.2024 12:00;13.04.2024 13:00;61,34
13.04.2024 13:00;13.04.2024 14:00;53,00
13.04.2024 14:00;13.04.2024 15:00;64,07
13.04.2024 15:00;13.04.2024 16:00;91,47
13.04.2024 16:00;13.04.2024 17:00;115,10
13.04.2024 17:00;13.04.2024 18:00;109,46
13.04.2024 18:00;13.04.2024 19:00;123,97
13.04.2024 19:00;13.04.2024 20:00;104,41
13.04.2024 20:00;13.04.2024 21:00;114,90
13.04.2024 21:00;13.04.2024 22:00;86,17
13.04.2024 22:00;13.04.2024 23:00;98,47
13.04.2024 23:00;14.04.2024 00:00;104,88
14.04.2024 00:00;14.04.2024 01:00;71,69
14.04.2024 01:00;14.04.2024 02:00;46,23
14.04.2024 02:00;14.04.2024 03:00;66,60
14.04.2024 03:00;14.04.2024 04:00;89,89
14.04.2024 04:00;14.04.2024 05:00;85,14
14.04.2024 05:00;14.04.2024 06:00;86,75
14.04.2024 06:00;14.04.2024 07:00;103,10
14.04.2024 07:00;14.04.2024 08:00;104,68
14.04.2024 08:00;14.04.2024 09:00;118,96
14.04.2024 09:00;14.04.2024 10:00;115,21
14.04.2024 10:00;14.04.2024 11:00;114,39
14.04.2024 11:00;14.04.2024 12:00;84,43
14.04.2024 12:00;14.04.2024 13:00;72,97
14.04.2024 13:00;14.04.2024 14:00;50,25
14.04.2024 14:00;14.04.2024 15:00;55,14
14.04.2024 15:00;14.04.2024 16:00;101,35
14.04.2024 16:00;14.04.2024 17:00;100,73
14.04.2024 17:00;14.04.2024 18:00;118,72
14.04.2024 18:00;14.04.2024 19:00;115,24
14.04.2024 19:00;14.04.2024 20:00;105,36
14.04.2024 20:00;14.04.2024 21:00;105,41
14.04.2024 21:00;14.04.2024 22:00;112,11
14.04.2024 22:00;14.04.2024 23:00;91,62
14.04.2024 23:00;15.04.2024 00:00;57,39
15.04.2024 00:00;15.04.2024 01:00;70,14
15.04.2024 01:00;15.04.2024 02:00;93,50
15.04.2024 02:00;15.04.2024 03:00;70,18
15.04.2024 03:00;15.04.2024 04:00;53,07
15.04.2024 04:00;15.04.2024 05:00;100,79
15.04.2024 05:00;15.04.2024 06:00;91,53
15.04.2024 06:00;15.04.2024 07:00;89,73
15.04.2024 07:00;15.04.2024 08:00;93,98
15.04.2024 08:00;15.04.2024 09:00;116,90
15.04.2024 09:00;15.04.2024 10:00;97,25
15.04.2024 10:00;15.04.2024 11:00;109,48
15.04.2024 11:00;15.04.2024 12:00;86,20
15.04.2024 12:00;15.04.2024 13:00;64,62
15.04.2024 13:00;15.04.2024 14:00;55,25
15.04.2024 14:00;15.04.2024 15:00;59,83
15.04.2024 15:00;15.04.2024 16:00;92,99
15.04.2024 16:00;15.04.2024 17:00;87,32
15.04.2024 17:00;15.04.2024 18:00;89,17
15.04.2024 18:00;15.04.2024 19:00;120,70
15.04.2024 19:00;15.04.2024 20:00;119,55
15.04.2024 20:00;15.04.2024 21:00;110,61
15.04.2024 21:00;15.04.2024 22:00;99,34
15.04.2024 22:00;15.04.2024 23:00;80,68
15.04.2024 23:00;16.04.2024 00:00;86,95
16.04.2024 00:00;16.04.2024 01:00;71,74
16.04.2024 01:00;16.04.2024 02:00;65,83
16.04.2024 02:00;16.04.2024 03:00;68,57
16.04.2024 03:00;16.04.2024 04:00;98,49
16.04.2024 04:00;16.04.2024 05:00;56,82
16.04.2024 05:00;16.04.2024 06:00;88,90
16.04.2024 06:00;16.04.2024 07:00;69,99
16.04.2024 07:00;16.04.2024 08:00;96,71
16.04.2024 08:00;16.04.2024 09:00;98,28
16.04.2024 09:00;16.04.2024 10:00;78,30
16.04.2024 10:00;16.04.2024 11:00;99,94
16.04.2024 11:00;16.04.2024 12:00;74,71
16.04.2024 12:00;16.04.2024 13:00;36,06
16.04.2024 13:00;16.04.2024 14:00;63,15
16.04.2024 14:00;16.04.2024 15:00;78,72
16.04.2024 15:00;16.04.2024 16:00;97,89
16.04.2024 16:00;16.04.2024 17:00;101,58
16.04.2024 17:00;16.04.2024 18:00;108,75
16.04.2024 18:00;16.04.2024 19:00;128,84
16.04.2024 19:00;16.04.2024 20:00;131,73
16.04.2024 20:00;16.04.2024 21:00;118,02
16.04.2024 21:00;16.04.2024 22:00;82,72
16.04.2024 22:00;16.04.2024 23:00;86,51
16.04.2024 23:00;17.04.2024 00:00;82,34
17.04.2024 00:00;17.04.2024 01:00;50,15
17.04.2024 01:00;17.04.2024 02:00;76,88
17.04.2024 02:00;17.04.2024 03:00;99,16
17.04.2024 03:00;17.04.2024 04:00;81,49
17.04.2024 04:00;17.04.2024 05:00;94,89
17.04.2024 05:00;17.04.2024 06:00;84,67
17.04.2024 06:00;17.04.2024 07:00;88,83
17.04.2024 07:00;17.04.2024 08:00;102,15
17.04.2024 08:00;17.04.2024 09:00;93,26
17.04.2024 09:00;17.04.2024 10:00;91,32
17.04.2024 10:00;17.04.2024 11:00;110,03
17.04.2024 11:00;17.04.2024 12:00;95,30
17.04.2024 12:00;17.04.2024 13:00;48,93
17.04.2024 13:00;17.04.2024 14:00;64,26
17.04.2024 14:00;17.04.2024 15:00;60,03
17.04.2024 15:00;17.04.2024 16:00;83,66
17.04.2024 16:00;17.04.2024 17:00;102,37
17.04.2024 17:00;17.04.2024 18:00;119,70
17.04.2024 18:00;17.04.2024 19:00;113,46
17.04.2024 19:00;17.04.2024 20:00;128,03
17.04.2024 20:00;17.04.2024 21:00;107,70
17.04.2024 21:00;17.04.2024 22:00;101,08
17.04.2024 22:00;17.04.2024 23:00;73,66
17.04.2024 23:00;18.04.2024 00:00;102,54
18.04.2024 00:00;18.04.2024 01:00;77,07
18.04.2024 01:00;18.04.2024 02:00;79,38
18.04.2024 02:00;18.04.2024 03:00;52,16
18.04.2024 03:00;18.04.2024 04:00;63,51
18.04.2024 04:00;18.04.2024 05:00;91,64
18.04.2024 05:00;18.04.2024 06:00;85,49
18.04.2024 06:00;18.04.2024 07:00;66,31
18.04.2024 07:00;18.04.2024 08:00;109,60
18.04.2024 08:00;18.04.2024 09:00;96,10
18.04.2024 09:00;18.04.2024 10:00;119,40
18.04.2024 10:00;18.04.2024 11:00;93,35
18.04.2024 11:00;18.04.2024 12:00;80,86
18.04.2024 12:00;18.04.2024 13:00;74,54
18.04.2024 13:00;18.04.2024 14:00;41,45
18.04.2024 14:00;18.04.2024 15:00;48,72
18.04.2024 15:00;18.04.2024 16:00;76,79
18.04.2024 16:00;18.04.2024 17:00;106,34
18.04.2024 17:00;18.04.2024 18:00;91,37
18.04.2024 18:00;18.04.2024 19:00;92,02
18.04.2024 19:00;18.04.2024 20:00;120,57
18.04.2024 20:00;18.04.2024 21:00;96,32
18.04.2024 21:00;18.04.2024 22:00;88,45
18.04.2024 22:00;18.04.2024 23:00;60,95
18.04.2024 23:00;19.04.2024 00:00;68,06
19.04.2024 00:00;19.04.2024 01:00;70,91
19.04.2024 01:00;19.04.2024 02:00;81,55
19.04.2024 02:00;19.04.2024 03:00;61,77
19.04.2024 03:00;19.04.2024 04:00;92,84
19.04.2024 04:00;19.04.2024 05:00;68,14
19.04.2024 05:00;19.04.2024 06:00;73,42
19.04.2024 06:00;19.04.2024 07:00;107,30
19.04.2024 07:00;19.04.2024 08:00;99,25
19.04.2024 08:00;19.04.2024 09:00;95,57
19.04.2024 09:00;19.04.2024 10:00;100,17
19.04.2024 10:00;19.04.2024 11:00;110,21
19.04.2024 11:00;19.04.2024 12:00;95,57
19.04.2024 12:00;19.04.2024 13:00;50,16
19.04.2024 13:00;19.04.2024 14:00;51,28
19.04.2024 14:00;19.04.2024 15:00;61,29
19.04.2024 15:00;19.04.2024 16:00;66,88
19.04.2024 16:00;19.04.2024 17:00;95,32
19.04.2024 17:00;19.04.2024 18:00;106,97
19.04.2024 18:00;19.04.2024 19:00;125,29
19.04.2024 19:00;19.04.2024 20:00;124,74
19.04.2024 20:00;19.04.2024 21:00;99,18
19.04.2024 21:00;19.04.2024 22:00;90,16
19.04.2024 22:00;19.04.2024 23:00;90,77
19.04.2024 23:00;20.04.2024 00:00;68,75
20.04.2024 00:00;20.04.2024 01:00;77,64
20.04.2024 01:00;20.04.2024 02:00;68,91
20.04.2024 02:00;20.04.2024 03:00;58,96
20.04.2024 03:00;20.04.2024 04:00;61,04
20.04.2024 04:00;20.04.2024 05:00;93,29
20.04.2024 05:00;20.04.2024 06:00;79,31
20.04.2024 06:00;20.04.2024 07:00;108,10
20.04.2024 07:00;20.04.2024 08:00;90,12
20.04.2024 08:00;20.04.2024 09:00;105,26
20.04.2024 09:00;20.04.2024 10:00;130,31
20.04.2024 10:00;20.04.2024 11:00;80,86
20.04.2024 11:00;20.04.2024 12:00;54,77
20.04.2024 12:00;20.04.2024 13:00;74,97
20.04.2024 13:00;20.04.2024 14:00;41,44
20.04.2024 14:00;20.04.2024 15:00;59,53
20.04.2024 15:00;20.04.2024 16:00;71,26
20.04.2024 16:00;20.04.2024 17:00;98,77
20.04.2024 17:00;20.04.2024 18:00;95,07
20.04.2024 18:00;20.04.2024 19:00;109,02
20.04.2024 19:00;20.04.2024 20:00;115,22
20.04.2024 20:00;20.04.2024 21:00;90,60
20.04.2024 21:00;20.04.2024 22:00;83,90
20.04.2024 22:00;20.04.2024 23:00;78,20
20.04.2024 23:00;21.04.2024 00:00;58,20
21.04.2024 00:00;21.04.2024 01:00;65,07
21.04.2024 01:00;21.04.2024 02:00;70,96
21.04.2024 02:00;21.04.2024 03:00;65,37
21.04.2024 03:00;21.04.2024 04:00;68,84
21.04.2024 04:00;21.04.2024 05:00;75,26
21.04.2024 05:00;21.04.2024 06:00;72,89
21.04.2024 06:00;21.04.2024 07:00;96,28
21.04.2024 07:00;21.04.2024 08:00;113,09
21.04.2024 08:00;21.04.2024 09:00;95,76
21.04.2024 09:00;21.04.2024 10:00;107,00
21.04.2024 10:00;21.04.2024 11:00;90,24
21.04.2024 11:00;21.04.2024 12:00;81,50
21.04.2024 12:00;21.04.2024 13:00;77,89
21.04.2024 13:00;21.04.2024 14:00;57,03
21.04.2024 14:00;21.04.2024 15:00;38,07
21.04.2024 15:00;21.04.2024 16:00;83,31
21.04.2024 16:00;21.04.2024 17:00;109,92
21.04.2024 17:00;21.04.2024 18:00;103,39
21.04.2024 18:00;21.04.2024 19:00;122,70
21.04.2024 19:00;21.04.2024 20:00;101,11
21.04.2024 20:00;21.04.2024 21:00;84,44
21.04.2024 21:00;21.04.2024 22:00;93,57
21.04.2024 22:00;21.04.2024 23:00;60,87
21.04.2024 23:00;22.04.2024 00:00;72,04
22.04.2024 00:00;22.04.2024 01:00;85,16
22.04.2024 01:00;22.04.2024 02:00;46,19
22.04.2024 02:00;22.04.2024 03:00;54,39
22.04.2024 03:00;22.04.2024 04:00;59,28
22.04.2024 04:00;22.04.2024 05:00;74,31
22.04.2024 05:00;22.04.2024 06:00;75,94
22.04.2024 06:00;22.04.2024 07:00;104,35
22.04.2024 07:00;22.04.2024 08:00;106,88
22.04.2024 08:00;22.04.2024 09:00;106,85
22.04.2024 09:00;22.04.2024 10:00;102,49
22.04.2024 10:00;22.04.2024 11:00;97,41
22.04.2024 11:00;22.04.2024 12:00;66,35
22.04.2024 12:00;22.04.2024 13:00;68,96
22.04.2024 13:00;22.04.2024 14:00;37,16
22.04.2024 14:00;22.04.2024 15:00;68,95
22.04.2024 15:00;22.04.2024 16:00;91,67
22.04.2024 16:00;22.04.2024 17:00;97,23
22.04.2024 17:00;22.04.2024 18:00;103,51
22.04.2024 18:00;22.04.2024 19:00;115,13
22.04.2024 19:00;22.04.2024 20:00;74,63
22.04.2024 20:00;22.04.2024 21:00;105,47
22.04.2024 21:00;22.04.2024 22:00;90,08
22.04.2024 22:00;22.04.2024 23:00;80,91
22.04.2024 23:00;23.04.2024 00:00;82,97
23.04.2024 00:00;23.04.2024 01:00;68,39
23.04.2024 01:00;23.04.2024 02:00;54,99
23.04.2024 02:00;23.04.2024 03:00;67,62
23.04.2024 03:00;23.04.2024 04:00;72,05
23.04.2024 04:00;23.04.2024 05:00;76,02
23.04.2024 05:00;23.04.2024 06:00;81,85
23.04.2024 06:00;23.04.2024 07:00;99,61
23.04.2024 07:00;23.04.2024 08:00;81,97
23.04.2024 08:00;23.04.2024 09:00;102,59
23.04.2024 09:00;23.04.2024 10:00;115,80
23.04.2024 10:00;23.04.2024 11:00;71,45
23.04.2024 11:00;23.04.2024 12:00;78,42
23.04.2024 12:00;23.04.2024 13:00;51,22
23.04.2024 13:00;23.04.2024 14:00;45,63
23.04.2024 14:00;23.04.2024 15:00;47,64
23.04.2024 15:00;23.04.2024 16:00;74,97
23.04.2024 16:00;23.04.2024 17:00;116,37
23.04.2024 17:00;23.04.2024 18:00;90,02
23.04.2024 18:00;23.04.2024 19:00;95,86
23.04.2024 19:00;23.04.2024 20:00;92,92
23.04.2024 20:00;23.04.2024 21:00;122,14
23.04.2024 21:00;23.04.2024 22:00;85,47
23.04.2024 22:00;23.04.2024 23:00;80,78
23.04.2024 23:00;24.04.2024 00:00;69,23
24.04.2024 00:00;24.04.2024 01:00;57,53
24.04.2024 01:00;24.04.2024 02:00;65,43
24.04.2024 02:00;24.04.2024 03:00;98,39
24.04.2024 03:00;24.04.2024 04:00;87,52
24.04.2024 04:00;24.04.2024 05:00;63,98
24.04.2024 05:00;24.04.2024 06:00;87,25
24.04.2024 06:00;24.04.2024 07:00;76,73
24.04.2024 07:00;24.04.2024 08:00;73,26
24.04.2024 08:00;24.04.2024 09:00;112,29
24.04.2024 09:00;24.04.2024 10:00;113,81
24.04.2024 10:00;24.04.2024 11:00;104,39
24.04.2024 11:00;24.04.2024 12:00;70,20
24.04.2024 12:00;24.04.2024 13:00;55,82
24.04.2024 13:00;24.04.2024 14:00;58,65
24.04.2024 14:00;24.04.2024 15:00;62,77
24.04.2024 15:00;24.04.2024 16:00;71,86
24.04.2024 16:00;24.04.2024 17:00;74,42
24.04.2024 17:00;24.04.2024 18:00;106,14
24.04.2024 18:00;24.04.2024 19:00;122,42
24.04.2024 19:00;24.04.2024 20:00;93,74
24.04.2024 20:00;24.04.2024 21:00;108,65
24.04.2024 21:00;24.04.2024 22:00;94,57
24.04.2024 22:00;24.04.2024 23:00;89,66
24.04.2024 23:00;25.04.2024 00:00;84,10
25.04.2024 00:00;25.04.2024 01:00;60,10
25.04.2024 01:00;25.04.2024 02:00;48,42
25.04.2024 02:00;25.04.2024 03:00;62,06
25.04.2024 03:00;25.04.2024 04:00;81,06
25.04.2024 04:00;25.04.2024 05:00;67,29
25.04.2024 05:00;25.04.2024 06:00;70,73
25.04.2024 06:00;25.04.2024 07:00;64,43
25.04.2024 07:00;25.04.2024 08:00;115,18
25.04.2024 08:00;25.04.2024 09:00;109,54
25.04.2024 09:00;25.04.2024 10:00;108,71
25.04.2024 10:00;25.04.2024 11:00;103,03
25.04.2024 11:00;25.04.2024 12:00;82,33
25.04.2024 12:00;25.04.2024 13:00;54,46
25.04.2024 13:00;25.04.2024 14:00;47,26
25.04.2024 14:00;25.04.2024 15:00;-7,49
25.04.2024 15:00;25.04.2024 16:00;107,77
25.04.2024 16:00;25.04.2024 17:00;100,09
25.04.2024 17:00;25.04.2024 18:00;98,78
25.04.2024 18:00;25.04.2024 19:00;114,63
25.04.2024 19:00;25.04.2024 20:00;95,56
25.04.2024 20:00;25.04.2024 21:00;118,62
25.04.2024 21:00;25.04.2024 22:00;82,23
25.04.2024 22:00;25.04.2024 23:00;86,25
25.04.2024 23:00;26.04.2024 00:00;86,00
26.04.2024 00:00;26.04.2024 01:00;72,63
26.04.2024 01:00;26.04.2024 02:00;68,54
26.04.2024 02:00;26.04.2024 03:00;68,17
26.04.2024 03:00;26.04.2024 04:00;69,29
26.04.2024 04:00;26.04.2024 05:00;66,45
26.04.2024 05:00;26.04.2024 06:00;73,24
26.04.2024 06:00;26.04.2024 07:00;103,61
26.04.2024 07:00;26.04.2024 08:00;92,43
26.04.2024 08:00;26.04.2024 09:00;89,78
26.04.2024 09:00;26.04.2024 10:00;92,85
26.04.2024 10:00;26.04.2024 11:00;104,20
26.04.2024 11:00;26.04.2024 12:00;83,10
26.04.2024 12:00;26.04.2024 13:00;63,70
26.04.2024 13:00;26.04.2024 14:00;45,71
26.04.2024 14:00;26.04.2024 15:00;64,10
26.04.2024 15:00;26.04.2024 16:00;68,01
26.04.2024 16:00;26.04.2024 17:00;89,88
26.04.2024 17:00;26.04.2024 18:00;115,56
26.04.2024 18:00;26.04.2024 19:00;119,11
26.04.2024 19:00;26.04.2024 20:00;95,48
26.04.2024 20:00;26.04.2024 21:00;89,87
26.04.2024 21:00;26.04.2024 22:00;91,05
26.04.2024 22:00;26.04.2024 23:00;100,53
26.04.2024 23:00;27.04.2024 00:00;49,80
27.04.2024 00:00;27.04.2024 01:00;70,93
27.04.2024 01:00;27.04.2024 02:00;50,47
27.04.2024 02:00;27.04.2024 03:00;60,00
27.04.2024 03:00;27.04.2024 04:00;65,17
27.04.2024 04:00;27.04.2024 05:00;67,90
27.04.2024 05:00;27.04.2024 06:00;71,80
27.04.2024 06:00;27.04.2024 07:00;85,52
27.04.2024 07:00;27.04.2024 08:00;86,88
27.04.2024 08:00;27.04.2024 09:00;81,23
27.04.2024 09:00;27.04.2024 10:00;107,98
27.04.2024 10:00;27.04.2024 11:00;99,60
27.04.2024 11:00;27.04.2024 12:00;84,69
27.04.2024 12:00;27.04.2024 13:00;38,06
27.04.2024 13:00;27.04.2024 14:00;51,96
27.04.2024 14:00;27.04.2024 15:00;64,91
27.04.2024 15:00;27.04.2024 16:00;62,93
27.04.2024 16:00;27.04.2024 17:00;92,69
27.04.2024 17:00;27.04.2024 18:00;102,10
27.04.2024 18:00;27.04.2024 19:00;130,30
27.04.2024 19:00;27.04.2024 20:00;129,94
27.04.2024 20:00;27.04.2024 21:00;79,75
27.04.2024 21:00;27.04.2024 22:00;119,25
27.04.2024 22:00;27.04.2024 23:00;68,41
27.04.2024 23:00;28.04.2024 00:00;84,13
28.04.2024 00:00;28.04.2024 01:00;78,82
28.04.2024 01:00;28.04.2024 02:00;54,61
28.04.2024 02:00;28.04.2024 03:00;73,11
28.04.2024 03:00;28.04.2024 04:00;67,83
28.04.2024 04:00;28.04.2024 05:00;79,18
28.04.2024 05:00;28.04.2024 06:00;80,56
28.04.2024 06:00;28.04.2024 07:00;99,37
28.04.2024 07:00;28.04.2024 08:00;93,79
28.04.2024 08:00;28.04.2024 09:00;96,35
28.04.2024 09:00;28.04.2024 10:00;111,35
28.04.2024 10:00;28.04.2024 11:00;97,11
28.04.2024 11:00;28.04.2024 12:00;82,93
28.04.2024 12:00;28.04.2024 13:00;48,16
28.04.2024 13:00;28.04.2024 14:00;-24,59
28.04.2024 14:00;28.04.2024 15:00;49,57
28.04.2024 15:00;28.04.2024 16:00;67,44
28.04.2024 16:00;28.04.2024 17:00;101,59
28.04.2024 17:00;28.04.2024 18:00;114,79
28.04.2024 18:00;28.04.2024 19:00;105,92
28.04.2024 19:00;28.04.2024 20:00;123,59
28.04.2024 20:00;28.04.2024 21:00;115,72
28.04.2024 21:00;28.04.2024 22:00;91,82
28.04.2024 22:00;28.04.2024 23:00;69,11
28.04.2024 23:00;29.04.2024 00:00;90,85
29.04.2024 00:00;29.04.2024 01:00;66,02
29.04.2024 01:00;29.04.2024 02:00;67,65
29.04.2024 02:00;29.04.2024 03:00;62,70
29.04.2024 03:00;29.04.2024 04:00;58,03
29.04.2024 04:00;29.04.2024 05:00;54,48
29.04.2024 05:00;29.04.2024 06:00;84,96
29.04.2024 06:00;29.04.2024 07:00;75,20
29.04.2024 07:00;29.04.2024 08:00;129,18
29.04.2024 08:00;29.04.2024 09:00;84,91
29.04.2024 09:00;29.04.2024 10:00;82,69
29.04.2024 10:00;29.04.2024 11:00;95,85
29.04.2024 11:00;29.04.2024 12:00;92,08
29.04.2024 12:00;29.04.2024 13:00;56,49
29.04.2024 13:00;29.04.2024 14:00;54,40
29.04.2024 14:00;29.04.2024 15:00;33,84
29.04.2024 15:00;29.04.2024 16:00;66,34
29.04.2024 16:00;29.04.2024 17:00;78,85
29.04.2024 17:00;29.04.2024 18:00;79,92
29.04.2024 18:00;29.04.2024 19:00;108,76
29.04.2024 19:00;29.04.2024 20:00;79,09
29.04.2024 20:00;29.04.2024 21:00;83,01
29.04.2024 21:00;29.04.2024 22:00;82,03
29.04.2024 22:00;29.04.2024 23:00;68,58
29.04.2024 23:00;30.04.2024 00:00;76,28
30.04.2024 00:00;30.04.2024 01:00;70,00
30.04.2024 01:00;30.04.2024 02:00;76,45
30.04.2024 02:00;30.04.2024 03:00;75,39
30.04.2024 03:00;30.04.2024 04:00;81,98
30.04.2024 04:00;30.04.2024 05:00;71,66
30.04.2024 05:00;30.04.2024 06:00;80,59
30.04.2024 06:00;30.04.2024 07:00;90,32
30.04.2024 07:00;30.04.2024 08:00;93,75
30.04.2024 08:00;30.04.2024 09:00;92,76
30.04.2024 09:00;30.04.2024 10:00;93,37
30.04.2024 10:00;30.04.2024 11:00;79,50
30.04.2024 11:00;30.04.2024 12:00;78,37
30.04.2024 12:00;30.04.2024 13:00;54,17
30.04.2024 13:00;30.04.2024 14:00;39,16
30.04.2024 14:00;30.04.2024 15:00;47,59
30.04.2024 15:00;30.04.2024 16:00;-0,47
30.04.2024 16:00;30.04.2024 17:00;103,06
30.04.2024 17:00;30.04.2024 18:00;103,19
30.04.2024 18:00;30.04.2024 19:00;96,59
30.04.2024 19:00;30.04.2024 20:00;115,29
30.04.2024 20:00;30.04.2024 21:00;91,74
30.04.2024 21:00;30.04.2024 22:00;71,18
30.04.2024 22:00;30.04.2024 23:00;90,39
30.04.2024 23:00;01.05.2024 00:00;64,66
01.05.2024 00:00;01.05.2024 01:00;61,01
01.05.2024 01:00;01.05.2024 02:00;65,80
01.05.2024 02:00;01.05.2024 03:00;79,65
01.05.2024 03:00;01.05.2024 04:00;68,11
01.05.2024 04:00;01.05.2024 05:00;56,88
01.05.2024 05:00;01.05.2024 06:00;83,06
01.05.2024 06:00;01.05.2024 07:00;77,94
01.05.2024 07:00;01.05.2024 08:00;114,29
01.05.2024 08:00;01.05.2024 09:00;97,10
01.05.2024 09:00;01.05.2024 10:00;70,13
01.05.2024 10:00;01.05.2024 11:00;93,18
01.05.2024 11:00;01.05.2024 12:00;96,23
01.05.2024 12:00;01.05.2024 13:00;73,79
01.05.2024 13:00;01.05.2024 14:00;68,68
01.05.2024 14:00;01.05.2024 15:00;42,89
01.05.2024 15:00;01.05.2024 16:00;84,58
01.05.2024 16:00;01.05.2024 17:00;82,24
01.05.2024 17:00;01.05.2024 18:00;104,52
01.05.2024 18:00;01.05.2024 19:00;91,25
01.05.2024 19:00;01.05.2024 20:00;97,43
01.05.2024 20:00;01.05.2024 21:00;89,93
01.05.2024 21:00;01.05.2024 22:00;98,43
01.05.2024 22:00;01.05.2024 23:00;87,33
01.05.2024 23:00;02.05.2024 00:00;74,02
02.05.2024 00:00;02.05.2024 01:00;49,30
02.05.2024 01:00;02.05.2024 02:00;61,15
02.05.2024 02:00;02.05.2024 03:00;56,58
02.05.2024 03:00;02.05.2024 04:00;77,89
02.05.2024 04:00;02.05.2024 05:00;85,00
02.05.2024 05:00;02.05.2024 06:00;88,80
02.05.2024 06:00;02.05.2024 07:00;74,29
02.05.2024 07:00;02.05.2024 08:00;58,35
02.05.2024 08:00;02.05.2024 09:00;75,49
02.05.2024 09:00;02.05.2024 10:00;113,59
02.05.2024 10:00;02.05.2024 11:00;83,67
02.05.2024 11:00;02.05.2024 12:00;63,47
02.05.2024 12:00;02.05.2024 13:00;74,18
02.05.2024 13:00;02.05.2024 14:00;61,47
02.05.2024 14:00;02.05.2024 15:00;55,01
02.05.2024 15:00;02.05.2024 16:00;69,70
02.05.2024 16:00;02.05.2024 17:00;88,90
02.05.2024 17:00;02.05.2024 18:00;104,14
02.05.2024 18:00;02.05.2024 19:00;125,31
02.05.2024 19:00;02.05.2024 20:00;109,82
02.05.2024 20:00;02.05.2024 21:00;106,34
02.05.2024 21:00;02.05.2024 22:00;101,26
02.05.2024 22:00;02.05.2024 23:00;63,27
02.05.2024 23:00;03.05.2024 00:00;79,34
03.05.2024 00:00;03.05.2024 01:00;61,56
03.05.2024 01:00;03.05.2024 02:00;34,29
03.05.2024 02:00;03.05.2024 03:00;39,58
03.05.2024 03:00;03.05.2024 04:00;54,83
03.05.2024 04:00;03.05.2024 05:00;76,82
03.05.2024 05:00;03.05.2024 06:00;77,08
03.05.2024 06:00;03.05.2024 07:00;85,15
03.05.2024 07:00;03.05.2024 08:00;114,22
03.05.2024 08:00;03.05.2024 09:00;81,06
03.05.2024 09:00;03.05.2024 10:00;95,79
03.05.2024 10:00;03.05.2024 11:00;91,72
03.05.2024 11:00;03.05.2024 12:00;63,23
03.05.2024 12:00;03.05.2024 13:00;54,39
03.05.2024 13:00;03.05.2024 14:00;26,68
03.05.2024 14:00;03.05.2024 15:00;71,22
03.05.2024 15:00;03.05.2024 16:00;64,63
03.05.2024 16:00;03.05.2024 17:00;114,45
03.05.2024 17:00;03.05.2024 18:00;100,61
03.05.2024 18:00;03.05.2024 19:00;118,04
03.05.2024 19:00;03.05.2024 20:00;103,70
03.05.2024 20:00;03.05.2024 21:00;96,85
03.05.2024 21:00;03.05.2024 22:00;79,81
03.05.2024 22:00;03.05.2024 23:00;78,32
03.05.2024 23:00;04.05.2024 00:00;73,68
04.05.2024 00:00;04.05.2024 01:00;55,27
04.05.2024 01:00;04.05.2024 02:00;62,57
04.05.2024 02:00;04.05.2024 03:00;57,39
04.05.2024 03:00;04.05.2024 04:00;94,23
04.05.2024 04:00;04.05.2024 05:00;68,96
04.05.2024 05:00;04.05.2024 06:00;93,84
04.05.2024 06:00;04.05.2024 07:00;80,18
04.05.2024 07:00;04.05.2024 08:00;93,51
04.05.2024 08:00;04.05.2024 09:00;80,02
04.05.2024 09:00;04.05.2024 10:00;90,35
04.05.2024 10:00;04.05.2024 11:00;90,19
04.05.2024 11:00;04.05.2024 12:00;90,69
04.05.2024 12:00;04.05.2024 13:00;56,31
04.05.2024 13:00;04.05.2024 14:00;62,07
04.05.2024 14:00;04.05.2024 15:00;61,58
04.05.2024 15:00;04.05.2024 16:00;91,93
04.05.2024 16:00;04.05.2024 17:00;88,96
04.05.2024 17:00;04.05.2024 18:00;129,27
04.05.2024 18:00;04.05.2024 19:00;99,47
04.05.2024 19:00;04.05.2024 20:00;94,74
04.05.2024 20:00;04.05.2024 21:00;82,29
04.05.2024 21:00;04.05.2024 22:00;114,38
04.05.2024 22:00;04.05.2024 23:00;86,32
04.05.2024 23:00;05.05.2024 00:00;65,45
05.05.2024 00:00;05.05.2024 01:00;79,27
05.05.2024 01:00;05.05.2024 02:00;71,92
05.05.2024 02:00;05.05.2024 03:00;87,89
05.05.2024 03:00;05.05.2024 04:00;47,66
05.05.2024 04:00;05.05.2024 05:00;66,45
05.05.2024 05:00;05.05.2024 06:00;69,34
05.05.2024 06:00;05.05.2024 07:00;58,44
05.05.2024 07:00;05.05.2024 08:00;102,72
05.05.2024 08:00;05.05.2024 09:00;92,22
05.05.2024 09:00;05.05.2024 10:00;104,18
05.05.2024 10:00;05.05.2024 11:00;115,57
05.05.2024 11:00;05.05.2024 12:00;67,01
05.05.2024 12:00;05.05.2024 13:00;48,18
05.05.2024 13:00;05.05.2024 14:00;46,49
05.05.2024 14:00;05.05.2024 15:00;65,33
05.05.2024 15:00;05.05.2024 16:00;65,19
05.05.2024 16:00;05.05.2024 17:00;81,69
05.05.2024 17:00;05.05.2024 18:00;112,87
05.05.2024 18:00;05.05.2024 19:00;109,43
05.05.2024 19:00;05.05.2024 20:00;78,99
05.05.2024 20:00;05.05.2024 21:00;81,70
05.05.2024 21:00;05.05.2024 22:00;104,02
05.05.2024 22:00;05.05.2024 23:00;80,90
05.05.2024 23:00;06.05.2024 00:00;59,91
06.05.2024 00:00;06.05.2024 01:00;61,83
06.05.2024 01:00;06.05.2024 02:00;63,42
06.05.2024 02:00;06.05.2024 03:00;72,73
06.05.2024 03:00;06.05.2024 04:00;49,53
06.05.2024 04:00;06.05.2024 05:00;59,13
06.05.2024 05:00;06.05.2024 06:00;77,76
06.05.2024 06:00;06.05.2024 07:00;80,52
06.05.2024 07:00;06.05.2024 08:00;96,45
06.05.2024 08:00;06.05.2024 09:00;80,31
06.05.2024 09:00;06.05.2024 10:00;99,19
06.05.2024 10:00;06.05.2024 11:00;99,95
06.05.2024 11:00;06.05.2024 12:00;76,69
06.05.2024 12:00;06.05.2024 13:00;54,50
06.05.2024 13:00;06.05.2024 14:00;43,51
06.05.2024 14:00;06.05.2024 15:00;43,06
06.05.2024 15:00;06.05.2024 16:00;70,73
06.05.2024 16:00;06.05.2024 17:00;103,97
06.05.2024 17:00;06.05.2024 18:00;98,35
06.05.2024 18:00;06.05.2024 19:00;93,80
06.05.2024 19:00;06.05.2024 20:00;97,22
06.05.2024 20:00;06.05.2024 21:00;98,41
06.05.2024 21:00;06.05.2024 22:00;81,12
06.05.2024 22:00;06.05.2024 23:00;81,50
06.05.2024 23:00;07.05.2024 00:00;74,92
07.05.2024 00:00;07.05.2024 01:00;74,14
07.05.2024 01:00;07.05.2024 02:00;79,94
07.05.2024 02:00;07.05.2024 03:00;75,45
07.05.2024 03:00;07.05.2024 04:00;54,21
07.05.2024 04:00;07.05.2024 05:00;57,98
07.05.2024 05:00;07.05.2024 06:00;73,18
07.05.2024 06:00;07.05.2024 07:00;75,90
07.05.2024 07:00;07.05.2024 08:00;75,53
07.05.2024 08:00;07.05.2024 09:00;89,36
07.05.2024 09:00;07.05.2024 10:00;88,81
07.05.2024 10:00;07.05.2024 11:00;78,39
07.05.2024 11:00;07.05.2024 12:00;66,66
07.05.2024 12:00;07.05.2024 13:00;66,57
07.05.2024 13:00;07.05.2024 14:00;46,65
07.05.2024 14:00;07.05.2024 15:00;82,34
07.05.2024 15:00;07.05.2024 16:00;73,23
07.05.2024 16:00;07.05.2024 17:00;84,97
07.05.2024 17:00;07.05.2024 18:00;99,43
07.05.2024 18:00;07.05.2024 19:00;107,16
07.05.2024 19:00;07.05.2024 20:00;107,94
07.05.2024 20:00;07.05.2024 21:00;120,52
07.05.2024 21:00;07.05.2024 22:00;75,06
07.05.2024 22:00;07.05.2024 23:00;85,58
07.05.2024 23:00;08.05.2024 00:00;70,74
08.05.2024 00:00;08.05.2024 01:00;44,22
08.05.2024 01:00;08.05.2024 02:00;71,71
08.05.2024 02:00;08.05.2024 03:00;78,31
08.05.2024 03:00;08.05.2024 04:00;54,74
08.05.2024 04:00;08.05.2024 05:00;68,32
08.05.2024 05:00;08.05.2024 06:00;52,98
08.05.2024 06:00;08.05.2024 07:00;65,81
08.05.2024 07:00;08.05.2024 08:00;101,36
08.05.2024 08:00;08.05.2024 09:00;88,67
08.05.2024 09:00;08.05.2024 10:00;80,80
08.05.2024 10:00;08.05.2024 11:00;88,80
08.05.2024 11:00;08.05.2024 12:00;63,78
08.05.2024 12:00;08.05.2024 13:00;46,38
08.05.2024 13:00;08.05.2024 14:00;52,73
08.05.2024 14:00;08.05.2024 15:00;38,34
08.05.2024 15:00;08.05.2024 16:00;59,92
08.05.2024 16:00;08.05.2024 17:00;89,91
08.05.2024 17:00;08.05.2024 18:00;110,61
08.05.2024 18:00;08.05.2024 19:00;118,54
08.05.2024 19:00;08.05.2024 20:00;94,34
08.05.2024 20:00;08.05.2024 21:00;106,45
08.05.2024 21:00;08.05.2024 22:00;75,39
08.05.2024 22:00;08.05.2024 23:00;96,79
08.05.2024 23:00;09.05.2024 00:00;54,24
09.05.2024 00:00;09.05.2024 01:00;78,62
09.05.2024 01:00;09.05.2024 02:00;54,19
09.05.2024 02:00;09.05.2024 03:00;86,86
09.05.2024 03:00;09.05.2024 04:00;71,72
09.05.2024 04:00;09.05.2024 05:00;55,84
09.05.2024 05:00;09.05.2024 06:00;67,02
09.05.2024 06:00;09.05.2024 07:00;89,90
09.05.2024 07:00;09.05.2024 08:00;101,02
09.05.2024 08:00;09.05.2024 09:00;93,02
09.05.2024 09:00;09.05.2024 10:00;94,24
09.05.2024 10:00;09.05.2024 11:00;94,75
09.05.2024 11:00;09.05.2024 12:00;71,23
09.05.2024 12:00;09.05.2024 13:00;36,11
09.05.2024 13:00;09.05.2024 14:00;33,71
09.05.2024 14:00;09.05.2024 15:00;54,70
09.05.2024 15:00;09.05.2024 16:00;84,98
09.05.2024 16:00;09.05.2024 17:00;107,05
09.05.2024 17:00;09.05.2024 18:00;107,94
09.05.2024 18:00;09.05.2024 19:00;106,73
09.05.2024 19:00;09.05.2024 20:00;110,91
09.05.2024 20:00;09.05.2024 21:00;86,80
09.05.2024 21:00;09.05.2024 22:00;82,57
09.05.2024 22:00;09.05.2024 23:00;64,59
09.05.2024 23:00;10.05.2024 00:00;52,47
10.05.2024 00:00;10.05.2024 01:00;66,28
10.05.2024 01:00;10.05.2024 02:00;63,90
10.05.2024 02:00;10.05.2024 03:00;70,56
10.05.2024 03:00;10.05.2024 04:00;70,79
10.05.2024 04:00;10.05.2024 05:00;70,55
10.05.2024 05:00;10.05.2024 06:00;79,58
10.05.2024 06:00;10.05.2024 07:00;79,62
10.05.2024 07:00;10.05.2024 08:00;92,95
10.05.2024 08:00;10.05.2024 09:00;84,76
10.05.2024 09:00;10.05.2024 10:00;97,75
10.05.2024 10:00;10.05.2024 11:00;93,28
10.05.2024 11:00;10.05.2024 12:00;61,22
10.05.2024 12:00;10.05.2024 13:00;51,86
10.05.2024 13:00;10.05.2024 14:00;35,58
10.05.2024 14:00;10.05.2024 15:00;45,17
10.05.2024 15:00;10.05.2024 16:00;56,50
10.05.2024 16:00;10.05.2024 17:00;102,46
10.05.2024 17:00;10.05.2024 18:00;110,98
10.05.2024 18:00;10.05.2024 19:00;109,34
10.05.2024 19:00;10.05.2024 20:00;125,20
10.05.2024 20:00;10.05.2024 21:00;92,14
10.05.2024 21:00;10.05.2024 22:00;120,39
10.05.2024 22:00;10.05.2024 23:00;71,35
10.05.2024 23:00;11.05.2024 00:00;70,12
11.05.2024 00:00;11.05.2024 01:00;57,12
11.05.2024 01:00;11.05.2024 02:00;65,75
11.05.2024 02:00;11.05.2024 03:00;71,94
11.05.2024 03:00;11.05.2024 04:00;62,48
11.05.2024 04:00;11.05.2024 05:00;88,57
11.05.2024 05:00;11.05.2024 06:00;75,38
11.05.2024 06:00;11.05.2024 07:00;82,98
11.05.2024 07:00;11.05.2024 08:00;76,70
11.05.2024 08:00;11.05.2024 09:00;98,11
11.05.2024 09:00;11.05.2024 10:00;91,31
11.05.2024 10:00;11.05.2024 11:00;77,57
11.05.2024 11:00;11.05.2024 12:00;59,55
11.05.2024 12:00;11.05.2024 13:00;82,91
11.05.2024 13:00;11.05.2024 14:00;39,52
11.05.2024 14:00;11.05.2024 15:00;33,62
11.05.2024 15:00;11.05.2024 16:00;61,23
11.05.2024 16:00;11.05.2024 17:00;86,26
11.05.2024 17:00;11.05.2024 18:00;104,36
11.05.2024 18:00;11.05.2024 19:00;109,16
11.05.2024 19:00;11.05.2024 20:00;109,26
11.05.2024 20:00;11.05.2024 21:00;86,28
11.05.2024 21:00;11.05.2024 22:00;87,71
11.05.2024 22:00;11.05.2024 23:00;63,18
11.05.2024 23:00;12.05.2024 00:00;59,23
12.05.2024 00:00;12.05.2024 01:00;50,49
12.05.2024 01:00;12.05.2024 02:00;46,63
12.05.2024 02:00;12.05.2024 03:00;74,30
12.05.2024 03:00;12.05.2024 04:00;71,72
12.05.2024 04:00;12.05.2024 05:00;78,58
12.05.2024 05:00;12.05.2024 06:00;72,59
12.05.2024 06:00;12.05.2024 07:00;88,67
12.05.2024 07:00;12.05.2024 08:00;66,08
12.05.2024 08:00;12.05.2024 09:00;103,05
12.05.2024 09:00;12.05.2024 10:00;94,66
12.05.2024 10:00;12.05.2024 11:00;92,01
12.05.2024 11:00;12.05.2024 12:00;73,04
12.05.2024 12:00;12.05.2024 13:00;38,62
12.05.2024 13:00;12.05.2024 14:00;24,31
12.05.2024 14:00;12.05.2024 15:00;42,17
12.05.2024 15:00;12.05.2024 16:00;76,00
12.05.2024 16:00;12.05.2024 17:00;94,77
12.05.2024 17:00;12.05.2024 18:00;81,00
12.05.2024 18:00;12.05.2024 19:00;90,34
12.05.2024 19:00;12.05.2024 20:00;92,08
12.05.2024 20:00;12.05.2024 21:00;89,34
12.05.2024 21:00;12.05.2024 22:00;66,89
12.05.2024 22:00;12.05.2024 23:00;56,24
12.05.2024 23:00;13.05.2024 00:00;56,42
13.05.2024 00:00;13.05.2024 01:00;62,16
13.05.2024 01:00;13.05.2024 02:00;46,34
13.05.2024 02:00;13.05.2024 03:00;59,76
13.05.2024 03:00;13.05.2024 04:00;75,78
13.05.2024 04:00;13.05.2024 05:00;50,85
13.05.2024 05:00;13.05.2024 06:00;69,26
13.05.2024 06:00;13.05.2024 07:00;91,26
13.05.2024 07:00;13.05.2024 08:00;81,82
13.05.2024 08:00;13.05.2024 09:00;85,43
13.05.2024 09:00;13.05.2024 10:00;106,11
13.05.2024 10:00;13.05.2024 11:00;80,42
13.05.2024 11:00;13.05.2024 12:00;81,35
13.05.2024 12:00;13.05.2024 13:00;55,23
13.05.2024 13:00;13.05.2024 14:00;37,79
13.05.2024 14:00;13.05.2024 15:00;56,08
13.05.2024 15:00;13.05.2024 16:00;72,68
13.05.2024 16:00;13.05.2024 17:00;98,36
13.05.2024 17:00;13.05.2024 18:00;90,45
13.05.2024 18:00;13.05.2024 19:00;102,22
13.05.2024 19:00;13.05.2024 20:00;99,63
13.05.2024 20:00;13.05.2024 21:00;101,70
13.05.2024 21:00;13.05.2024 22:00;70,55
13.05.2024 22:00;13.05.2024 23:00;85,12
13.05.2024 23:00;14.05.2024 00:00;71,49
14.05.2024 00:00;14.05.2024 01:00;44,94
14.05.2024 01:00;14.05.2024 02:00;74,63
14.05.2024 02:00;14.05.2024 03:00;87,57
14.05.2024 03:00;14.05.2024 04:00;74,71
14.05.2024 04:00;14.05.2024 05:00;83,22
14.05.2024 05:00;14.05.2024 06:00;72,38
14.05.2024 06:00;14.05.2024 07:00;58,65
14.05.2024 07:00;14.05.2024 08:00;64,33
14.05.2024 08:00;14.05.2024 09:00;94,99
14.05.2024 09:00;14.05.2024 10:00;84,67
14.05.2024 10:00;14.05.2024 11:00;72,74
14.05.2024 11:00;14.05.2024 12:00;66,96
14.05.2024 12:00;14.05.2024 13:00;57,09
14.05.2024 13:00;14.05.2024 14:00;24,09
14.05.2024 14:00;14.05.2024 15:00;44,56
14.05.2024 15:00;14.05.2024 16:00;86,58
14.05.2024 16:00;14.05.2024 17:00;72,82
14.05.2024 17:00;14.05.2024 18:00;107,09
14.05.2024 18:00;14.05.2024 19:00;95,53
14.05.2024 19:00;14.05.2024 20:00;106,54
14.05.2024 20:00;14.05.2024 21:00;106,03
14.05.2024 21:00;14.05.2024 22:00;91,36
14.05.2024 22:00;14.05.2024 23:00;83,45
14.05.2024 23:00;15.05.2024 00:00;51,70
15.05.2024 00:00;15.05.2024 01:00;73,73
15.05.2024 01:00;15.05.2024 02:00;49,52
15.05.2024 02:00;15.05.2024 03:00;63,50
15.05.2024 03:00;15.05.2024 04:00;65,41
15.05.2024 04:00;15.05.2024 05:00;71,54
15.05.2024 05:00;15.05.2024 06:00;75,02
15.05.2024 06:00;15.05.2024 07:00;68,08
15.05.2024 07:00;15.05.2024 08:00;69,88
15.05.2024 08:00;15.05.2024 09:00;102,02
15.05.2024 09:00;15.05.2024 10:00;93,62
15.05.2024 10:00;15.05.2024 11:00;97,13
15.05.2024 11:00;15.05.2024 12:00;66,80
15.05.2024 12:00;15.05.2024 13:00;32,46
15.05.2024 13:00;15.05.2024 14:00;52,74
15.05.2024 14:00;15.05.2024 15:00;45,13
15.05.2024 15:00;15.05.2024 16:00;72,18
15.05.2024 16:00;15.05.2024 17:00;77,58
15.05.2024 17:00;15.05.2024 18:00;116,00
15.05.2024 18:00;15.05.2024 19:00;90,45
15.05.2024 19:00;15.05.2024 20:00;95,56
15.05.2024 20:00;15.05.2024 21:00;93,78
15.05.2024 21:00;15.05.2024 22:00;68,99
15.05.2024 22:00;15.05.2024 23:00;76,13
15.05.2024 23:00;16.05.2024 00:00;84,48
16.05.2024 00:00;16.05.2024 01:00;54,10
16.05.2024 01:00;16.05.2024 02:00;64,12
16.05.2024 02:00;16.05.2024 03:00;27,02
16.05.2024 03:00;16.05.2024 04:00;61,48
16.05.2024 04:00;16.05.2024 05:00;61,59
16.05.2024 05:00;16.05.2024 06:00;60,78
16.05.2024 06:00;16.05.2024 07:00;90,81
16.05.2024 07:00;16.05.2024 08:00;81,79
16.05.2024 08:00;16.05.2024 09:00;89,05
16.05.2024 09:00;16.05.2024 10:00;86,49
16.05.2024 10:00;16.05.2024 11:00;59,96
16.05.2024 11:00;16.05.2024 12:00;53,38
16.05.2024 12:00;16.05.2024 13:00;60,48
16.05.2024 13:00;16.05.2024 14:00;15,46
16.05.2024 14:00;16.05.2024 15:00;40,00
16.05.2024 15:00;16.05.2024 16:00;62,91
16.05.2024 16:00;16.05.2024 17:00;105,90
16.05.2024 17:00;16.05.2024 18:00;105,12
16.05.2024 18:00;16.05.2024 19:00;93,91
16.05.2024 19:00;16.05.2024 20:00;114,89
16.05.2024 20:00;16.05.2024 21:00;83,23
16.05.2024 21:00;16.05.2024 22:00;93,83
16.05.2024 22:00;16.05.2024 23:00;55,48
16.05.2024 23:00;17.05.2024 00:00;77,64
17.05.2024 00:00;17.05.2024 01:00;54,75
17.05.2024 01:00;17.05.2024 02:00;46,67
17.05.2024 02:00;17.05.2024 03:00;57,04
17.05.2024 03:00;17.05.2024 04:00;64,90
17.05.2024 04:00;17.05.2024 05:00;59,04
17.05.2024 05:00;17.05.2024 06:00;76,88
17.05.2024 06:00;17.05.2024 07:00;70,47
17.05.2024 07:00;17.05.2024 08:00;92,78
17.05.2024 08:00;17.05.2024 09:00;96,12
17.05.2024 09:00;17.05.2024 10:00;89,92
17.05.2024 10:00;17.05.2024 11:00;77,30
17.05.2024 11:00;17.05.2024 12:00;68,41
17.05.2024 12:00;17.05.2024 13:00;55,18
17.05.2024 13:00;17.05.2024 14:00;65,15
17.05.2024 14:00;17.05.2024 15:00;60,10
17.05.2024 15:00;17.05.2024 16:00;79,05
17.05.2024 16:00;17.05.2024 17:00;121,67
17.05.2024 17:00;17.05.2024 18:00;101,72
17.05.2024 18:00;17.05.2024 19:00;106,04
17.05.2024 19:00;17.05.2024 20:00;107,32
17.05.2024 20:00;17.05.2024 21:00;79,64
17.05.2024 21:00;17.05.2024 22:00;76,02
17.05.2024 22:00;17.05.2024 23:00;65,35
17.05.2024 23:00;18.05.2024 00:00;72,17
18.05.2024 00:00;18.05.2024 01:00;57,16
18.05.2024 01:00;18.05.2024 02:00;60,30
18.05.2024 02:00;18.05.2024 03:00;72,33
18.05.2024 03:00;18.05.2024 04:00;71,57
18.05.2024 04:00;18.05.2024 05:00;62,67
18.05.2024 05:00;18.05.2024 06:00;61,83
18.05.2024 06:00;18.05.2024 07:00;90,72
18.05.2024 07:00;18.05.2024 08:00;94,26
18.05.2024 08:00;18.05.2024 09:00;71,17
18.05.2024 09:00;18.05.2024 10:00;86,53
18.05.2024 10:00;18.05.2024 11:00;84,22
18.05.2024 11:00;18.05.2024 12:00;75,58
18.05.2024 12:00;18.05.2024 13:00;59,14
18.05.2024 13:00;18.05.2024 14:00;43,45
18.05.2024 14:00;18.05.2024 15:00;55,49
18.05.2024 15:00;18.05.2024 16:00;67,74
18.05.2024 16:00;18.05.2024 17:00;76,15
18.05.2024 17:00;18.05.2024 18:00;92,03
18.05.2024 18:00;18.05.2024 19:00;100,09
18.05.2024 19:00;18.05.2024 20:00;98,09
18.05.2024 20:00;18.05.2024 21:00;68,75
18.05.2024 21:00;18.05.2024 22:00;76,21
18.05.2024 22:00;18.05.2024 23:00;71,73
18.05.2024 23:00;19.05.2024 00:00;60,65
19.05.2024 00:00;19.05.2024 01:00;55,93
19.05.2024 01:00;19.05.2024 02:00;64,14
19.05.2024 02:00;19.05.2024 03:00;45,97
19.05.2024 03:00;19.05.2024 04:00;41,31
19.05.2024 04:00;19.05.2024 05:00;60,07
19.05.2024 05:00;19.05.2024 06:00;78,68
19.05.2024 06:00;19.05.2024 07:00;96,99
19.05.2024 07:00;19.05.2024 08:00;93,99
19.05.2024 08:00;19.05.2024 09:00;72,47
19.05.2024 09:00;19.05.2024 10:00;87,13
19.05.2024 10:00;19.05.2024 11:00;84,95
19.05.2024 11:00;19.05.2024 12:00;68,00
19.05.2024 12:00;19.05.2024 13:00;54,32
19.05.2024 13:00;19.05.2024 14:00;28,67
19.05.2024 14:00;19.05.2024 15:00;48,88
19.05.2024 15:00;19.05.2024 16:00;71,65
19.05.2024 16:00;19.05.2024 17:00;93,79
19.05.2024 17:00;19.05.2024 18:00;85,13
19.05.2024 18:00;19.05.2024 19:00;95,36
19.05.2024 19:00;19.05.2024 20:00;65,70
19.05.2024 20:00;19.05.2024 21:00;83,56
19.05.2024 21:00;19.05.2024 22:00;74,33
19.05.2024 22:00;19.05.2024 23:00;58,46
19.05.2024 23:00;20.05.2024 00:00;65,66
20.05.2024 00:00;20.05.2024 01:00;57,86
20.05.2024 01:00;20.05.2024 02:00;30,81
20.05.2024 02:00;20.05.2024 03:00;61,15
20.05.2024 03:00;20.05.2024 04:00;49,35
20.05.2024 04:00;20.05.2024 05:00;69,72
20.05.2024 05:00;20.05.2024 06:00;53,77
20.05.2024 06:00;20.05.2024 07:00;76,74
20.05.2024 07:00;20.05.2024 08:00;80,85
20.05.2024 08:00;20.05.2024 09:00;93,36
20.05.2024 09:00;20.05.2024 10:00;91,06
20.05.2024 10:00;20.05.2024 11:00;78,45
20.05.2024 11:00;20.05.2024 12:00;47,08
20.05.2024 12:00;20.05.2024 13:00;29,77
20.05.2024 13:00;20.05.2024 14:00;32,31
20.05.2024 14:00;20.05.2024 15:00;47,64
20.05.2024 15:00;20.05.2024 16:00;58,95
20.05.2024 16:00;20.05.2024 17:00;91,02
20.05.2024 17:00;20.05.2024 18:00;91,09
20.05.2024 18:00;20.05.2024 19:00;87,56
20.05.2024 19:00;20.05.2024 20:00;94,45
20.05.2024 20:00;20.05.2024 21:00;93,37
20.05.2024 21:00;20.05.2024 22:00;84,16
20.05.2024 22:00;20.05.2024 23:00;92,88
20.05.2024 23:00;21.05.2024 00:00;55,28
21.05.2024 00:00;21.05.2024 01:00;57,30
21.05.2024 01:00;21.05.2024 02:00;62,68
21.05.2024 02:00;21.05.2024 03:00;57,92
21.05.2024 03:00;21.05.2024 04:00;54,13
21.05.2024 04:00;21.05.2024 05:00;44,94
21.05.2024 05:00;21.05.2024 06:00;62,67
21.05.2024 06:00;21.05.2024 07:00;63,14
21.05.2024 07:00;21.05.2024 08:00;63,18
21.05.2024 08:00;21.05.2024 09:00;79,83
21.05.2024 09:00;21.05.2024 10:00;76,65
21.05.2024 10:00;21.05.2024 11:00;88,16
21.05.2024 11:00;21.05.2024 12:00;72,37
21.05.2024 12:00;21.05.2024 13:00;36,29
21.05.2024 13:00;21.05.2024 14:00;35,84
21.05.2024 14:00;21.05.2024 15:00;25,09
21.05.2024 15:00;21.05.2024 16:00;59,97
21.05.2024 16:00;21.05.2024 17:00;87,95
21.05.2024 17:00;21.05.2024 18:00;103,99
21.05.2024 18:00;21.05.2024 19:00;90,23
21.05.2024 19:00;21.05.2024 20:00;110,05
21.05.2024 20:00;21.05.2024 21:00;72,12
21.05.2024 21:00;21.05.2024 22:00;64,94
21.05.2024 22:00;21.05.2024 23:00;78,50
21.05.2024 23:00;22.05.2024 00:00;83,01
22.05.2024 00:00;22.05.2024 01:00;63,75
22.05.2024 01:00;22.05.2024 02:00;56,74
22.05.2024 02:00;22.05.2024 03:00;31,51
22.05.2024 03:00;22.05.2024 04:00;35,52
22.05.2024 04:00;22.05.2024 05:00;64,74
22.05.2024 05:00;22.05.2024 06:00;64,15
22.05.2024 06:00;22.05.2024 07:00;62,41
22.05.2024 07:00;22.05.2024 08:00;84,33
22.05.2024 08:00;22.05.2024 09:00;90,41
22.05.2024 09:00;22.05.2024 10:00;100,19
22.05.2024 10:00;22.05.2024 11:00;82,45
22.05.2024 11:00;22.05.2024 12:00;79,55
22.05.2024 12:00;22.05.2024 13:00;46,89
22.05.2024 13:00;22.05.2024 14:00;37,23
22.05.2024 14:00;22.05.2024 15:00;59,81
22.05.2024 15:00;22.05.2024 16:00;-6,19
22.05.2024 16:00;22.05.2024 17:00;116,59
22.05.2024 17:00;22.05.2024 18:00;98,24
22.05.2024 18:00;22.05.2024 19:00;103,01
22.05.2024 19:00;22.05.2024 20:00;103,38
22.05.2024 20:00;22.05.2024 21:00;112,48
22.05.2024 21:00;22.05.2024 22:00;89,07
22.05.2024 22:00;22.05.2024 23:00;50,37
22.05.2024 23:00;23.05.2024 00:00;79,45
23.05.2024 00:00;23.05.2024 01:00;53,40
23.05.2024 01:00;23.05.2024 02:00;58,16
23.05.2024 02:00;23.05.2024 03:00;42,16
23.05.2024 03:00;23.05.2024 04:00;65,75
23.05.2024 04:00;23.05.2024 05:00;55,02
23.05.2024 05:00;23.05.2024 06:00;69,31
23.05.2024 06:00;23.05.2024 07:00;71,92
23.05.2024 07:00;23.05.2024 08:00;106,30
23.05.2024 08:00;23.05.2024 09:00;112,47
23.05.2024 09:00;23.05.2024 10:00;89,08
23.05.2024 10:00;23.05.2024 11:00;81,23
23.05.2024 11:00;23.05.2024 12:00;-0,02
23.05.2024 12:00;23.05.2024 13:00;59,72
23.05.2024 13:00;23.05.2024 14:00;34,33
23.05.2024 14:00;23.05.2024 15:00;41,64
23.05.2024 15:00;23.05.2024 16:00;76,95
23.05.2024 16:00;23.05.2024 17:00;76,01
23.05.2024 17:00;23.05.2024 18:00;92,94
23.05.2024 18:00;23.05.2024 19:00;79,12
23.05.2024 19:00;23.05.2024 20:00;105,19
23.05.2024 20:00;23.05.2024 21:00;112,90
23.05.2024 21:00;23.05.2024 22:00;87,87
23.05.2024 22:00;23.05.2024 23:00;86,83
23.05.2024 23:00;24.05.2024 00:00;52,11
24.05.2024 00:00;24.05.2024 01:00;59,98
24.05.2024 01:00;24.05.2024 02:00;45,22
24.05.2024 02:00;24.05.2024 03:00;54,44
24.05.2024 03:00;24.05.2024 04:00;68,37
24.05.2024 04:00;24.05.2024 05:00;63,72
24.05.2024 05:00;24.05.2024 06:00;50,81
24.05.2024 06:00;24.05.2024 07:00;59,21
24.05.2024 07:00;24.05.2024 08:00;66,29
24.05.2024 08:00;24.05.2024 09:00;94,24
24.05.2024 09:00;24.05.2024 10:00;112,94
24.05.2024 10:00;24.05.2024 11:00;96,47
24.05.2024 11:00;24.05.2024 12:00;41,37
24.05.2024 12:00;24.05.2024 13:00;63,16
24.05.2024 13:00;24.05.2024 14:00;49,17
24.05.2024 14:00;24.05.2024 15:00;27,81
24.05.2024 15:00;24.05.2024 16:00;61,23
24.05.2024 16:00;24.05.2024 17:00;95,28
24.05.2024 17:00;24.05.2024 18:00;99,66
24.05.2024 18:00;24.05.2024 19:00;82,05
24.05.2024 19:00;24.05.2024 20:00;103,73
24.05.2024 20:00;24.05.2024 21:00;63,62
24.05.2024 21:00;24.05.2024 22:00;76,20
24.05.2024 22:00;24.05.2024 23:00;82,60
24.05.2024 23:00;25.05.2024 00:00;62,14
25.05.2024 00:00;25.05.2024 01:00;50,82
25.05.2024 01:00;25.05.2024 02:00;66,87
25.05.2024 02:00;25.05.2024 03:00;68,53
25.05.2024 03:00;25.05.2024 04:00;74,48
25.05.2024 04:00;25.05.2024 05:00;72,66
25.05.2024 05:00;25.05.2024 06:00;80,40
25.05.2024 06:00;25.05.2024 07:00;83,45
25.05.2024 07:00;25.05.2024 08:00;85,71
25.05.2024 08:00;25.05.2024 09:00;89,08
25.05.2024 09:00;25.05.2024 10:00;84,99
25.05.2024 10:00;25.05.2024 11:00;65,24
25.05.2024 11:00;25.05.2024 12:00;52,32
25.05.2024 12:00;25.05.2024 13:00;42,39
25.05.2024 13:00;25.05.2024 14:00;40,49
25.05.2024 14:00;25.05.2024 15:00;63,31
25.05.2024 15:00;25.05.2024 16:00;64,03
25.05.2024 16:00;25.05.2024 17:00;93,84
25.05.2024 17:00;25.05.2024 18:00;105,67
25.05.2024 18:00;25.05.2024 19:00;94,64
25.05.2024 19:00;25.05.2024 20:00;103,20
25.05.2024 20:00;25.05.2024 21:00;86,02
25.05.2024 21:00;25.05.2024 22:00;94,41
25.05.2024 22:00;25.05.2024 23:00;76,24
25.05.2024 23:00;26.05.2024 00:00;47,30
26.05.2024 00:00;26.05.2024 01:00;58,42
26.05.2024 01:00;26.05.2024 02:00;75,65
26.05.2024 02:00;26.05.2024 03:00;54,33
26.05.2024 03:00;26.05.2024 04:00;63,81
26.05.2024 04:00;26.05.2024 05:00;68,38
26.05.2024 05:00;26.05.2024 06:00;54,66
26.05.2024 06:00;26.05.2024 07:00;80,45
26.05.2024 07:00;26.05.2024 08:00;65,47
26.05.2024 08:00;26.05.2024 09:00;80,16
26.05.2024 09:00;26.05.2024 10:00;100,42
26.05.2024 10:00;26.05.2024 11:00;83,74
26.05.2024 11:00;26.05.2024 12:00;59,80
26.05.2024 12:00;26.05.2024 13:00;-9,20
26.05.2024 13:00;26.05.2024 14:00;36,54
26.05.2024 14:00;26.05.2024 15:00;45,84
26.05.2024 15:00;26.05.2024 16:00;72,08
26.05.2024 16:00;26.05.2024 17:00;72,74
26.05.2024 17:00;26.05.2024 18:00;92,87
26.05.2024 18:00;26.05.2024 19:00;93,34
26.05.2024 19:00;26.05.2024 20:00;76,70
26.05.2024 20:00;26.05.2024 21:00;77,56
26.05.2024 21:00;26.05.2024 22:00;97,03
26.05.2024 22:00;26.05.2024 23:00;72,90
26.05.2024 23:00;27.05.2024 00:00;45,37
27.05.2024 00:00;27.05.2024 01:00;37,67
27.05.2024 01:00;27.05.2024 02:00;54,20
27.05.2024 02:00;27.05.2024 03:00;74,91
27.05.2024 03:00;27.05.2024 04:00;55,87
27.05.2024 04:00;27.05.2024 05:00;77,19
27.05.2024 05:00;27.05.2024 06:00;70,99
27.05.2024 06:00;27.05.2024 07:00;79,65
27.05.2024 07:00;27.05.2024 08:00;65,84
27.05.2024 08:00;27.05.2024 09:00;98,60
27.05.2024 09:00;27.05.2024 10:00;83,16
27.05.2024 10:00;27.05.2024 11:00;89,49
27.05.2024 11:00;27.05.2024 12:00;53,36
27.05.2024 12:00;27.05.2024 13:00;47,24
27.05.2024 13:00;27.05.2024 14:00;41,16
27.05.2024 14:00;27.05.2024 15:00;43,51
27.05.2024 15:00;27.05.2024 16:00;68,73
27.05.2024 16:00;27.05.2024 17:00;77,94
27.05.2024 17:00;27.05.2024 18:00;84,27
27.05.2024 18:00;27.05.2024 19:00;116,03
27.05.2024 19:00;27.05.2024 20:00;107,99
27.05.2024 20:00;27.05.2024 21:00;79,15
27.05.2024 21:00;27.05.2024 22:00;84,70
27.05.2024 22:00;27.05.2024 23:00;59,04
27.05.2024 23:00;28.05.2024 00:00;46,71
28.05.2024 00:00;28.05.2024 01:00;68,24
28.05.2024 01:00;28.05.2024 02:00;34,77
28.05.2024 02:00;28.05.2024 03:00;66,98
28.05.2024 03:00;28.05.2024 04:00;54,75
28.05.2024 04:00;28.05.2024 05:00;58,65
28.05.2024 05:00;28.05.2024 06:00;71,37
28.05.2024 06:00;28.05.2024 07:00;80,65
28.05.2024 07:00;28.05.2024 08:00;71,63
28.05.2024 08:00;28.05.2024 09:00;95,64
28.05.2024 09:00;28.05.2024 10:00;88,22
28.05.2024 10:00;28.05.2024 11:00;63,74
28.05.2024 11:00;28.05.2024 12:00;60,77
28.05.2024 12:00;28.05.2024 13:00;61,37
28.05.2024 13:00;28.05.2024 14:00;56,74
28.05.2024 14:00;28.05.2024 15:00;53,65
28.05.2024 15:00;28.05.2024 16:00;49,27
28.05.2024 16:00;28.05.2024 17:00;86,70
28.05.2024 17:00;28.05.2024 18:00;101,95
28.05.2024 18:00;28.05.2024 19:00;105,15
28.05.2024 19:00;28.05.2024 20:00;104,50
28.05.2024 20:00;28.05.2024 21:00;92,32
28.05.2024 21:00;28.05.2024 22:00;76,69
28.05.2024 22:00;28.05.2024 23:00;60,33
28.05.2024 23:00;29.05.2024 00:00;37,83
29.05.2024 00:00;29.05.2024 01:00;59,59
29.05.2024 01:00;29.05.2024 02:00;57,14
29.05.2024 02:00;29.05.2024 03:00;62,23
29.05.2024 03:00;29.05.2024 04:00;41,42
29.05.2024 04:00;29.05.2024 05:00;68,61
29.05.2024 05:00;29.05.2024 06:00;90,79
29.05.2024 06:00;29.05.2024 07:00;74,30
29.05.2024 07:00;29.05.2024 08:00;80,49
29.05.2024 08:00;29.05.2024 09:00;90,42
29.05.2024 09:00;29.05.2024 10:00;110,93
29.05.2024 10:00;29.05.2024 11:00;66,21
29.05.2024 11:00;29.05.2024 12:00;64,93
29.05.2024 12:00;29.05.2024 13:00;34,88
29.05.2024 13:00;29.05.2024 14:00;29,74
29.05.2024 14:00;29.05.2024 15:00;44,13
29.05.2024 15:00;29.05.2024 16:00;79,40
29.05.2024 16:00;29.05.2024 17:00;102,11
29.05.2024 17:00;29.05.2024 18:00;96,80
29.05.2024 18:00;29.05.2024 19:00;91,60
29.05.2024 19:00;29.05.2024 20:00;124,68
29.05.2024 20:00;29.05.2024 21:00;82,51
29.05.2024 21:00;29.05.2024 22:00;70,39
29.05.2024 22:00;29.05.2024 23:00;46,02
29.05.2024 23:00;30.05.2024 00:00;77,04
30.05.2024 00:00;30.05.2024 01:00;66,82
30.05.2024 01:00;30.05.2024 02:00;83,61
30.05.2024 02:00;30.05.2024 03:00;38,55
30.05.2024 03:00;30.05.2024 04:00;74,66
30.05.2024 04:00;30.05.2024 05:00;61,40
30.05.2024 05:00;30.05.2024 06:00;75,49
30.05.2024 06:00;30.05.2024 07:00;53,28
30.05.2024 07:00;30.05.2024 08:00;98,54
30.05.2024 08:00;30.05.2024 09:00;95,83
30.05.2024 09:00;30.05.2024 10:00;85,77
30.05.2024 10:00;30.05.2024 11:00;85,92
30.05.2024 11:00;30.05.2024 12:00;52,99
30.05.2024 12:00;30.05.2024 13:00;37,21
30.05.2024 13:00;30.05.2024 14:00;30,43
30.05.2024 14:00;30.05.2024 15:00;22,18
30.05.2024 15:00;30.05.2024 16:00;73,26
30.05.2024 16:00;30.05.2024 17:00;94,49
30.05.2024 17:00;30.05.2024 18:00;82,70
30.05.2024 18:00;30.05.2024 19:00;99,99
30.05.2024 19:00;30.05.2024 20:00;91,27
30.05.2024 20:00;30.05.2024 21:00;91,27
30.05.2024 21:00;30.05.2024 22:00;69,40
30.05.2024 22:00;30.05.2024 23:00;56,40
30.05.2024 23:00;31.05.2024 00:00;72,60
31.05.2024 00:00;31.05.2024 01:00;54,13
31.05.2024 01:00;31.05.2024 02:00;78,55
31.05.2024 02:00;31.05.2024 03:00;55,48
31.05.2024 03:00;31.05.2024 04:00;45,74
31.05.2024 04:00;31.05.2024 05:00;74,97
31.05.2024 05:00;31.05.2024 06:00;73,08
31.05.2024 06:00;31.05.2024 07:00;81,47
31.05.2024 07:00;31.05.2024 08:00;94,90
31.05.2024 08:00;31.05.2024 09:00;78,26
31.05.2024 09:00;31.05.2024 10:00;84,40
31.05.2024 10:00;31.05.2024 11:00;75,82
31.05.2024 11:00;31.05.2024 12:00;46,38
31.05.2024 12:00;31.05.2024 13:00;40,69
31.05.2024 13:00;31.05.2024 14:00;51,72
31.05.2024 14:00;31.05.2024 15:00;46,95
31.05.2024 15:00;31.05.2024 16:00;46,46
31.05.2024 16:00;31.05.2024 17:00;61,21
31.05.2024 17:00;31.05.2024 18:00;110,78
31.05.2024 18:00;31.05.2024 19:00;94,42
31.05.2024 19:00;31.05.2024 20:00;86,38
31.05.2024 20:00;31.05.2024 21:00;83,74
31.05.2024 21:00;31.05.2024 22:00;58,90
31.05.2024 22:00;31.05.2024 23:00;83,78
31.05.2024 23:00;01.06.2024 00:00;54,96
01.06.2024 00:00;01.06.2024 01:00;71,01
01.06.2024 01:00;01.06.2024 02:00;54,61
01.06.2024 02:00;01.06.2024 03:00;71,78
01.06.2024 03:00;01.06.2024 04:00;59,63
01.06.2024 04:00;01.06.2024 05:00;70,19
01.06.2024 05:00;01.06.2024 06:00;73,84
01.06.2024 06:00;01.06.2024 07:00;79,92
01.06.2024 07:00;01.06.2024 08:00;84,49
01.06.2024 08:00;01.06.2024 09:00;83,00
01.06.2024 09:00;01.06.2024 10:00;108,61
01.06.2024 10:00;01.06.2024 11:00;66,69
01.06.2024 11:00;01.06.2024 12:00;61,62
01.06.2024 12:00;01.06.2024 13:00;43,74
01.06.2024 13:00;01.06.2024 14:00;40,21
01.06.2024 14:00;01.06.2024 15:00;38,65
01.06.2024 15:00;01.06.2024 16:00;66,09
01.06.2024 16:00;01.06.2024 17:00;77,56
01.06.2024 17:00;01.06.2024 18:00;71,52
01.06.2024 18:00;01.06.2024 19:00;95,32
01.06.2024 19:00;01.06.2024 20:00;80,64
01.06.2024 20:00;01.06.2024 21:00;65,91
01.06.2024 21:00;01.06.2024 22:00;77,97
01.06.2024 22:00;01.06.2024 23:00;72,25
01.06.2024 23:00;02.06.2024 00:00;65,69
02.06.2024 00:00;02.06.2024 01:00;61,11
02.06.2024 01:00;02.06.2024 02:00;30,50
02.06.2024 02:00;02.06.2024 03:00;37,99
02.06.2024 03:00;02.06.2024 04:00;79,94
02.06.2024 04:00;02.06.2024 05:00;47,09
02.06.2024 05:00;02.06.2024 06:00;72,25
02.06.2024 06:00;02.06.2024 07:00;63,90
02.06.2024 07:00;02.06.2024 08:00;80,97
02.06.2024 08:00;02.06.2024 09:00;77,89
02.06.2024 09:00;02.06.2024 10:00;92,07
02.06.2024 10:00;02.06.2024 11:00;78,92
02.06.2024 11:00;02.06.2024 12:00;55,90
02.06.2024 12:00;02.06.2024 13:00;30,66
02.06.2024 13:00;02.06.2024 14:00;38,30
02.06.2024 14:00;02.06.2024 15:00;28,96
02.06.2024 15:00;02.06.2024 16:00;67,15
02.06.2024 16:00;02.06.2024 17:00;110,80
02.06.2024 17:00;02.06.2024 18:00;106,41
02.06.2024 18:00;02.06.2024 19:00;103,53
02.06.2024 19:00;02.06.2024 20:00;92,52
02.06.2024 20:00;02.06.2024 21:00;63,16
02.06.2024 21:00;02.06.2024 22:00;60,16
02.06.2024 22:00;02.06.2024 23:00;81,50
02.06.2024 23:00;03.06.2024 00:00;49,60
03.06.2024 00:00;03.06.2024 01:00;45,62
03.06.2024 01:00;03.06.2024 02:00;51,41
03.06.2024 02:00;03.06.2024 03:00;41,29
03.06.2024 03:00;03.06.2024 04:00;41,24
03.06.2024 04:00;03.06.2024 05:00;58,76
03.06.2024 05:00;03.06.2024 06:00;53,93
03.06.2024 06:00;03.06.2024 07:00;62,96
03.06.2024 07:00;03.06.2024 08:00;70,35
03.06.2024 08:00;03.06.2024 09:00;91,47
03.06.2024 09:00;03.06.2024 10:00;82,26
03.06.2024 10:00;03.06.2024 11:00;74,85
03.06.2024 11:00;03.06.2024 12:00;68,15
03.06.2024 12:00;03.06.2024 13:00;41,27
03.06.2024 13:00;03.06.2024 14:00;31,46
03.06.2024 14:00;03.06.2024 15:00;48,86
03.06.2024 15:00;03.06.2024 16:00;69,75
03.06.2024 16:00;03.06.2024 17:00;77,23
03.06.2024 17:00;03.06.2024 18:00;90,89
03.06.2024 18:00;03.06.2024 19:00;85,24
03.06.2024 19:00;03.06.2024 20:00;82,93
03.06.2024 20:00;03.06.2024 21:00;95,37
03.06.2024 21:00;03.06.2024 22:00;81,08
03.06.2024 22:00;03.06.2024 23:00;71,28
03.06.2024 23:00;04.06.2024 00:00;62,16
04.06.2024 00:00;04.06.2024 01:00;54,28
04.06.2024 01:00;04.06.2024 02:00;61,47
04.06.2024 02:00;04.06.2024 03:00;64,97
04.06.2024 03:00;04.06.2024 04:00;66,61
04.06.2024 04:00;04.06.2024 05:00;57,87
04.06.2024 05:00;04.06.2024 06:00;80,99
04.06.2024 06:00;04.06.2024 07:00;74,31
04.06.2024 07:00;04.06.2024 08:00;87,03
04.06.2024 08:00;04.06.2024 09:00;88,30
04.06.2024 09:00;04.06.2024 10:00;87,72
04.06.2024 10:00;04.06.2024 11:00;67,87
04.06.2024 11:00;04.06.2024 12:00;69,12
04.06.2024 12:00;04.06.2024 13:00;76,83
04.06.2024 13:00;04.06.2024 14:00;30,01
04.06.2024 14:00;04.06.2024 15:00;43,79
04.06.2024 15:00;04.06.2024 16:00;56,09
04.06.2024 16:00;04.06.2024 17:00;72,85
04.06.2024 17:00;04.06.2024 18:00;108,17
04.06.2024 18:00;04.06.2024 19:00;86,26
04.06.2024 19:00;04.06.2024 20:00;87,29
04.06.2024 20:00;04.06.2024 21:00;66,80
04.06.2024 21:00;04.06.2024 22:00;66,36
04.06.2024 22:00;04.06.2024 23:00;45,03
04.06.2024 23:00;05.06.2024 00:00;66,08
05.06.2024 00:00;05.06.2024 01:00;87,04
05.06.2024 01:00;05.06.2024 02:00;48,44
05.06.2024 02:00;05.06.2024 03:00;33,47
05.06.2024 03:00;05.06.2024 04:00;66,20
05.06.2024 04:00;05.06.2024 05:00;50,08
05.06.2024 05:00;05.06.2024 06:00;79,66
05.06.2024 06:00;05.06.2024 07:00;67,91
05.06.2024 07:00;05.06.2024 08:00;71,58
05.06.2024 08:00;05.06.2024 09:00;82,50
05.06.2024 09:00;05.06.2024 10:00;93,57
05.06.2024 10:00;05.06.2024 11:00;73,70
05.06.2024 11:00;05.06.2024 12:00;54,46
05.06.2024 12:00;05.06.2024 13:00;40,02
05.06.2024 13:00;05.06.2024 14:00;18,97
05.06.2024 14:00;05.06.2024 15:00;47,42
05.06.2024 15:00;05.06.2024 16:00;39,72
05.06.2024 16:00;05.06.2024 17:00;73,10
05.06.2024 17:00;05.06.2024 18:00;98,47
05.06.2024 18:00;05.06.2024 19:00;97,69
05.06.2024 19:00;05.06.2024 20:00;99,78
05.06.2024 20:00;05.06.2024 21:00;84,79
05.06.2024 21:00;05.06.2024 22:00;89,21
05.06.2024 22:00;05.06.2024 23:00;76,34
05.06.2024 23:00;06.06.2024 00:00;63,58
06.06.2024 00:00;06.06.2024 01:00;64,30
06.06.2024 01:00;06.06.2024 02:00;61,57
06.06.2024 02:00;06.06.2024 03:00;47,92
06.06.2024 03:00;06.06.2024 04:00;39,00
06.06.2024 04:00;06.06.2024 05:00;63,57
06.06.2024 05:00;06.06.2024 06:00;70,34
06.06.2024 06:00;06.06.2024 07:00;84,11
06.06.2024 07:00;06.06.2024 08:00;67,65
06.06.2024 08:00;06.06.2024 09:00;73,49
06.06.2024 09:00;06.06.2024 10:00;89,72
06.06.2024 10:00;06.06.2024 11:00;75,30
06.06.2024 11:00;06.06.2024 12:00;37,52
06.06.2024 12:00;06.06.2024 13:00;46,63
06.06.2024 13:00;06.06.2024 14:00;11,73
06.06.2024 14:00;06.06.2024 15:00;31,04
06.06.2024 15:00;06.06.2024 16:00;17,11
06.06.2024 16:00;06.06.2024 17:00;100,06
06.06.2024 17:00;06.06.2024 18:00;74,49
06.06.2024 18:00;06.06.2024 19:00;89,83
06.06.2024 19:00;06.06.2024 20:00;92,94
06.06.2024 20:00;06.06.2024 21:00;106,68
06.06.2024 21:00;06.06.2024 22:00;68,99
06.06.2024 22:00;06.06.2024 23:00;59,25
06.06.2024 23:00;07.06.2024 00:00;76,53
07.06.2024 00:00;07.06.2024 01:00;48,41
07.06.2024 01:00;07.06.2024 02:00;60,96
07.06.2024 02:00;07.06.2024 03:00;35,20
07.06.2024 03:00;07.06.2024 04:00;52,80
07.06.2024 04:00;07.06.2024 05:00;38,34
07.06.2024 05:00;07.06.2024 06:00;50,86
07.06.2024 06:00;07.06.2024 07:00;80,82
07.06.2024 07:00;07.06.2024 08:00;78,02
07.06.2024 08:00;07.06.2024 09:00;80,27
07.06.2024 09:00;07.06.2024 10:00;74,95
07.06.2024 10:00;07.06.2024 11:00;73,24
07.06.2024 11:00;07.06.2024 12:00;63,49
07.06.2024 12:00;07.06.2024 13:00;53,66
07.06.2024 13:00;07.06.2024 14:00;2,19
07.06.2024 14:00;07.06.2024 15:00;32,13
07.06.2024 15:00;07.06.2024 16:00;62,53
07.06.2024 16:00;07.06.2024 17:00;76,70
07.06.2024 17:00;07.06.2024 18:00;93,65
07.06.2024 18:00;07.06.2024 19:00;96,72
07.06.2024 19:00;07.06.2024 20:00;88,50
07.06.2024 20:00;07.06.2024 21:00;78,71
07.06.2024 21:00;07.06.2024 22:00;71,69
07.06.2024 22:00;07.06.2024 23:00;78,49
07.06.2024 23:00;08.06.2024 00:00;48,90
08.06.2024 00:00;08.06.2024 01:00;51,89
08.06.2024 01:00;08.06.2024 02:00;54,23
08.06.2024 02:00;08.06.2024 03:00;71,39
08.06.2024 03:00;08.06.2024 04:00;50,99
08.06.2024 04:00;08.06.2024 05:00;69,50
08.06.2024 05:00;08.06.2024 06:00;78,04
08.06.2024 06:00;08.06.2024 07:00;69,73
08.06.2024 07:00;08.06.2024 08:00;75,83
08.06.2024 08:00;08.06.2024 09:00;79,89
08.06.2024 09:00;08.06.2024 10:00;80,60
08.06.2024 10:00;08.06.2024 11:00;85,87
08.06.2024 11:00;08.06.2024 12:00;62,39
08.06.2024 12:00;08.06.2024 13:00;44,43
08.06.2024 13:00;08.06.2024 14:00;19,93
08.06.2024 14:00;08.06.2024 15:00;30,24
08.06.2024 15:00;08.06.2024 16:00;86,08
08.06.2024 16:00;08.06.2024 17:00;75,49
08.06.2024 17:00;08.06.2024 18:00;79,26
08.06.2024 18:00;08.06.2024 19:00;110,42
08.06.2024 19:00;08.06.2024 20:00;95,28
08.06.2024 20:00;08.06.2024 21:00;91,71
08.06.2024 21:00;08.06.2024 22:00;72,72
08.06.2024 22:00;08.06.2024 23:00;60,62
08.06.2024 23:00;09.06.2024 00:00;55,38
09.06.2024 00:00;09.06.2024 01:00;35,80
09.06.2024 01:00;09.06.2024 02:00;50,72
09.06.2024 02:00;09.06.2024 03:00;55,97
09.06.2024 03:00;09.06.2024 04:00;76,55
09.06.2024 04:00;09.06.2024 05:00;58,77
09.06.2024 05:00;09.06.2024 06:00;34,99
09.06.2024 06:00;09.06.2024 07:00;69,11
09.06.2024 07:00;09.06.2024 08:00;110,98
09.06.2024 08:00;09.06.2024 09:00;93,98
09.06.2024 09:00;09.06.2024 10:00;73,69
09.06.2024 10:00;09.06.2024 11:00;82,46
09.06.2024 11:00;09.06.2024 12:00;50,46
09.06.2024 12:00;09.06.2024 13:00;25,10
09.06.2024 13:00;09.06.2024 14:00;28,99
09.06.2024 14:00;09.06.2024 15:00;42,69
09.06.2024 15:00;09.06.2024 16:00;37,64
09.06.2024 16:00;09.06.2024 17:00;63,58
09.06.2024 17:00;09.06.2024 18:00;88,42
09.06.2024 18:00;09.06.2024 19:00;88,10
09.06.2024 19:00;09.06.2024 20:00;96,38
09.06.2024 20:00;09.06.2024 21:00;69,94
09.06.2024 21:00;09.06.2024 22:00;82,69
09.06.2024 22:00;09.06.2024 23:00;49,98
09.06.2024 23:00;10.06.2024 00:00;76,88
10.06.2024 00:00;10.06.2024 01:00;31,55
10.06.2024 01:00;10.06.2024 02:00;38,42
10.06.2024 02:00;10.06.2024 03:00;57,17
10.06.2024 03:00;10.06.2024 04:00;74,06
10.06.2024 04:00;10.06.2024 05:00;61,27
10.06.2024 05:00;10.06.2024 06:00;69,51
10.06.2024 06:00;10.06.2024 07:00;70,19
10.06.2024 07:00;10.06.2024 08:00;65,54
10.06.2024 08:00;10.06.2024 09:00;77,45
10.06.2024 09:00;10.06.2024 10:00;68,63
10.06.2024 10:00;10.06.2024 11:00;59,77
10.06.2024 11:00;10.06.2024 12:00;63,93
10.06.2024 12:00;10.06.2024 13:00;27,62
10.06.2024 13:00;10.06.2024 14:00;36,76
10.06.2024 14:00;10.06.2024 15:00;25,72
10.06.2024 15:00;10.06.2024 16:00;63,41
10.06.2024 16:00;10.06.2024 17:00;71,26
10.06.2024 17:00;10.06.2024 18:00;104,93
10.06.2024 18:00;10.06.2024 19:00;96,63
10.06.2024 19:00;10.06.2024 20:00;106,22
10.06.2024 20:00;10.06.2024 21:00;75,20
10.06.2024 21:00;10.06.2024 22:00;74,54
10.06.2024 22:00;10.06.2024 23:00;52,17
10.06.2024 23:00;11.06.2024 00:00;51,95
11.06.2024 00:00;11.06.2024 01:00;48,75
11.06.2024 01:00;11.06.2024 02:00;42,57
11.06.2024 02:00;11.06.2024 03:00;37,33
11.06.2024 03:00;11.06.2024 04:00;36,89
11.06.2024 04:00;11.06.2024 05:00;29,17
11.06.2024 05:00;11.06.2024 06:00;49,83
11.06.2024 06:00;11.06.2024 07:00;77,27
11.06.2024 07:00;11.06.2024 08:00;58,43
11.06.2024 08:00;11.06.2024 09:00;66,67
11.06.2024 09:00;11.06.2024 10:00;104,41
11.06.2024 10:00;11.06.2024 11:00;67,23
11.06.2024 11:00;11.06.2024 12:00;62,72
11.06.2024 12:00;11.06.2024 13:00;48,56
11.06.2024 13:00;11.06.2024 14:00;40,63
11.06.2024 14:00;11.06.2024 15:00;22,83
11.06.2024 15:00;11.06.2024 16:00;56,84
11.06.2024 16:00;11.06.2024 17:00;57,46
11.06.2024 17:00;11.06.2024 18:00;117,16
11.06.2024 18:00;11.06.2024 19:00;73,36
11.06.2024 19:00;11.06.2024 20:00;78,57
11.06.2024 20:00;11.06.2024 21:00;71,53
11.06.2024 21:00;11.06.2024 22:00;55,66
11.06.2024 22:00;11.06.2024 23:00;79,93
11.06.2024 23:00;12.06.2024 00:00;85,74
12.06.2024 00:00;12.06.2024 01:00;45,95
12.06.2024 01:00;12.06.2024 02:00;35,20
12.06.2024 02:00;12.06.2024 03:00;24,84
12.06.2024 03:00;12.06.2024 04:00;50,68
12.06.2024 04:00;12.06.2024 05:00;53,21
12.06.2024 05:00;12.06.2024 06:00;54,46
12.06.2024 06:00;12.06.2024 07:00;72,16
12.06.2024 07:00;12.06.2024 08:00;82,11
12.06.2024 08:00;12.06.2024 09:00;86,73
12.06.2024 09:00;12.06.2024 10:00;78,89
12.06.2024 10:00;12.06.2024 11:00;61,41
12.06.2024 11:00;12.06.2024 12:00;66,62
12.06.2024 12:00;12.06.2024 13:00;40,77
12.06.2024 13:00;12.06.2024 14:00;43,10
12.06.2024 14:00;12.06.2024 15:00;50,35
12.06.2024 15:00;12.06.2024 16:00;42,31
12.06.2024 16:00;12.06.2024 17:00;59,43
12.06.2024 17:00;12.06.2024 18:00;78,50
12.06.2024 18:00;12.06.2024 19:00;79,59
12.06.2024 19:00;12.06.2024 20:00;99,97
12.06.2024 20:00;12.06.2024 21:00;88,00
12.06.2024 21:00;12.06.2024 22:00;86,58
12.06.2024 22:00;12.06.2024 23:00;68,22
12.06.2024 23:00;13.06.2024 00:00;58,94
13.06.2024 00:00;13.06.2024 01:00;65,82
13.06.2024 01:00;13.06.2024 02:00;56,45
13.06.2024 02:00;13.06.2024 03:00;52,27
13.06.2024 03:00;13.06.2024 04:00;71,14
13.06.2024 04:00;13.06.2024 05:00;58,16
13.06.2024 05:00;13.06.2024 06:00;58,39
13.06.2024 06:00;13.06.2024 07:00;59,22
13.06.2024 07:00;13.06.2024 08:00;85,58
13.06.2024 08:00;13.06.2024 09:00;97,46
13.06.2024 09:00;13.06.2024 10:00;81,85
13.06.2024 10:00;13.06.2024 11:00;90,10
13.06.2024 11:00;13.06.2024 12:00;34,76
13.06.2024 12:00;13.06.2024 13:00;39,72
13.06.2024 13:00;13.06.2024 14:00;31,73
13.06.2024 14:00;13.06.2024 15:00;31,91
13.06.2024 15:00;13.06.2024 16:00;87,75
13.06.2024 16:00;13.06.2024 17:00;75,62
13.06.2024 17:00;13.06.2024 18:00;82,44
13.06.2024 18:00;13.06.2024 19:00;92,34
13.06.2024 19:00;13.06.2024 20:00;66,64
13.06.2024 20:00;13.06.2024 21:00;74,43
13.06.2024 21:00;13.06.2024 22:00;84,95
13.06.2024 22:00;13.06.2024 23:00;55,68
13.06.2024 23:00;14.06.2024 00:00;46,25
14.06.2024 00:00;14.06.2024 01:00;66,91
14.06.2024 01:00;14.06.2024 02:00;66,67
14.06.2024 02:00;14.06.2024 03:00;57,43
14.06.2024 03:00;14.06.2024 04:00;47,69
14.06.2024 04:00;14.06.2024 05:00;53,68
14.06.2024 05:00;14.06.2024 06:00;52,17
14.06.2024 06:00;14.06.2024 07:00;57,11
14.06.2024 07:00;14.06.2024 08:00;64,38
14.06.2024 08:00;14.06.2024 09:00;74,98
14.06.2024 09:00;14.06.2024 10:00;69,81
14.06.2024 10:00;14.06.2024 11:00;55,41
14.06.2024 11:00;14.06.2024 12:00;60,81
14.06.2024 12:00;14.06.2024 13:00;42,97
14.06.2024 13:00;14.06.2024 14:00;52,40
14.06.2024 14:00;14.06.2024 15:00;32,39
14.06.2024 15:00;14.06.2024 16:00;62,47
14.06.2024 16:00;14.06.2024 17:00;79,94
14.06.2024 17:00;14.06.2024 18:00;84,06
14.06.2024 18:00;14.06.2024 19:00;100,74
14.06.2024 19:00;14.06.2024 20:00;99,75
14.06.2024 20:00;14.06.2024 21:00;87,26
14.06.2024 21:00;14.06.2024 22:00;69,86
14.06.2024 22:00;14.06.2024 23:00;58,71
14.06.2024 23:00;15.06.2024 00:00;39,56
15.06.2024 00:00;15.06.2024 01:00;41,31
15.06.2024 01:00;15.06.2024 02:00;42,91
15.06.2024 02:00;15.06.2024 03:00;37,52
15.06.2024 03:00;15.06.2024 04:00;58,21
15.06.2024 04:00;15.06.2024 05:00;70,69
15.06.2024 05:00;15.06.2024 06:00;50,70
15.06.2024 06:00;15.06.2024 07:00;72,23
15.06.2024 07:00;15.06.2024 08:00;64,29
15.06.2024 08:00;15.06.2024 09:00;78,51
15.06.2024 09:00;15.06.2024 10:00;73,73
15.06.2024 10:00;15.06.2024 11:00;81,18
15.06.2024 11:00;15.06.2024 12:00;49,81
15.06.2024 12:00;15.06.2024 13:00;52,08
15.06.2024 13:00;15.06.2024 14:00;28,82
15.06.2024 14:00;15.06.2024 15:00;32,39
15.06.2024 15:00;15.06.2024 16:00;43,66
15.06.2024 16:00;15.06.2024 17:00;79,00
15.06.2024 17:00;15.06.2024 18:00;97,63
15.06.2024 18:00;15.06.2024 19:00;94,87
15.06.2024 19:00;15.06.2024 20:00;117,10
15.06.2024 20:00;15.06.2024 21:00;100,27
15.06.2024 21:00;15.06.2024 22:00;69,02
15.06.2024 22:00;15.06.2024 23:00;58,97
15.06.2024 23:00;16.06.2024 00:00;61,39
16.06.2024 00:00;16.06.2024 01:00;40,71
16.06.2024 01:00;16.06.2024 02:00;64,15
16.06.2024 02:00;16.06.2024 03:00;55,13
16.06.2024 03:00;16.06.2024 04:00;55,80
16.06.2024 04:00;16.06.2024 05:00;64,37
16.06.2024 05:00;16.06.2024 06:00;82,06
16.06.2024 06:00;16.06.2024 07:00;70,67
16.06.2024 07:00;16.06.2024 08:00;75,13
16.06.2024 08:00;16.06.2024 09:00;100,07
16.06.2024 09:00;16.06.2024 10:00;93,41
16.06.2024 10:00;16.06.2024 11:00;69,89
16.06.2024 11:00;16.06.2024 12:00;57,81
16.06.2024 12:00;16.06.2024 13:00;42,07
16.06.2024 13:00;16.06.2024 14:00;35,90
16.06.2024 14:00;16.06.2024 15:00;23,70
16.06.2024 15:00;16.06.2024 16:00;39,98
16.06.2024 16:00;16.06.2024 17:00;65,10
16.06.2024 17:00;16.06.2024 18:00;75,10
16.06.2024 18:00;16.06.2024 19:00;83,65
16.06.2024 19:00;16.06.2024 20:00;97,64
16.06.2024 20:00;16.06.2024 21:00;80,87
16.06.2024 21:00;16.06.2024 22:00;74,85
16.06.2024 22:00;16.06.2024 23:00;47,88
16.06.2024 23:00;17.06.2024 00:00;50,00
17.06.2024 00:00;17.06.2024 01:00;57,61
17.06.2024 01:00;17.06.2024 02:00;57,09
17.06.2024 02:00;17.06.2024 03:00;41,89
17.06.2024 03:00;17.06.2024 04:00;54,46
17.06.2024 04:00;17.06.2024 05:00;82,30
17.06.2024 05:00;17.06.2024 06:00;60,97
17.06.2024 06:00;17.06.2024 07:00;60,09
17.06.2024 07:00;17.06.2024 08:00;74,19
17.06.2024 08:00;17.06.2024 09:00;82,86
17.06.2024 09:00;17.06.2024 10:00;79,78
17.06.2024 10:00;17.06.2024 11:00;73,16
17.06.2024 11:00;17.06.2024 12:00;40,22
17.06.2024 12:00;17.06.2024 13:00;27,97
17.06.2024 13:00;17.06.2024 14:00;29,56
17.06.2024 14:00;17.06.2024 15:00;37,79
17.06.2024 15:00;17.06.2024 16:00;51,49
17.06.2024 16:00;17.06.2024 17:00;73,42
17.06.2024 17:00;17.06.2024 18:00;87,20
17.06.2024 18:00;17.06.2024 19:00;101,84
17.06.2024 19:00;17.06.2024 20:00;88,62
17.06.2024 20:00;17.06.2024 21:00;87,48
17.06.2024 21:00;17.06.2024 22:00;65,79
17.06.2024 22:00;17.06.2024 23:00;69,23
17.06.2024 23:00;18.06.2024 00:00;59,85
18.06.2024 00:00;18.06.2024 01:00;60,75
18.06.2024 01:00;18.06.2024 02:00;58,31
18.06.2024 02:00;18.06.2024 03:00;57,45
18.06.2024 03:00;18.06.2024 04:00;51,13
18.06.2024 04:00;18.06.2024 05:00;58,66
18.06.2024 05:00;18.06.2024 06:00;73,74
18.06.2024 06:00;18.06.2024 07:00;60,38
18.06.2024 07:00;18.06.2024 08:00;68,54
18.06.2024 08:00;18.06.2024 09:00;83,73
18.06.2024 09:00;18.06.2024 10:00;86,38
18.06.2024 10:00;18.06.2024 11:00;63,45
18.06.2024 11:00;18.06.2024 12:00;56,44
18.06.2024 12:00;18.06.2024 13:00;38,19
18.06.2024 13:00;18.06.2024 14:00;4,57
18.06.2024 14:00;18.06.2024 15:00;36,94
18.06.2024 15:00;18.06.2024 16:00;-3,81
18.06.2024 16:00;18.06.2024 17:00;73,42
18.06.2024 17:00;18.06.2024 18:00;103,26
18.06.2024 18:00;18.06.2024 19:00;76,38
18.06.2024 19:00;18.06.2024 20:00;79,72
18.06.2024 20:00;18.06.2024 21:00;51,14
18.06.2024 21:00;18.06.2024 22:00;66,32
18.06.2024 22:00;18.06.2024 23:00;57,42
18.06.2024 23:00;19.06.2024 00:00;49,02
19.06.2024 00:00;19.06.2024 01:00;63,46
19.06.2024 01:00;19.06.2024 02:00;59,89
19.06.2024 02:00;19.06.2024 03:00;51,13
19.06.2024 03:00;19.06.2024 04:00;47,68
19.06.2024 04:00;19.06.2024 05:00;67,84
19.06.2024 05:00;19.06.2024 06:00;60,55
19.06.2024 06:00;19.06.2024 07:00;58,20
19.06.2024 07:00;19.06.2024 08:00;55,29
19.06.2024 08:00;19.06.2024 09:00;76,07
19.06.2024 09:00;19.06.2024 10:00;90,26
19.06.2024 10:00;19.06.2024 11:00;100,47
19.06.2024 11:00;19.06.2024 12:00;57,88
19.06.2024 12:00;19.06.2024 13:00;29,95
19.06.2024 13:00;19.06.2024 14:00;16,74
19.06.2024 14:00;19.06.2024 15:00;46,00
19.06.2024 15:00;19.06.2024 16:00;36,71
19.06.2024 16:00;19.06.2024 17:00;81,76
19.06.2024 17:00;19.06.2024 18:00;95,89
19.06.2024 18:00;19.06.2024 19:00;96,01
19.06.2024 19:00;19.06.2024 20:00;86,78
19.06.2024 20:00;19.06.2024 21:00;89,08
19.06.2024 21:00;19.06.2024 22:00;73,95
19.06.2024 22:00;19.06.2024 23:00;52,63
19.06.2024 23:00;20.06.2024 00:00;77,15
20.06.2024 00:00;20.06.2024 01:00;45,76
20.06.2024 01:00;20.06.2024 02:00;58,68
20.06.2024 02:00;20.06.2024 03:00;20,98
20.06.2024 03:00;20.06.2024 04:00;67,25
20.06.2024 04:00;20.06.2024 05:00;72,96
20.06.2024 05:00;20.06.2024 06:00;60,96
20.06.2024 06:00;20.06.2024 07:00;74,54
20.06.2024 07:00;20.06.2024 08:00;82,40
20.06.2024 08:00;20.06.2024 09:00;73,46
20.06.2024 09:00;20.06.2024 10:00;87,58
20.06.2024 10:00;20.06.2024 11:00;63,26
20.06.2024 11:00;20.06.2024 12:00;49,65
20.06.2024 12:00;20.06.2024 13:00;52,47
20.06.2024 13:00;20.06.2024 14:00;42,47
20.06.2024 14:00;20.06.2024 15:00;30,72
20.06.2024 15:00;20.06.2024 16:00;48,90
20.06.2024 16:00;20.06.2024 17:00;67,22
20.06.2024 17:00;20.06.2024 18:00;94,68
20.06.2024 18:00;20.06.2024 19:00;78,59
20.06.2024 19:00;20.06.2024 20:00;93,51
20.06.2024 20:00;20.06.2024 21:00;91,07
20.06.2024 21:00;20.06.2024 22:00;70,65
20.06.2024 22:00;20.06.2024 23:00;73,91
20.06.2024 23:00;21.06.2024 00:00;51,11
21.06.2024 00:00;21.06.2024 01:00;47,24
21.06.2024 01:00;21.06.2024 02:00;37,47
21.06.2024 02:00;21.06.2024 03:00;62,03
21.06.2024 03:00;21.06.2024 04:00;42,56
21.06.2024 04:00;21.06.2024 05:00;59,35
21.06.2024 05:00;21.06.2024 06:00;59,56
21.06.2024 06:00;21.06.2024 07:00;55,02
21.06.2024 07:00;21.06.2024 08:00;68,21
21.06.2024 08:00;21.06.2024 09:00;97,59
21.06.2024 09:00;21.06.2024 10:00;83,25
21.06.2024 10:00;21.06.2024 11:00;60,67
21.06.2024 11:00;21.06.2024 12:00;60,44
21.06.2024 12:00;21.06.2024 13:00;37,01
21.06.2024 13:00;21.06.2024 14:00;72,04
21.06.2024 14:00;21.06.2024 15:00;42,43
21.06.2024 15:00;21.06.2024 16:00;52,95
21.06.2024 16:00;21.06.2024 17:00;91,83
21.06.2024 17:00;21.06.2024 18:00;63,62
21.06.2024 18:00;21.06.2024 19:00;91,54
21.06.2024 19:00;21.06.2024 20:00;112,99
21.06.2024 20:00;21.06.2024 21:00;80,54
21.06.2024 21:00;21.06.2024 22:00;50,73
21.06.2024 22:00;21.06.2024 23:00;56,85
21.06.2024 23:00;22.06.2024 00:00;72,03
22.06.2024 00:00;22.06.2024 01:00;54,14
22.06.2024 01:00;22.06.2024 02:00;38,95
22.06.2024 02:00;22.06.2024 03:00;41,43
22.06.2024 03:00;22.06.2024 04:00;44,87
22.06.2024 04:00;22.06.2024 05:00;59,32
22.06.2024 05:00;22.06.2024 06:00;76,31
22.06.2024 06:00;22.06.2024 07:00;80,11
22.06.2024 07:00;22.06.2024 08:00;80,82
22.06.2024 08:00;22.06.2024 09:00;64,84
22.06.2024 09:00;22.06.2024 10:00;64,73
22.06.2024 10:00;22.06.2024 11:00;79,01
22.06.2024 11:00;22.06.2024 12:00;40,46
22.06.2024 12:00;22.06.2024 13:00;35,88
22.06.2024 13:00;22.06.2024 14:00;34,07
22.06.2024 14:00;22.06.2024 15:00;25,19
22.06.2024 15:00;22.06.2024 16:00;45,06
22.06.2024 16:00;22.06.2024 17:00;73,49
22.06.2024 17:00;22.06.2024 18:00;91,58
22.06.2024 18:00;22.06.2024 19:00;102,98
22.06.2024 19:00;22.06.2024 20:00;96,17
22.06.2024 20:00;22.06.2024 21:00;82,64
22.06.2024 21:00;22.06.2024 22:00;62,41
22.06.2024 22:00;22.06.2024 23:00;48,58
22.06.2024 23:00;23.06.2024 00:00;48,28
23.06.2024 00:00;23.06.2024 01:00;54,38
23.06.2024 01:00;23.06.2024 02:00;52,89
23.06.2024 02:00;23.06.2024 03:00;24,29
23.06.2024 03:00;23.06.2024 04:00;41,99
23.06.2024 04:00;23.06.2024 05:00;69,27
23.06.2024 05:00;23.06.2024 06:00;61,03
23.06.2024 06:00;23.06.2024 07:00;50,31
23.06.2024 07:00;23.06.2024 08:00;103,45
23.06.2024 08:00;23.06.2024 09:00;80,31
23.06.2024 09:00;23.06.2024 10:00;85,11
23.06.2024 10:00;23.06.2024 11:00;77,24
23.06.2024 11:00;23.06.2024 12:00;52,03
23.06.2024 12:00;23.06.2024 13:00;29,69
23.06.2024 13:00;23.06.2024 14:00;55,71
23.06.2024 14:00;23.06.2024 15:00;50,71
23.06.2024 15:00;23.06.2024 16:00;67,05
23.06.2024 16:00;23.06.2024 17:00;81,37
23.06.2024 17:00;23.06.2024 18:00;73,33
23.06.2024 18:00;23.06.2024 19:00;105,40
23.06.2024 19:00;23.06.2024 20:00;78,60
23.06.2024 20:00;23.06.2024 21:00;84,99
23.06.2024 21:00;23.06.2024 22:00;51,52
23.06.2024 22:00;23.06.2024 23:00;36,78
23.06.2024 23:00;24.06.2024 00:00;58,06
24.06.2024 00:00;24.06.2024 01:00;39,60
24.06.2024 01:00;24.06.2024 02:00;24,83
24.06.2024 02:00;24.06.2024 03:00;55,82
24.06.2024 03:00;24.06.2024 04:00;76,70
24.06.2024 04:00;24.06.2024 05:00;71,33
24.06.2024 05:00;24.06.2024 06:00;56,83
24.06.2024 06:00;24.06.2024 07:00;67,26
24.06.2024 07:00;24.06.2024 08:00;85,67
24.06.2024 08:00;24.06.2024 09:00;93,96
24.06.2024 09:00;24.06.2024 10:00;76,21
24.06.2024 10:00;24.06.2024 11:00;72,69
24.06.2024 11:00;24.06.2024 12:00;59,89
24.06.2024 12:00;24.06.2024 13:00;44,91
24.06.2024 13:00;24.06.2024 14:00;28,50
24.06.2024 14:00;24.06.2024 15:00;37,07
24.06.2024 15:00;24.06.2024 16:00;73,58
24.06.2024 16:00;24.06.2024 17:00;88,81
24.06.2024 17:00;24.06.2024 18:00;90,94
24.06.2024 18:00;24.06.2024 19:00;110,54
24.06.2024 19:00;24.06.2024 20:00;83,92
24.06.2024 20:00;24.06.2024 21:00;100,91
24.06.2024 21:00;24.06.2024 22:00;77,55
24.06.2024 22:00;24.06.2024 23:00;100,36
24.06.2024 23:00;25.06.2024 00:00;39,77
25.06.2024 00:00;25.06.2024 01:00;40,88
25.06.2024 01:00;25.06.2024 02:00;53,57
25.06.2024 02:00;25.06.2024 03:00;53,95
25.06.2024 03:00;25.06.2024 04:00;74,51
25.06.2024 04:00;25.06.2024 05:00;46,49
25.06.2024 05:00;25.06.2024 06:00;70,63
25.06.2024 06:00;25.06.2024 07:00;80,95
25.06.2024 07:00;25.06.2024 08:00;83,32
25.06.2024 08:00;25.06.2024 09:00;68,81
25.06.2024 09:00;25.06.2024 10:00;97,08
25.06.2024 10:00;25.06.2024 11:00;86,88
25.06.2024 11:00;25.06.2024 12:00;63,32
25.06.2024 12:00;25.06.2024 13:00;40,57
25.06.2024 13:00;25.06.2024 14:00;32,65
25.06.2024 14:00;25.06.2024 15:00;37,42
25.06.2024 15:00;25.06.2024 16:00;64,56
25.06.2024 16:00;25.06.2024 17:00;74,51
25.06.2024 17:00;25.06.2024 18:00;74,88
25.06.2024 18:00;25.06.2024 19:00;77,18
25.06.2024 19:00;25.06.2024 20:00;79,38
25.06.2024 20:00;25.06.2024 21:00;83,95
25.06.2024 21:00;25.06.2024 22:00;70,56
25.06.2024 22:00;25.06.2024 23:00;63,54
25.06.2024 23:00;26.06.2024 00:00;59,94
26.06.2024 00:00;26.06.2024 01:00;41,48
26.06.2024 01:00;26.06.2024 02:00;65,99
26.06.2024 02:00;26.06.2024 03:00;45,82
26.06.2024 03:00;26.06.2024 04:00;45,76
26.06.2024 04:00;26.06.2024 05:00;60,15
26.06.2024 05:00;26.06.2024 06:00;37,59
26.06.2024 06:00;26.06.2024 07:00;57,37
26.06.2024 07:00;26.06.2024 08:00;86,50
26.06.2024 08:00;26.06.2024 09:00;59,35
26.06.2024 09:00;26.06.2024 10:00;93,45
26.06.2024 10:00;26.06.2024 11:00;90,12
26.06.2024 11:00;26.06.2024 12:00;51,55
26.06.2024 12:00;26.06.2024 13:00;41,47
26.06.2024 13:00;26.06.2024 14:00;-16,78
26.06.2024 14:00;26.06.2024 15:00;32,62
26.06.2024 15:00;26.06.2024 16:00;67,14
26.06.2024 16:00;26.06.2024 17:00;65,94
26.06.2024 17:00;26.06.2024 18:00;79,19
26.06.2024 18:00;26.06.2024 19:00;80,02
26.06.2024 19:00;26.06.2024 20:00;92,37
26.06.2024 20:00;26.06.2024 21:00;95,03
26.06.2024 21:00;26.06.2024 22:00;68,53
26.06.2024 22:00;26.06.2024 23:00;45,55
26.06.2024 23:00;27.06.2024 00:00;40,79
27.06.2024 00:00;27.06.2024 01:00;53,61
27.06.2024 01:00;27.06.2024 02:00;70,39
27.06.2024 02:00;27.06.2024 03:00;53,62
27.06.2024 03:00;27.06.2024 04:00;46,18
27.06.2024 04:00;27.06.2024 05:00;63,42
27.06.2024 05:00;27.06.2024 06:00;56,61
27.06.2024 06:00;27.06.2024 07:00;62,18
27.06.2024 07:00;27.06.2024 08:00;63,08
27.06.2024 08:00;27.06.2024 09:00;96,96
27.06.2024 09:00;27.06.2024 10:00;49,43
27.06.2024 10:00;27.06.2024 11:00;81,42
27.06.2024 11:00;27.06.2024 12:00;50,28
27.06.2024 12:00;27.06.2024 13:00;32,91
27.06.2024 13:00;27.06.2024 14:00;49,96
27.06.2024 14:00;27.06.2024 15:00;29,51
27.06.2024 15:00;27.06.2024 16:00;-11,57
27.06.2024 16:00;27.06.2024 17:00;72,29
27.06.2024 17:00;27.06.2024 18:00;89,75
27.06.2024 18:00;27.06.2024 19:00;84,18
27.06.2024 19:00;27.06.2024 20:00;69,23
27.06.2024 20:00;27.06.2024 21:00;70,61
27.06.2024 21:00;27.06.2024 22:00;85,98
27.06.2024 22:00;27.06.2024 23:00;61,57
27.06.2024 23:00;28.06.2024 00:00;59,06
28.06.2024 00:00;28.06.2024 01:00;45,60
28.06.2024 01:00;28.06.2024 02:00;40,21
28.06.2024 02:00;28.06.2024 03:00;68,89
28.06.2024 03:00;28.06.2024 04:00;48,43
28.06.2024 04:00;28.06.2024 05:00;48,77
28.06.2024 05:00;28.06.2024 06:00;72,51
28.06.2024 06:00;28.06.2024 07:00;57,92
28.06.2024 07:00;28.06.2024 08:00;67,32
28.06.2024 08:00;28.06.2024 09:00;80,05
28.06.2024 09:00;28.06.2024 10:00;79,77
28.06.2024 10:00;28.06.2024 11:00;74,83
28.06.2024 11:00;28.06.2024 12:00;80,82
28.06.2024 12:00;28.06.2024 13:00;41,73
28.06.2024 13:00;28.06.2024 14:00;0,99
28.06.2024 14:00;28.06.2024 15:00;41,86
28.06.2024 15:00;28.06.2024 16:00;56,91
28.06.2024 16:00;28.06.2024 17:00;74,25
28.06.2024 17:00;28.06.2024 18:00;87,60
28.06.2024 18:00;28.06.2024 19:00;89,00
28.06.2024 19:00;28.06.2024 20:00;87,36
28.06.2024 20:00;28.06.2024 21:00;88,22
28.06.2024 21:00;28.06.2024 22:00;63,96
28.06.2024 22:00;28.06.2024 23:00;49,17
28.06.2024 23:00;29.06.2024 00:00;89,80
29.06.2024 00:00;29.06.2024 01:00;40,02
29.06.2024 01:00;29.06.2024 02:00;49,21
29.06.2024 02:00;29.06.2024 03:00;30,69
29.06.2024 03:00;29.06.2024 04:00;51,97
29.06.2024 04:00;29.06.2024 05:00;42,77
29.06.2024 05:00;29.06.2024 06:00;53,92
29.06.2024 06:00;29.06.2024 07:00;79,00
29.06.2024 07:00;29.06.2024 08:00;79,99
29.06.2024 08:00;29.06.2024 09:00;86,63
29.06.2024 09:00;29.06.2024 10:00;58,39
29.06.2024 10:00;29.06.2024 11:00;93,64
29.06.2024 11:00;29.06.2024 12:00;41,29
29.06.2024 12:00;29.06.2024 13:00;55,92
29.06.2024 13:00;29.06.2024 14:00;41,66
29.06.2024 14:00;29.06.2024 15:00;44,75
29.06.2024 15:00;29.06.2024 16:00;46,07
29.06.2024 16:00;29.06.2024 17:00;75,42
29.06.2024 17:00;29.06.2024 18:00;78,87
29.06.2024 18:00;29.06.2024 19:00;89,57
29.06.2024 19:00;29.06.2024 20:00;84,87
29.06.2024 20:00;29.06.2024 21:00;56,28
29.06.2024 21:00;29.06.2024 22:00;83,81
29.06.2024 22:00;29.06.2024 23:00;59,44
29.06.2024 23:00;30.06.2024 00:00;47,57
30.06.2024 00:00;30.06.2024 01:00;41,77
30.06.2024 01:00;30.06.2024 02:00;52,19
30.06.2024 02:00;30.06.2024 03:00;37,80
30.06.2024 03:00;30.06.2024 04:00;23,39
30.06.2024 04:00;30.06.2024 05:00;58,74
30.06.2024 05:00;30.06.2024 06:00;65,34
30.06.2024 06:00;30.06.2024 07:00;63,95
30.06.2024 07:00;30.06.2024 08:00;60,44
30.06.2024 08:00;30.06.2024 09:00;80,76
30.06.2024 09:00;30.06.2024 10:00;61,95
30.06.2024 10:00;30.06.2024 11:00;59,15
30.06.2024 11:00;30.06.2024 12:00;46,47
30.06.2024 12:00;30.06.2024 13:00;47,59
30.06.2024 13:00;30.06.2024 14:00;24,93
30.06.2024 14:00;30.06.2024 15:00;32,33
30.06.2024 15:00;30.06.2024 16:00;79,67
30.06.2024 16:00;30.06.2024 17:00;77,71
30.06.2024 17:00;30.06.2024 18:00;88,47
30.06.2024 18:00;30.06.2024 19:00;84,67
30.06.2024 19:00;30.06.2024 20:00;80,59
30.06.2024 20:00;30.06.2024 21:00;54,39
30.06.2024 21:00;30.06.2024 22:00;81,85
30.06.2024 22:00;30.06.2024 23:00;65,68
30.06.2024 23:00;01.07.2024 00:00;51,12
01.07.2024 00:00;01.07.2024 01:00;46,74
01.07.2024 01:00;01.07.2024 02:00;56,61
01.07.2024 02:00;01.07.2024 03:00;29,76
01.07.2024 03:00;01.07.2024 04:00;43,26
01.07.2024 04:00;01.07.2024 05:00;40,11
01.07.2024 05:00;01.07.2024 06:00;80,26
01.07.2024 06:00;01.07.2024 07:00;76,74
01.07.2024 07:00;01.07.2024 08:00;47,67
01.07.2024 08:00;01.07.2024 09:00;61,42
01.07.2024 09:00;01.07.2024 10:00;77,83
01.07.2024 10:00;01.07.2024 11:00;65,70
01.07.2024 11:00;01.07.2024 12:00;39,47
01.07.2024 12:00;01.07.2024 13:00;60,69
01.07.2024 13:00;01.07.2024 14:00;32,92
01.07.2024 14:00;01.07.2024 15:00;43,29
01.07.2024 15:00;01.07.2024 16:00;47,80
01.07.2024 16:00;01.07.2024 17:00;82,04
01.07.2024 17:00;01.07.2024 18:00;79,73
01.07.2024 18:00;01.07.2024 19:00;85,60
01.07.2024 19:00;01.07.2024 20:00;94,97
01.07.2024 20:00;01.07.2024 21:00;60,97
01.07.2024 21:00;01.07.2024 22:00;89,28
01.07.2024 22:00;01.07.2024 23:00;62,38
01.07.2024 23:00;02.07.2024 00:00;68,54
02.07.2024 00:00;02.07.2024 01:00;35,38
02.07.2024 01:00;02.07.2024 02:00;36,60
02.07.2024 02:00;02.07.2024 03:00;34,37
02.07.2024 03:00;02.07.2024 04:00;53,24
02.07.2024 04:00;02.07.2024 05:00;54,43
02.07.2024 05:00;02.07.2024 06:00;53,33
02.07.2024 06:00;02.07.2024 07:00;53,96
02.07.2024 07:00;02.07.2024 08:00;58,80
02.07.2024 08:00;02.07.2024 09:00;78,90
02.07.2024 09:00;02.07.2024 10:00;73,73
02.07.2024 10:00;02.07.2024 11:00;63,04
02.07.2024 11:00;02.07.2024 12:00;73,83
02.07.2024 12:00;02.07.2024 13:00;36,26
02.07.2024 13:00;02.07.2024 14:00;44,31
02.07.2024 14:00;02.07.2024 15:00;31,09
02.07.2024 15:00;02.07.2024 16:00;58,94
02.07.2024 16:00;02.07.2024 17:00;72,60
02.07.2024 17:00;02.07.2024 18:00;63,82
02.07.2024 18:00;02.07.2024 19:00;106,03
02.07.2024 19:00;02.07.2024 20:00;85,91
02.07.2024 20:00;02.07.2024 21:00;89,37
02.07.2024 21:00;02.07.2024 22:00;60,99
02.07.2024 22:00;02.07.2024 23:00;58,11
02.07.2024 23:00;03.07.2024 00:00;42,66
03.07.2024 00:00;03.07.2024 01:00;63,02
03.07.2024 01:00;03.07.2024 02:00;51,32
03.07.2024 02:00;03.07.2024 03:00;52,62
03.07.2024 03:00;03.07.2024 04:00;66,44
03.07.2024 04:00;03.07.2024 05:00;67,42
03.07.2024 05:00;03.07.2024 06:00;67,99
03.07.2024 06:00;03.07.2024 07:00;48,98
03.07.2024 07:00;03.07.2024 08:00;65,56
03.07.2024 08:00;03.07.2024 09:00;67,34
03.07.2024 09:00;03.07.2024 10:00;87,95
03.07.2024 10:00;03.07.2024 11:00;73,22
03.07.2024 11:00;03.07.2024 12:00;38,48
03.07.2024 12:00;03.07.2024 13:00;34,88
03.07.2024 13:00;03.07.2024 14:00;11,05
03.07.2024 14:00;03.07.2024 15:00;36,76
03.07.2024 15:00;03.07.2024 16:00;36,04
03.07.2024 16:00;03.07.2024 17:00;79,52
03.07.2024 17:00;03.07.2024 18:00;88,63
03.07.2024 18:00;03.07.2024 19:00;111,69
03.07.2024 19:00;03.07.2024 20:00;97,61
03.07.2024 20:00;03.07.2024 21:00;75,24
03.07.2024 21:00;03.07.2024 22:00;79,74
03.07.2024 22:00;03.07.2024 23:00;43,22
03.07.2024 23:00;04.07.2024 00:00;41,42
04.07.2024 00:00;04.07.2024 01:00;52,10
04.07.2024 01:00;04.07.2024 02:00;21,59
04.07.2024 02:00;04.07.2024 03:00;47,68
04.07.2024 03:00;04.07.2024 04:00;37,81
04.07.2024 04:00;04.07.2024 05:00;54,67
04.07.2024 05:00;04.07.2024 06:00;45,79
04.07.2024 06:00;04.07.2024 07:00;71,04
04.07.2024 07:00;04.07.2024 08:00;74,05
04.07.2024 08:00;04.07.2024 09:00;96,10
04.07.2024 09:00;04.07.2024 10:00;79,21
04.07.2024 10:00;04.07.2024 11:00;61,86
04.07.2024 11:00;04.07.2024 12:00;52,11
04.07.2024 12:00;04.07.2024 13:00;20,93
04.07.2024 13:00;04.07.2024 14:00;33,76
04.07.2024 14:00;04.07.2024 15:00;44,39
04.07.2024 15:00;04.07.2024 16:00;85,45
04.07.2024 16:00;04.07.2024 17:00;65,62
04.07.2024 17:00;04.07.2024 18:00;80,80
04.07.2024 18:00;04.07.2024 19:00;81,80
04.07.2024 19:00;04.07.2024 20:00;89,90
04.07.2024 20:00;04.07.2024 21:00;84,81
04.07.2024 21:00;04.07.2024 22:00;69,19
04.07.2024 22:00;04.07.2024 23:00;72,94
04.07.2024 23:00;05.07.2024 00:00;45,47
05.07.2024 00:00;05.07.2024 01:00;59,85
05.07.2024 01:00;05.07.2024 02:00;53,87
05.07.2024 02:00;05.07.2024 03:00;47,90
05.07.2024 03:00;05.07.2024 04:00;46,19
05.07.2024 04:00;05.07.2024 05:00;82,49
05.07.2024 05:00;05.07.2024 06:00;48,83
05.07.2024 06:00;05.07.2024 07:00;69,44
05.07.2024 07:00;05.07.2024 08:00;64,73
05.07.2024 08:00;05.07.2024 09:00;100,64
05.07.2024 09:00;05.07.2024 10:00;89,69
05.07.2024 10:00;05.07.2024 11:00;62,86
05.07.2024 11:00;05.07.2024 12:00;61,15
05.07.2024 12:00;05.07.2024 13:00;40,07
05.07.2024 13:00;05.07.2024 14:00;22,61
05.07.2024 14:00;05.07.2024 15:00;46,33
05.07.2024 15:00;05.07.2024 16:00;60,41
05.07.2024 16:00;05.07.2024 17:00;75,59
05.07.2024 17:00;05.07.2024 18:00;83,43
05.07.2024 18:00;05.07.2024 19:00;93,80
05.07.2024 19:00;05.07.2024 20:00;90,02
05.07.2024 20:00;05.07.2024 21:00;80,86
05.07.2024 21:00;05.07.2024 22:00;62,06
05.07.2024 22:00;05.07.2024 23:00;80,15
05.07.2024 23:00;06.07.2024 00:00;40,19
06.07.2024 00:00;06.07.2024 01:00;53,08
06.07.2024 01:00;06.07.2024 02:00;43,49
06.07.2024 02:00;06.07.2024 03:00;69,09
06.07.2024 03:00;06.07.2024 04:00;39,06
06.07.2024 04:00;06.07.2024 05:00;44,48
06.07.2024 05:00;06.07.2024 06:00;46,93
06.07.2024 06:00;06.07.2024 07:00;69,67
06.07.2024 07:00;06.07.2024 08:00;57,19
06.07.2024 08:00;06.07.2024 09:00;73,40
06.07.2024 09:00;06.07.2024 10:00;53,15
06.07.2024 10:00;06.07.2024 11:00;73,81
06.07.2024 11:00;06.07.2024 12:00;48,92
06.07.2024 12:00;06.07.2024 13:00;19,05
06.07.2024 13:00;06.07.2024 14:00;41,76
06.07.2024 14:00;06.07.2024 15:00;21,46
06.07.2024 15:00;06.07.2024 16:00;65,23
06.07.2024 16:00;06.07.2024 17:00;64,52
06.07.2024 17:00;06.07.2024 18:00;103,07
06.07.2024 18:00;06.07.2024 19:00;97,55
06.07.2024 19:00;06.07.2024 20:00;75,10
06.07.2024 20:00;06.07.2024 21:00;69,07
06.07.2024 21:00;06.07.2024 22:00;76,94
06.07.2024 22:00;06.07.2024 23:00;56,60
06.07.2024 23:00;07.07.2024 00:00;50,69
07.07.2024 00:00;07.07.2024 01:00;63,15
07.07.2024 01:00;07.07.2024 02:00;38,29
07.07.2024 02:00;07.07.2024 03:00;49,00
07.07.2024 03:00;07.07.2024 04:00;61,29
07.07.2024 04:00;07.07.2024 05:00;62,94
07.07.2024 05:00;07.07.2024 06:00;56,58
07.07.2024 06:00;07.07.2024 07:00;62,26
07.07.2024 07:00;07.07.2024 08:00;52,73
07.07.2024 08:00;07.07.2024 09:00;66,40
07.07.2024 09:00;07.07.2024 10:00;82,73
07.07.2024 10:00;07.07.2024 11:00;69,20
07.07.2024 11:00;07.07.2024 12:00;55,76
07.07.2024 12:00;07.07.2024 13:00;49,31
07.07.2024 13:00;07.07.2024 14:00;14,42
07.07.2024 14:00;07.07.2024 15:00;34,25
07.07.2024 15:00;07.07.2024 16:00;57,86
07.07.2024 16:00;07.07.2024 17:00;64,42
07.07.2024 17:00;07.07.2024 18:00;100,97
07.07.2024 18:00;07.07.2024 19:00;99,39
07.07.2024 19:00;07.07.2024 20:00;90,61
07.07.2024 20:00;07.07.2024 21:00;101,54
07.07.2024 21:00;07.07.2024 22:00;51,62
07.07.2024 22:00;07.07.2024 23:00;59,59
07.07.2024 23:00;08.07.2024 00:00;57,05
08.07.2024 00:00;08.07.2024 01:00;36,85
08.07.2024 01:00;08.07.2024 02:00;50,82
08.07.2024 02:00;08.07.2024 03:00;34,57
08.07.2024 03:00;08.07.2024 04:00;58,06
08.07.2024 04:00;08.07.2024 05:00;65,87
08.07.2024 05:00;08.07.2024 06:00;61,71
08.07.2024 06:00;08.07.2024 07:00;43,43
08.07.2024 07:00;08.07.2024 08:00;61,94
08.07.2024 08:00;08.07.2024 09:00;85,79
08.07.2024 09:00;08.07.2024 10:00;79,11
08.07.2024 10:00;08.07.2024 11:00;38,47
08.07.2024 11:00;08.07.2024 12:00;69,71
08.07.2024 12:00;08.07.2024 13:00;38,42
08.07.2024 13:00;08.07.2024 14:00;18,78
08.07.2024 14:00;08.07.2024 15:00;48,97
08.07.2024 15:00;08.07.2024 16:00;47,41
08.07.2024 16:00;08.07.2024 17:00;64,54
08.07.2024 17:00;08.07.2024 18:00;88,03
08.07.2024 18:00;08.07.2024 19:00;109,80
08.07.2024 19:00;08.07.2024 20:00;106,55
08.07.2024 20:00;08.07.2024 21:00;84,27
08.07.2024 21:00;08.07.2024 22:00;75,10
08.07.2024 22:00;08.07.2024 23:00;69,12
08.07.2024 23:00;09.07.2024 00:00;37,51
09.07.2024 00:00;09.07.2024 01:00;55,50
09.07.2024 01:00;09.07.2024 02:00;38,35
09.07.2024 02:00;09.07.2024 03:00;51,62
09.07.2024 03:00;09.07.2024 04:00;46,99
09.07.2024 04:00;09.07.2024 05:00;59,14
09.07.2024 05:00;09.07.2024 06:00;59,80
09.07.2024 06:00;09.07.2024 07:00;28,74
09.07.2024 07:00;09.07.2024 08:00;75,63
09.07.2024 08:00;09.07.2024 09:00;86,67
09.07.2024 09:00;09.07.2024 10:00;84,15
09.07.2024 10:00;09.07.2024 11:00;69,52
09.07.2024 11:00;09.07.2024 12:00;74,45
09.07.2024 12:00;09.07.2024 13:00;40,47
09.07.2024 13:00;09.07.2024 14:00;33,81
09.07.2024 14:00;09.07.2024 15:00;49,51
09.07.2024 15:00;09.07.2024 16:00;59,84
09.07.2024 16:00;09.07.2024 17:00;61,98
09.07.2024 17:00;09.07.2024 18:00;54,42
09.07.2024 18:00;09.07.2024 19:00;82,65
09.07.2024 19:00;09.07.2024 20:00;96,15
09.07.2024 20:00;09.07.2024 21:00;75,66
09.07.2024 21:00;09.07.2024 22:00;79,11
09.07.2024 22:00;09.07.2024 23:00;61,36
09.07.2024 23:00;10.07.2024 00:00;68,00
10.07.2024 00:00;10.07.2024 01:00;44,18
10.07.2024 01:00;10.07.2024 02:00;52,73
10.07.2024 02:00;10.07.2024 03:00;53,82
10.07.2024 03:00;10.07.2024 04:00;67,70
10.07.2024 04:00;10.07.2024 05:00;32,60
10.07.2024 05:00;10.07.2024 06:00;52,84
10.07.2024 06:00;10.07.2024 07:00;75,75
10.07.2024 07:00;10.07.2024 08:00;91,99
10.07.2024 08:00;10.07.2024 09:00;81,80
10.07.2024 09:00;10.07.2024 10:00;75,24
10.07.2024 10:00;10.07.2024 11:00;79,79
10.07.2024 11:00;10.07.2024 12:00;65,13
10.07.2024 12:00;10.07.2024 13:00;32,37
10.07.2024 13:00;10.07.2024 14:00;32,48
10.07.2024 14:00;10.07.2024 15:00;51,10
10.07.2024 15:00;10.07.2024 16:00;78,13
10.07.2024 16:00;10.07.2024 17:00;81,62
10.07.2024 17:00;10.07.2024 18:00;84,16
10.07.2024 18:00;10.07.2024 19:00;87,68
10.07.2024 19:00;10.07.2024 20:00;93,66
10.07.2024 20:00;10.07.2024 21:00;78,46
10.07.2024 21:00;10.07.2024 22:00;71,73
10.07.2024 22:00;10.07.2024 23:00;46,83
10.07.2024 23:00;11.07.2024 00:00;68,07
11.07.2024 00:00;11.07.2024 01:00;34,01
11.07.2024 01:00;11.07.2024 02:00;41,89
11.07.2024 02:00;11.07.2024 03:00;48,88
11.07.2024 03:00;11.07.2024 04:00;73,53
11.07.2024 04:00;11.07.2024 05:00;47,97
11.07.2024 05:00;11.07.2024 06:00;50,31
11.07.2024 06:00;11.07.2024 07:00;58,92
11.07.2024 07:00;11.07.2024 08:00;93,31
11.07.2024 08:00;11.07.2024 09:00;45,13
11.07.2024 09:00;11.07.2024 10:00;66,69
11.07.2024 10:00;11.07.2024 11:00;103,44
11.07.2024 11:00;11.07.2024 12:00;61,75
11.07.2024 12:00;11.07.2024 13:00;23,38
11.07.2024 13:00;11.07.2024 14:00;27,97
11.07.2024 14:00;11.07.2024 15:00;37,71
11.07.2024 15:00;11.07.2024 16:00;65,56
11.07.2024 16:00;11.07.2024 17:00;94,75
11.07.2024 17:00;11.07.2024 18:00;88,26
11.07.2024 18:00;11.07.2024 19:00;81,82
11.07.2024 19:00;11.07.2024 20:00;96,38
11.07.2024 20:00;11.07.2024 21:00;71,44
11.07.2024 21:00;11.07.2024 22:00;57,02
11.07.2024 22:00;11.07.2024 23:00;38,37
11.07.2024 23:00;12.07.2024 00:00;33,68
12.07.2024 00:00;12.07.2024 01:00;36,90
12.07.2024 01:00;12.07.2024 02:00;32,91
12.07.2024 02:00;12.07.2024 03:00;51,44
12.07.2024 03:00;12.07.2024 04:00;35,22
12.07.2024 04:00;12.07.2024 05:00;15,29
12.07.2024 05:00;12.07.2024 06:00;45,75
12.07.2024 06:00;12.07.2024 07:00;59,84
12.07.2024 07:00;12.07.2024 08:00;66,11
12.07.2024 08:00;12.07.2024 09:00;97,09
12.07.2024 09:00;12.07.2024 10:00;71,33
12.07.2024 10:00;12.07.2024 11:00;81,21
12.07.2024 11:00;12.07.2024 12:00;54,41
12.07.2024 12:00;12.07.2024 13:00;36,11
12.07.2024 13:00;12.07.2024 14:00;18,42
12.07.2024 14:00;12.07.2024 15:00;36,16
12.07.2024 15:00;12.07.2024 16:00;46,19
12.07.2024 16:00;12.07.2024 17:00;74,68
12.07.2024 17:00;12.07.2024 18:00;80,73
12.07.2024 18:00;12.07.2024 19:00;76,93
12.07.2024 19:00;12.07.2024 20:00;98,81
12.07.2024 20:00;12.07.2024 21:00;84,91
12.07.2024 21:00;12.07.2024 22:00;64,01
12.07.2024 22:00;12.07.2024 23:00;61,21
12.07.2024 23:00;13.07.2024 00:00;51,43
13.07.2024 00:00;13.07.2024 01:00;37,23
13.07.2024 01:00;13.07.2024 02:00;47,87
13.07.2024 02:00;13.07.2024 03:00;40,21
13.07.2024 03:00;13.07.2024 04:00;38,25
13.07.2024 04:00;13.07.2024 05:00;33,52
13.07.2024 05:00;13.07.2024 06:00;53,95
13.07.2024 06:00;13.07.2024 07:00;72,29
13.07.2024 07:00;13.07.2024 08:00;65,02
13.07.2024 08:00;13.07.2024 09:00;109,08
13.07.2024 09:00;13.07.2024 10:00;89,29
13.07.2024 10:00;13.07.2024 11:00;86,27
13.07.2024 11:00;13.07.2024 12:00;64,16
13.07.2024 12:00;13.07.2024 13:00;58,83
13.07.2024 13:00;13.07.2024 14:00;18,98
13.07.2024 14:00;13.07.2024 15:00;6,12
13.07.2024 15:00;13.07.2024 16:00;50,00
13.07.2024 16:00;13.07.2024 17:00;79,32
13.07.2024 17:00;13.07.2024 18:00;85,36
13.07.2024 18:00;13.07.2024 19:00;91,55
13.07.2024 19:00;13.07.2024 20:00;102,74
13.07.2024 20:00;13.07.2024 21:00;84,35
13.07.2024 21:00;13.07.2024 22:00;78,95
13.07.2024 22:00;13.07.2024 23:00;48,16
13.07.2024 23:00;14.07.2024 00:00;39,27
14.07.2024 00:00;14.07.2024 01:00;66,99
14.07.2024 01:00;14.07.2024 02:00;48,22
14.07.2024 02:00;14.07.2024 03:00;40,17
14.07.2024 03:00;14.07.2024 04:00;42,12
14.07.2024 04:00;14.07.2024 05:00;45,19
14.07.2024 05:00;14.07.2024 06:00;49,73
14.07.2024 06:00;14.07.2024 07:00;50,07
14.07.2024 07:00;14.07.2024 08:00;55,33
14.07.2024 08:00;14.07.2024 09:00;76,47
14.07.2024 09:00;14.07.2024 10:00;71,54
14.07.2024 10:00;14.07.2024 11:00;83,89
14.07.2024 11:00;14.07.2024 12:00;58,11
14.07.2024 12:00;14.07.2024 13:00;39,77
14.07.2024 13:00;14.07.2024 14:00;19,49
14.07.2024 14:00;14.07.2024 15:00;35,38
14.07.2024 15:00;14.07.2024 16:00;59,67
14.07.2024 16:00;14.07.2024 17:00;81,20
14.07.2024 17:00;14.07.2024 18:00;82,40
14.07.2024 18:00;14.07.2024 19:00;101,18
14.07.2024 19:00;14.07.2024 20:00;86,97
14.07.2024 20:00;14.07.2024 21:00;89,26
14.07.2024 21:00;14.07.2024 22:00;63,47
14.07.2024 22:00;14.07.2024 23:00;37,67
14.07.2024 23:00;15.07.2024 00:00;55,62
15.07.2024 00:00;15.07.2024 01:00;56,32
15.07.2024 01:00;15.07.2024 02:00;53,91
15.07.2024 02:00;15.07.2024 03:00;52,71
15.07.2024 03:00;15.07.2024 04:00;45,38
15.07.2024 04:00;15.07.2024 05:00;43,29
15.07.2024 05:00;15.07.2024 06:00;64,85
15.07.2024 06:00;15.07.2024 07:00;70,58
15.07.2024 07:00;15.07.2024 08:00;66,60
15.07.2024 08:00;15.07.2024 09:00;92,12
15.07.2024 09:00;15.07.2024 10:00;68,05
15.07.2024 10:00;15.07.2024 11:00;63,59
15.07.2024 11:00;15.07.2024 12:00;74,23
15.07.2024 12:00;15.07.2024 13:00;47,00
15.07.2024 13:00;15.07.2024 14:00;24,10
15.07.2024 14:00;15.07.2024 15:00;40,27
15.07.2024 15:00;15.07.2024 16:00;57,19
15.07.2024 16:00;15.07.2024 17:00;39,65
15.07.2024 17:00;15.07.2024 18:00;72,65
15.07.2024 18:00;15.07.2024 19:00;87,61
15.07.2024 19:00;15.07.2024 20:00;82,59
15.07.2024 20:00;15.07.2024 21:00;82,71
15.07.2024 21:00;15.07.2024 22:00;82,90
15.07.2024 22:00;15.07.2024 23:00;55,56
15.07.2024 23:00;16.07.2024 00:00;39,70
16.07.2024 00:00;16.07.2024 01:00;51,51
16.07.2024 01:00;16.07.2024 02:00;43,08
16.07.2024 02:00;16.07.2024 03:00;45,77
16.07.2024 03:00;16.07.2024 04:00;46,07
16.07.2024 04:00;16.07.2024 05:00;79,87
16.07.2024 05:00;16.07.2024 06:00;31,34
16.07.2024 06:00;16.07.2024 07:00;60,80
16.07.2024 07:00;16.07.2024 08:00;73,29
16.07.2024 08:00;16.07.2024 09:00;69,43
16.07.2024 09:00;16.07.2024 10:00;89,44
16.07.2024 10:00;16.07.2024 11:00;80,35
16.07.2024 11:00;16.07.2024 12:00;54,02
16.07.2024 12:00;16.07.2024 13:00;33,33
16.07.2024 13:00;16.07.2024 14:00;27,06
16.07.2024 14:00;16.07.2024 15:00;35,57
16.07.2024 15:00;16.07.2024 16:00;54,39
16.07.2024 16:00;16.07.2024 17:00;70,34
16.07.2024 17:00;16.07.2024 18:00;86,55
16.07.2024 18:00;16.07.2024 19:00;97,26
16.07.2024 19:00;16.07.2024 20:00;72,10
16.07.2024 20:00;16.07.2024 21:00;67,13
16.07.2024 21:00;16.07.2024 22:00;48,36
16.07.2024 22:00;16.07.2024 23:00;69,81
16.07.2024 23:00;17.07.2024 00:00;55,39
17.07.2024 00:00;17.07.2024 01:00;53,69
17.07.2024 01:00;17.07.2024 02:00;29,86
17.07.2024 02:00;17.07.2024 03:00;69,07
17.07.2024 03:00;17.07.2024 04:00;42,27
17.07.2024 04:00;17.07.2024 05:00;54,99
17.07.2024 05:00;17.07.2024 06:00;68,49
17.07.2024 06:00;17.07.2024 07:00;53,62
17.07.2024 07:00;17.07.2024 08:00;66,78
17.07.2024 08:00;17.07.2024 09:00;80,96
17.07.2024 09:00;17.07.2024 10:00;112,94
17.07.2024 10:00;17.07.2024 11:00;74,21
17.07.2024 11:00;17.07.2024 12:00;73,87
17.07.2024 12:00;17.07.2024 13:00;51,05
17.07.2024 13:00;17.07.2024 14:00;32,82
17.07.2024 14:00;17.07.2024 15:00;24,96
17.07.2024 15:00;17.07.2024 16:00;68,06
17.07.2024 16:00;17.07.2024 17:00;54,63
17.07.2024 17:00;17.07.2024 18:00;102,74
17.07.2024 18:00;17.07.2024 19:00;90,63
17.07.2024 19:00;17.07.2024 20:00;55,07
17.07.2024 20:00;17.07.2024 21:00;75,66
17.07.2024 21:00;17.07.2024 22:00;77,20
17.07.2024 22:00;17.07.2024 23:00;56,58
17.07.2024 23:00;18.07.2024 00:00;60,98
18.07.2024 00:00;18.07.2024 01:00;37,44
18.07.2024 01:00;18.07.2024 02:00;31,35
18.07.2024 02:00;18.07.2024 03:00;46,80
18.07.2024 03:00;18.07.2024 04:00;49,97
18.07.2024 04:00;18.07.2024 05:00;48,81
18.07.2024 05:00;18.07.2024 06:00;72,98
18.07.2024 06:00;18.07.2024 07:00;55,28
18.07.2024 07:00;18.07.2024 08:00;77,11
18.07.2024 08:00;18.07.2024 09:00;79,64
18.07.2024 09:00;18.07.2024 10:00;59,99
18.07.2024 10:00;18.07.2024 11:00;54,79
18.07.2024 11:00;18.07.2024 12:00;54,76
18.07.2024 12:00;18.07.2024 13:00;60,37
18.07.2024 13:00;18.07.2024 14:00;-24,63
18.07.2024 14:00;18.07.2024 15:00;16,14
18.07.2024 15:00;18.07.2024 16:00;18,03
18.07.2024 16:00;18.07.2024 17:00;81,42
18.07.2024 17:00;18.07.2024 18:00;82,39
18.07.2024 18:00;18.07.2024 19:00;101,94
18.07.2024 19:00;18.07.2024 20:00;76,32
18.07.2024 20:00;18.07.2024 21:00;83,97
18.07.2024 21:00;18.07.2024 22:00;79,52
18.07.2024 22:00;18.07.2024 23:00;54,07
18.07.2024 23:00;19.07.2024 00:00;47,30
19.07.2024 00:00;19.07.2024 01:00;47,96
19.07.2024 01:00;19.07.2024 02:00;53,56
19.07.2024 02:00;19.07.2024 03:00;47,51
19.07.2024 03:00;19.07.2024 04:00;61,30
19.07.2024 04:00;19.07.2024 05:00;47,47
19.07.2024 05:00;19.07.2024 06:00;42,33
19.07.2024 06:00;19.07.2024 07:00;89,23
19.07.2024 07:00;19.07.2024 08:00;66,12
19.07.2024 08:00;19.07.2024 09:00;72,03
19.07.2024 09:00;19.07.2024 10:00;77,90
19.07.2024 10:00;19.07.2024 11:00;71,44
19.07.2024 11:00;19.07.2024 12:00;49,99
19.07.2024 12:00;19.07.2024 13:00;36,41
19.07.2024 13:00;19.07.2024 14:00;27,97
19.07.2024 14:00;19.07.2024 15:00;38,96
19.07.2024 15:00;19.07.2024 16:00;27,09
19.07.2024 16:00;19.07.2024 17:00;95,21
19.07.2024 17:00;19.07.2024 18:00;81,80
19.07.2024 18:00;19.07.2024 19:00;95,23
19.07.2024 19:00;19.07.2024 20:00;70,37
19.07.2024 20:00;19.07.2024 21:00;74,13
19.07.2024 21:00;19.07.2024 22:00;61,32
19.07.2024 22:00;19.07.2024 23:00;77,10
19.07.2024 23:00;20.07.2024 00:00;45,40
20.07.2024 00:00;20.07.2024 01:00;56,79
20.07.2024 01:00;20.07.2024 02:00;39,27
20.07.2024 02:00;20.07.2024 03:00;42,28
20.07.2024 03:00;20.07.2024 04:00;46,69
20.07.2024 04:00;20.07.2024 05:00;68,45
20.07.2024 05:00;20.07.2024 06:00;35,63
20.07.2024 06:00;20.07.2024 07:00;49,75
20.07.2024 07:00;20.07.2024 08:00;50,04
20.07.2024 08:00;20.07.2024 09:00;65,83
20.07.2024 09:00;20.07.2024 10:00;68,98
20.07.2024 10:00;20.07.2024 11:00;51,29
20.07.2024 11:00;20.07.2024 12:00;-14,15
20.07.2024 12:00;20.07.2024 13:00;12,47
20.07.2024 13:00;20.07.2024 14:00;16,26
20.07.2024 14:00;20.07.2024 15:00;51,30
20.07.2024 15:00;20.07.2024 16:00;60,25
20.07.2024 16:00;20.07.2024 17:00;74,92
20.07.2024 17:00;20.07.2024 18:00;71,56
20.07.2024 18:00;20.07.2024 19:00;69,86
20.07.2024 19:00;20.07.2024 20:00;73,27
20.07.2024 20:00;20.07.2024 21:00;79,30
20.07.2024 21:00;20.07.2024 22:00;79,84
20.07.2024 22:00;20.07.2024 23:00;70,32
20.07.2024 23:00;21.07.2024 00:00;60,03
21.07.2024 00:00;21.07.2024 01:00;38,87
21.07.2024 01:00;21.07.2024 02:00;47,41
21.07.2024 02:00;21.07.2024 03:00;43,89
21.07.2024 03:00;21.07.2024 04:00;47,26
21.07.2024 04:00;21.07.2024 05:00;77,52
21.07.2024 05:00;21.07.2024 06:00;37,20
21.07.2024 06:00;21.07.2024 07:00;62,76
21.07.2024 07:00;21.07.2024 08:00;87,98
21.07.2024 08:00;21.07.2024 09:00;61,33
21.07.2024 09:00;21.07.2024 10:00;71,03
21.07.2024 10:00;21.07.2024 11:00;64,35
21.07.2024 11:00;21.07.2024 12:00;52,02
21.07.2024 12:00;21.07.2024 13:00;17,53
21.07.2024 13:00;21.07.2024 14:00;35,65
21.07.2024 14:00;21.07.2024 15:00;44,93
21.07.2024 15:00;21.07.2024 16:00;61,54
21.07.2024 16:00;21.07.2024 17:00;62,27
21.07.2024 17:00;21.07.2024 18:00;84,67
21.07.2024 18:00;21.07.2024 19:00;77,54
21.07.2024 19:00;21.07.2024 20:00;82,98
21.07.2024 20:00;21.07.2024 21:00;105,69
21.07.2024 21:00;21.07.2024 22:00;70,60
21.07.2024 22:00;21.07.2024 23:00;45,28
21.07.2024 23:00;22.07.2024 00:00;54,66
22.07.2024 00:00;22.07.2024 01:00;31,55
22.07.2024 01:00;22.07.2024 02:00;32,77
22.07.2024 02:00;22.07.2024 03:00;35,30
22.07.2024 03:00;22.07.2024 04:00;44,39
22.07.2024 04:00;22.07.2024 05:00;64,37
22.07.2024 05:00;22.07.2024 06:00;65,33
22.07.2024 06:00;22.07.2024 07:00;71,89
22.07.2024 07:00;22.07.2024 08:00;60,30
22.07.2024 08:00;22.07.2024 09:00;72,47
22.07.2024 09:00;22.07.2024 10:00;82,06
22.07.2024 10:00;22.07.2024 11:00;63,21
22.07.2024 11:00;22.07.2024 12:00;51,41
22.07.2024 12:00;22.07.2024 13:00;42,03
22.07.2024 13:00;22.07.2024 14:00;24,37
22.07.2024 14:00;22.07.2024 15:00;39,69
22.07.2024 15:00;22.07.2024 16:00;74,60
22.07.2024 16:00;22.07.2024 17:00;70,69
22.07.2024 17:00;22.07.2024 18:00;97,83
22.07.2024 18:00;22.07.2024 19:00;95,09
22.07.2024 19:00;22.07.2024 20:00;69,41
22.07.2024 20:00;22.07.2024 21:00;66,67
22.07.2024 21:00;22.07.2024 22:00;59,50
22.07.2024 22:00;22.07.2024 23:00;49,31
22.07.2024 23:00;23.07.2024 00:00;51,46
23.07.2024 00:00;23.07.2024 01:00;55,20
23.07.2024 01:00;23.07.2024 02:00;62,27
23.07.2024 02:00;23.07.2024 03:00;51,54
23.07.2024 03:00;23.07.2024 04:00;44,43
23.07.2024 04:00;23.07.2024 05:00;28,19
23.07.2024 05:00;23.07.2024 06:00;59,29
23.07.2024 06:00;23.07.2024 07:00;65,98
23.07.2024 07:00;23.07.2024 08:00;75,73
23.07.2024 08:00;23.07.2024 09:00;104,29
23.07.2024 09:00;23.07.2024 10:00;93,74
23.07.2024 10:00;23.07.2024 11:00;80,22
23.07.2024 11:00;23.07.2024 12:00;43,25
23.07.2024 12:00;23.07.2024 13:00;30,63
23.07.2024 13:00;23.07.2024 14:00;27,47
23.07.2024 14:00;23.07.2024 15:00;27,72
23.07.2024 15:00;23.07.2024 16:00;61,54
23.07.2024 16:00;23.07.2024 17:00;77,09
23.07.2024 17:00;23.07.2024 18:00;70,67
23.07.2024 18:00;23.07.2024 19:00;102,79
23.07.2024 19:00;23.07.2024 20:00;88,30
23.07.2024 20:00;23.07.2024 21:00;59,20
23.07.2024 21:00;23.07.2024 22:00;68,93
23.07.2024 22:00;23.07.2024 23:00;63,00
23.07.2024 23:00;24.07.2024 00:00;64,27
24.07.2024 00:00;24.07.2024 01:00;43,83
24.07.2024 01:00;24.07.2024 02:00;57,21
24.07.2024 02:00;24.07.2024 03:00;50,15
24.07.2024 03:00;24.07.2024 04:00;34,05
24.07.2024 04:00;24.07.2024 05:00;36,25
24.07.2024 05:00;24.07.2024 06:00;71,97
24.07.2024 06:00;24.07.2024 07:00;80,08
24.07.2024 07:00;24.07.2024 08:00;77,47
24.07.2024 08:00;24.07.2024 09:00;97,02
24.07.2024 09:00;24.07.2024 10:00;91,59
24.07.2024 10:00;24.07.2024 11:00;79,06
24.07.2024 11:00;24.07.2024 12:00;43,92
24.07.2024 12:00;24.07.2024 13:00;57,62
24.07.2024 13:00;24.07.2024 14:00;35,10
24.07.2024 14:00;24.07.2024 15:00;32,46
24.07.2024 15:00;24.07.2024 16:00;47,58
24.07.2024 16:00;24.07.2024 17:00;75,95
24.07.2024 17:00;24.07.2024 18:00;63,74
24.07.2024 18:00;24.07.2024 19:00;96,88
24.07.2024 19:00;24.07.2024 20:00;75,69
24.07.2024 20:00;24.07.2024 21:00;84,46
24.07.2024 21:00;24.07.2024 22:00;63,35
24.07.2024 22:00;24.07.2024 23:00;56,51
24.07.2024 23:00;25.07.2024 00:00;43,57
25.07.2024 00:00;25.07.2024 01:00;46,01
25.07.2024 01:00;25.07.2024 02:00;70,01
25.07.2024 02:00;25.07.2024 03:00;64,59
25.07.2024 03:00;25.07.2024 04:00;54,15
25.07.2024 04:00;25.07.2024 05:00;53,00
25.07.2024 05:00;25.07.2024 06:00;68,69
25.07.2024 06:00;25.07.2024 07:00;79,35
25.07.2024 07:00;25.07.2024 08:00;63,70
25.07.2024 08:00;25.07.2024 09:00;78,21
25.07.2024 09:00;25.07.2024 10:00;57,11
25.07.2024 10:00;25.07.2024 11:00;84,40
25.07.2024 11:00;25.07.2024 12:00;79,70
25.07.2024 12:00;25.07.2024 13:00;37,87
25.07.2024 13:00;25.07.2024 14:00;3,23
25.07.2024 14:00;25.07.2024 15:00;44,46
25.07.2024 15:00;25.07.2024 16:00;44,82
25.07.2024 16:00;25.07.2024 17:00;64,97
25.07.2024 17:00;25.07.2024 18:00;91,37
25.07.2024 18:00;25.07.2024 19:00;91,61
25.07.2024 19:00;25.07.2024 20:00;81,34
25.07.2024 20:00;25.07.2024 21:00;72,28
25.07.2024 21:00;25.07.2024 22:00;71,19
25.07.2024 22:00;25.07.2024 23:00;54,83
25.07.2024 23:00;26.07.2024 00:00;39,41
26.07.2024 00:00;26.07.2024 01:00;44,03
26.07.2024 01:00;26.07.2024 02:00;51,49
26.07.2024 02:00;26.07.2024 03:00;45,91
26.07.2024 03:00;26.07.2024 04:00;33,01
26.07.2024 04:00;26.07.2024 05:00;65,24
26.07.2024 05:00;26.07.2024 06:00;25,77
26.07.2024 06:00;26.07.2024 07:00;60,51
26.07.2024 07:00;26.07.2024 08:00;66,29
26.07.2024 08:00;26.07.2024 09:00;80,99
26.07.2024 09:00;26.07.2024 10:00;85,79
26.07.2024 10:00;26.07.2024 11:00;84,52
26.07.2024 11:00;26.07.2024 12:00;46,45
26.07.2024 12:00;26.07.2024 13:00;44,02
26.07.2024 13:00;26.07.2024 14:00;31,16
26.07.2024 14:00;26.07.2024 15:00;16,69
26.07.2024 15:00;26.07.2024 16:00;78,54
26.07.2024 16:00;26.07.2024 17:00;55,74
26.07.2024 17:00;26.07.2024 18:00;88,96
26.07.2024 18:00;26.07.2024 19:00;93,31
26.07.2024 19:00;26.07.2024 20:00;90,58
26.07.2024 20:00;26.07.2024 21:00;74,21
26.07.2024 21:00;26.07.2024 22:00;79,68
26.07.2024 22:00;26.07.2024 23:00;41,10
26.07.2024 23:00;27.07.2024 00:00;52,01
27.07.2024 00:00;27.07.2024 01:00;41,34
27.07.2024 01:00;27.07.2024 02:00;39,36
27.07.2024 02:00;27.07.2024 03:00;53,27
27.07.2024 03:00;27.07.2024 04:00;62,98
27.07.2024 04:00;27.07.2024 05:00;49,34
27.07.2024 05:00;27.07.2024 06:00;68,09
27.07.2024 06:00;27.07.2024 07:00;66,54
27.07.2024 07:00;27.07.2024 08:00;63,10
27.07.2024 08:00;27.07.2024 09:00;76,20
27.07.2024 09:00;27.07.2024 10:00;75,54
27.07.2024 10:00;27.07.2024 11:00;62,72
27.07.2024 11:00;27.07.2024 12:00;60,22
27.07.2024 12:00;27.07.2024 13:00;39,88
27.07.2024 13:00;27.07.2024 14:00;9,80
27.07.2024 14:00;27.07.2024 15:00;17,49
27.07.2024 15:00;27.07.2024 16:00;60,92
27.07.2024 16:00;27.07.2024 17:00;63,30
27.07.2024 17:00;27.07.2024 18:00;87,63
27.07.2024 18:00;27.07.2024 19:00;98,08
27.07.2024 19:00;27.07.2024 20:00;72,10
27.07.2024 20:00;27.07.2024 21:00;63,29
27.07.2024 21:00;27.07.2024 22:00;89,92
27.07.2024 22:00;27.07.2024 23:00;64,12
27.07.2024 23:00;28.07.2024 00:00;47,85
28.07.2024 00:00;28.07.2024 01:00;36,98
28.07.2024 01:00;28.07.2024 02:00;41,45
28.07.2024 02:00;28.07.2024 03:00;33,93
28.07.2024 03:00;28.07.2024 04:00;60,74
28.07.2024 04:00;28.07.2024 05:00;44,22
28.07.2024 05:00;28.07.2024 06:00;71,93
28.07.2024 06:00;28.07.2024 07:00;61,23
28.07.2024 07:00;28.07.2024 08:00;61,38
28.07.2024 08:00;28.07.2024 09:00;74,27
28.07.2024 09:00;28.07.2024 10:00;47,73
28.07.2024 10:00;28.07.2024 11:00;69,72
28.07.2024 11:00;28.07.2024 12:00;53,12
28.07.2024 12:00;28.07.2024 13:00;47,05
28.07.2024 13:00;28.07.2024 14:00;6,34
28.07.2024 14:00;28.07.2024 15:00;51,34
28.07.2024 15:00;28.07.2024 16:00;65,75
28.07.2024 16:00;28.07.2024 17:00;88,20
28.07.2024 17:00;28.07.2024 18:00;83,47
28.07.2024 18:00;28.07.2024 19:00;100,96
28.07.2024 19:00;28.07.2024 20:00;69,79
28.07.2024 20:00;28.07.2024 21:00;88,87
28.07.2024 21:00;28.07.2024 22:00;60,66
28.07.2024 22:00;28.07.2024 23:00;40,17
28.07.2024 23:00;29.07.2024 00:00;39,48
29.07.2024 00:00;29.07.2024 01:00;48,35
29.07.2024 01:00;29.07.2024 02:00;37,78
29.07.2024 02:00;29.07.2024 03:00;52,82
29.07.2024 03:00;29.07.2024 04:00;28,54
29.07.2024 04:00;29.07.2024 05:00;28,11
29.07.2024 05:00;29.07.2024 06:00;75,37
29.07.2024 06:00;29.07.2024 07:00;76,98
29.07.2024 07:00;29.07.2024 08:00;61,41
29.07.2024 08:00;29.07.2024 09:00;79,44
29.07.2024 09:00;29.07.2024 10:00;91,55
29.07.2024 10:00;29.07.2024 11:00;76,29
29.07.2024 11:00;29.07.2024 12:00;57,04
29.07.2024 12:00;29.07.2024 13:00;50,39
29.07.2024 13:00;29.07.2024 14:00;20,30
29.07.2024 14:00;29.07.2024 15:00;37,87
29.07.2024 15:00;29.07.2024 16:00;55,79
29.07.2024 16:00;29.07.2024 17:00;70,00
29.07.2024 17:00;29.07.2024 18:00;79,52
29.07.2024 18:00;29.07.2024 19:00;89,77
29.07.2024 19:00;29.07.2024 20:00;87,95
29.07.2024 20:00;29.07.2024 21:00;67,83
29.07.2024 21:00;29.07.2024 22:00;79,64
29.07.2024 22:00;29.07.2024 23:00;48,37
29.07.2024 23:00;30.07.2024 00:00;50,44
30.07.2024 00:00;30.07.2024 01:00;44,84
30.07.2024 01:00;30.07.2024 02:00;52,07
30.07.2024 02:00;30.07.2024 03:00;22,98
30.07.2024 03:00;30.07.2024 04:00;61,03
30.07.2024 04:00;30.07.2024 05:00;45,62
30.07.2024 05:00;30.07.2024 06:00;73,64
30.07.2024 06:00;30.07.2024 07:00;60,50
30.07.2024 07:00;30.07.2024 08:00;73,52
30.07.2024 08:00;30.07.2024 09:00;102,55
30.07.2024 09:00;30.07.2024 10:00;76,09
30.07.2024 10:00;30.07.2024 11:00;86,23
30.07.2024 11:00;30.07.2024 12:00;55,83
30.07.2024 12:00;30.07.2024 13:00;42,33
30.07.2024 13:00;30.07.2024 14:00;30,01
30.07.2024 14:00;30.07.2024 15:00;47,77
30.07.2024 15:00;30.07.2024 16:00;47,88
30.07.2024 16:00;30.07.2024 17:00;61,56
30.07.2024 17:00;30.07.2024 18:00;76,63
30.07.2024 18:00;30.07.2024 19:00;90,19
30.07.2024 19:00;30.07.2024 20:00;84,99
30.07.2024 20:00;30.07.2024 21:00;89,04
30.07.2024 21:00;30.07.2024 22:00;85,77
30.07.2024 22:00;30.07.2024 23:00;48,48
30.07.2024 23:00;31.07.2024 00:00;44,36
31.07.2024 00:00;31.07.2024 01:00;31,26
31.07.2024 01:00;31.07.2024 02:00;72,25
31.07.2024 02:00;31.07.2024 03:00;52,18
31.07.2024 03:00;31.07.2024 04:00;56,21
31.07.2024 04:00;31.07.2024 05:00;37,77
31.07.2024 05:00;31.07.2024 06:00;59,10
31.07.2024 06:00;31.07.2024 07:00;72,46
31.07.2024 07:00;31.07.2024 08:00;71,18
31.07.2024 08:00;31.07.2024 09:00;92,60
31.07.2024 09:00;31.07.2024 10:00;107,27
31.07.2024 10:00;31.07.2024 11:00;60,11
31.07.2024 11:00;31.07.2024 12:00;43,21
31.07.2024 12:00;31.07.2024 13:00;26,92
31.07.2024 13:00;31.07.2024 14:00;48,56
31.07.2024 14:00;31.07.2024 15:00;50,21
31.07.2024 15:00;31.07.2024 16:00;54,59
31.07.2024 16:00;31.07.2024 17:00;73,92
31.07.2024 17:00;31.07.2024 18:00;74,61
31.07.2024 18:00;31.07.2024 19:00;99,79
31.07.2024 19:00;31.07.2024 20:00;83,19
31.07.2024 20:00;31.07.2024 21:00;77,50
31.07.2024 21:00;31.07.2024 22:00;77,53
31.07.2024 22:00;31.07.2024 23:00;58,04
31.07.2024 23:00;01.08.2024 00:00;50,45
01.08.2024 00:00;01.08.2024 01:00;48,74
01.08.2024 01:00;01.08.2024 02:00;57,55
01.08.2024 02:00;01.08.2024 03:00;68,40
01.08.2024 03:00;01.08.2024 04:00;57,59
01.08.2024 04:00;01.08.2024 05:00;63,61
01.08.2024 05:00;01.08.2024 06:00;56,83
01.08.2024 06:00;01.08.2024 07:00;57,97
01.08.2024 07:00;01.08.2024 08:00;82,18
01.08.2024 08:00;01.08.2024 09:00;81,86
01.08.2024 09:00;01.08.2024 10:00;62,57
01.08.2024 10:00;01.08.2024 11:00;67,66
01.08.2024 11:00;01.08.2024 12:00;54,60
01.08.2024 12:00;01.08.2024 13:00;31,45
01.08.2024 13:00;01.08.2024 14:00;47,18
01.08.2024 14:00;01.08.2024 15:00;43,58
01.08.2024 15:00;01.08.2024 16:00;72,81
01.08.2024 16:00;01.08.2024 17:00;76,76
01.08.2024 17:00;01.08.2024 18:00;85,50
01.08.2024 18:00;01.08.2024 19:00;77,98
01.08.2024 19:00;01.08.2024 20:00;88,01
01.08.2024 20:00;01.08.2024 21:00;80,90
01.08.2024 21:00;01.08.2024 22:00;53,94
01.08.2024 22:00;01.08.2024 23:00;53,94
01.08.2024 23:00;02.08.2024 00:00;49,51
02.08.2024 00:00;02.08.2024 01:00;53,70
02.08.2024 01:00;02.08.2024 02:00;53,66
02.08.2024 02:00;02.08.2024 03:00;41,79
02.08.2024 03:00;02.08.2024 04:00;56,32
02.08.2024 04:00;02.08.2024 05:00;51,91
02.08.2024 05:00;02.08.2024 06:00;24,92
02.08.2024 06:00;02.08.2024 07:00;60,77
02.08.2024 07:00;02.08.2024 08:00;87,40
02.08.2024 08:00;02.08.2024 09:00;59,75
02.08.2024 09:00;02.08.2024 10:00;81,12
02.08.2024 10:00;02.08.2024 11:00;90,74
02.08.2024 11:00;02.08.2024 12:00;46,59
02.08.2024 12:00;02.08.2024 13:00;37,72
02.08.2024 13:00;02.08.2024 14:00;13,88
02.08.2024 14:00;02.08.2024 15:00;57,47
02.08.2024 15:00;02.08.2024 16:00;55,46
02.08.2024 16:00;02.08.2024 17:00;74,28
02.08.2024 17:00;02.08.2024 18:00;100,90
02.08.2024 18:00;02.08.2024 19:00;97,28
02.08.2024 19:00;02.08.2024 20:00;77,48
02.08.2024 20:00;02.08.2024 21:00;73,10
02.08.2024 21:00;02.08.2024 22:00;76,41
02.08.2024 22:00;02.08.2024 23:00;53,05
02.08.2024 23:00;03.08.2024 00:00;28,11
03.08.2024 00:00;03.08.2024 01:00;48,23
03.08.2024 01:00;03.08.2024 02:00;30,50
03.08.2024 02:00;03.08.2024 03:00;68,29
03.08.2024 03:00;03.08.2024 04:00;52,95
03.08.2024 04:00;03.08.2024 05:00;43,36
03.08.2024 05:00;03.08.2024 06:00;51,10
03.08.2024 06:00;03.08.2024 07:00;44,04
03.08.2024 07:00;03.08.2024 08:00;61,39
03.08.2024 08:00;03.08.2024 09:00;92,26
03.08.2024 09:00;03.08.2024 10:00;106,68
03.08.2024 10:00;03.08.2024 11:00;80,56
03.08.2024 11:00;03.08.2024 12:00;54,74
03.08.2024 12:00;03.08.2024 13:00;32,65
03.08.2024 13:00;03.08.2024 14:00;18,18
03.08.2024 14:00;03.08.2024 15:00;62,80
03.08.2024 15:00;03.08.2024 16:00;54,32
03.08.2024 16:00;03.08.2024 17:00;99,24
03.08.2024 17:00;03.08.2024 18:00;101,50
03.08.2024 18:00;03.08.2024 19:00;68,59
03.08.2024 19:00;03.08.2024 20:00;80,13
03.08.2024 20:00;03.08.2024 21:00;72,97
03.08.2024 21:00;03.08.2024 22:00;69,64
03.08.2024 22:00;03.08.2024 23:00;59,95
03.08.2024 23:00;04.08.2024 00:00;89,60
04.08.2024 00:00;04.08.2024 01:00;36,08
04.08.2024 01:00;04.08.2024 02:00;51,15
04.08.2024 02:00;04.08.2024 03:00;56,43
04.08.2024 03:00;04.08.2024 04:00;50,94
04.08.2024 04:00;04.08.2024 05:00;55,68
04.08.2024 05:00;04.08.2024 06:00;47,09
04.08.2024 06:00;04.08.2024 07:00;68,13
04.08.2024 07:00;04.08.2024 08:00;80,86
04.08.2024 08:00;04.08.2024 09:00;84,13
04.08.2024 09:00;04.08.2024 10:00;86,88
04.08.2024 10:00;04.08.2024 11:00;88,94
04.08.2024 11:00;04.08.2024 12:00;67,23
04.08.2024 12:00;04.08.2024 13:00;38,82
04.08.2024 13:00;04.08.2024 14:00;15,73
04.08.2024 14:00;04.08.2024 15:00;31,02
04.08.2024 15:00;04.08.2024 16:00;54,09
04.08.2024 16:00;04.08.2024 17:00;77,02
04.08.2024 17:00;04.08.2024 18:00;79,18
04.08.2024 18:00;04.08.2024 19:00;78,39
04.08.2024 19:00;04.08.2024 20:00;74,00
04.08.2024 20:00;04.08.2024 21:00;61,32
04.08.2024 21:00;04.08.2024 22:00;67,92
04.08.2024 22:00;04.08.2024 23:00;43,17
04.08.2024 23:00;05.08.2024 00:00;41,78
05.08.2024 00:00;05.08.2024 01:00;44,43
05.08.2024 01:00;05.08.2024 02:00;32,51
05.08.2024 02:00;05.08.2024 03:00;53,74
05.08.2024 03:00;05.08.2024 04:00;59,99
05.08.2024 04:00;05.08.2024 05:00;47,91
05.08.2024 05:00;05.08.2024 06:00;54,53
05.08.2024 06:00;05.08.2024 07:00;73,45
05.08.2024 07:00;05.08.2024 08:00;66,30
05.08.2024 08:00;05.08.2024 09:00;70,95
05.08.2024 09:00;05.08.2024 10:00;94,54
05.08.2024 10:00;05.08.2024 11:00;82,74
05.08.2024 11:00;05.08.2024 12:00;63,35
05.08.2024 12:00;05.08.2024 13:00;49,22
05.08.2024 13:00;05.08.2024 14:00;6,21
05.08.2024 14:00;05.08.2024 15:00;54,61
05.08.2024 15:00;05.08.2024 16:00;61,58
05.08.2024 16:00;05.08.2024 17:00;86,27
05.08.2024 17:00;05.08.2024 18:00;89,71
05.08.2024 18:00;05.08.2024 19:00;90,35
05.08.2024 19:00;05.08.2024 20:00;85,10
05.08.2024 20:00;05.08.2024 21:00;85,69
05.08.2024 21:00;05.08.2024 22:00;67,14
05.08.2024 22:00;05.08.2024 23:00;71,37
05.08.2024 23:00;06.08.2024 00:00;34,89
06.08.2024 00:00;06.08.2024 01:00;42,81
06.08.2024 01:00;06.08.2024 02:00;73,23
06.08.2024 02:00;06.08.2024 03:00;41,82
06.08.2024 03:00;06.08.2024 04:00;48,40
06.08.2024 04:00;06.08.2024 05:00;44,07
06.08.2024 05:00;06.08.2024 06:00;63,95
06.08.2024 06:00;06.08.2024 07:00;58,32
06.08.2024 07:00;06.08.2024 08:00;72,79
06.08.2024 08:00;06.08.2024 09:00;90,69
06.08.2024 09:00;06.08.2024 10:00;71,95
06.08.2024 10:00;06.08.2024 11:00;81,75
06.08.2024 11:00;06.08.2024 12:00;66,15
06.08.2024 12:00;06.08.2024 13:00;50,93
06.08.2024 13:00;06.08.2024 14:00;-28,22
06.08.2024 14:00;06.08.2024 15:00;77,41
06.08.2024 15:00;06.08.2024 16:00;69,68
06.08.2024 16:00;06.08.2024 17:00;78,19
06.08.2024 17:00;06.08.2024 18:00;74,70
06.08.2024 18:00;06.08.2024 19:00;88,75
06.08.2024 19:00;06.08.2024 20:00;105,67
06.08.2024 20:00;06.08.2024 21:00;101,95
06.08.2024 21:00;06.08.2024 22:00;88,78
06.08.2024 22:00;06.08.2024 23:00;70,53
06.08.2024 23:00;07.08.2024 00:00;39,01
07.08.2024 00:00;07.08.2024 01:00;55,31
07.08.2024 01:00;07.08.2024 02:00;33,96
07.08.2024 02:00;07.08.2024 03:00;31,64
07.08.2024 03:00;07.08.2024 04:00;54,29
07.08.2024 04:00;07.08.2024 05:00;61,10
07.08.2024 05:00;07.08.2024 06:00;70,92
07.08.2024 06:00;07.08.2024 07:00;73,28
07.08.2024 07:00;07.08.2024 08:00;81,56
07.08.2024 08:00;07.08.2024 09:00;68,84
07.08.2024 09:00;07.08.2024 10:00;79,24
07.08.2024 10:00;07.08.2024 11:00;54,36
07.08.2024 11:00;07.08.2024 12:00;32,40
07.08.2024 12:00;07.08.2024 13:00;47,31
07.08.2024 13:00;07.08.2024 14:00;21,21
07.08.2024 14:00;07.08.2024 15:00;49,14
07.08.2024 15:00;07.08.2024 16:00;70,48
07.08.2024 16:00;07.08.2024 17:00;67,02
07.08.2024 17:00;07.08.2024 18:00;92,46
07.08.2024 18:00;07.08.2024 19:00;82,14
07.08.2024 19:00;07.08.2024 20:00;66,57
07.08.2024 20:00;07.08.2024 21:00;83,07
07.08.2024 21:00;07.08.2024 22:00;65,54
07.08.2024 22:00;07.08.2024 23:00;55,99
07.08.2024 23:00;08.08.2024 00:00;77,94
08.08.2024 00:00;08.08.2024 01:00;31,32
08.08.2024 01:00;08.08.2024 02:00;53,62
08.08.2024 02:00;08.08.2024 03:00;37,72
08.08.2024 03:00;08.08.2024 04:00;62,48
08.08.2024 04:00;08.08.2024 05:00;58,57
08.08.2024 05:00;08.08.2024 06:00;64,80
08.08.2024 06:00;08.08.2024 07:00;56,14
08.08.2024 07:00;08.08.2024 08:00;66,16
08.08.2024 08:00;08.08.2024 09:00;91,95
08.08.2024 09:00;08.08.2024 10:00;101,91
08.08.2024 10:00;08.08.2024 11:00;78,37
08.08.2024 11:00;08.08.2024 12:00;45,84
08.08.2024 12:00;08.08.2024 13:00;42,66
08.08.2024 13:00;08.08.2024 14:00;59,55
08.08.2024 14:00;08.08.2024 15:00;40,07
08.08.2024 15:00;08.08.2024 16:00;74,89
08.08.2024 16:00;08.08.2024 17:00;65,73
08.08.2024 17:00;08.08.2024 18:00;85,03
08.08.2024 18:00;08.08.2024 19:00;97,67
08.08.2024 19:00;08.08.2024 20:00;93,65
08.08.2024 20:00;08.08.2024 21:00;72,56
08.08.2024 21:00;08.08.2024 22:00;61,65
08.08.2024 22:00;08.08.2024 23:00;73,29
08.08.2024 23:00;09.08.2024 00:00;68,71
09.08.2024 00:00;09.08.2024 01:00;67,95
09.08.2024 01:00;09.08.2024 02:00;70,84
09.08.2024 02:00;09.08.2024 03:00;51,44
09.08.2024 03:00;09.08.2024 04:00;48,02
09.08.2024 04:00;09.08.2024 05:00;71,37
09.08.2024 05:00;09.08.2024 06:00;68,98
09.08.2024 06:00;09.08.2024 07:00;55,86
09.08.2024 07:00;09.08.2024 08:00;63,12
09.08.2024 08:00;09.08.2024 09:00;86,90
09.08.2024 09:00;09.08.2024 10:00;78,71
09.08.2024 10:00;09.08.2024 11:00;72,46
09.08.2024 11:00;09.08.2024 12:00;69,65
09.08.2024 12:00;09.08.2024 13:00;47,87
09.08.2024 13:00;09.08.2024 14:00;46,55
09.08.2024 14:00;09.08.2024 15:00;15,83
09.08.2024 15:00;09.08.2024 16:00;60,56
09.08.2024 16:00;09.08.2024 17:00;83,13
09.08.2024 17:00;09.08.2024 18:00;67,39
09.08.2024 18:00;09.08.2024 19:00;82,55
09.08.2024 19:00;09.08.2024 20:00;78,97
09.08.2024 20:00;09.08.2024 21:00;82,19
09.08.2024 21:00;09.08.2024 22:00;91,07
09.08.2024 22:00;09.08.2024 23:00;85,88
09.08.2024 23:00;10.08.2024 00:00;44,81
10.08.2024 00:00;10.08.2024 01:00;56,30
10.08.2024 01:00;10.08.2024 02:00;56,08
10.08.2024 02:00;10.08.2024 03:00;54,66
10.08.2024 03:00;10.08.2024 04:00;56,72
10.08.2024 04:00;10.08.2024 05:00;58,98
10.08.2024 05:00;10.08.2024 06:00;80,85
10.08.2024 06:00;10.08.2024 07:00;81,06
10.08.2024 07:00;10.08.2024 08:00;62,98
10.08.2024 08:00;10.08.2024 09:00;90,72
10.08.2024 09:00;10.08.2024 10:00;91,72
10.08.2024 10:00;10.08.2024 11:00;76,74
10.08.2024 11:00;10.08.2024 12:00;70,54
10.08.2024 12:00;10.08.2024 13:00;41,20
10.08.2024 13:00;10.08.2024 14:00;33,18
10.08.2024 14:00;10.08.2024 15:00;40,65
10.08.2024 15:00;10.08.2024 16:00;33,48
10.08.2024 16:00;10.08.2024 17:00;74,00
10.08.2024 17:00;10.08.2024 18:00;77,87
10.08.2024 18:00;10.08.2024 19:00;76,35
10.08.2024 19:00;10.08.2024 20:00;106,44
10.08.2024 20:00;10.08.2024 21:00;88,16
10.08.2024 21:00;10.08.2024 22:00;71,35
10.08.2024 22:00;10.08.2024 23:00;55,01
10.08.2024 23:00;11.08.2024 00:00;58,31
11.08.2024 00:00;11.08.2024 01:00;62,07
11.08.2024 01:00;11.08.2024 02:00;39,64
11.08.2024 02:00;11.08.2024 03:00;50,14
11.08.2024 03:00;11.08.2024 04:00;62,54
11.08.2024 04:00;11.08.2024 05:00;32,29
11.08.2024 05:00;11.08.2024 06:00;60,10
11.08.2024 06:00;11.08.2024 07:00;62,86
11.08.2024 07:00;11.08.2024 08:00;74,28
11.08.2024 08:00;11.08.2024 09:00;75,34
11.08.2024 09:00;11.08.2024 10:00;82,85
11.08.2024 10:00;11.08.2024 11:00;96,23
11.08.2024 11:00;11.08.2024 12:00;53,26
11.08.2024 12:00;11.08.2024 13:00;42,63
11.08.2024 13:00;11.08.2024 14:00;54,89
11.08.2024 14:00;11.08.2024 15:00;32,78
11.08.2024 15:00;11.08.2024 16:00;79,66
11.08.2024 16:00;11.08.2024 17:00;75,22
11.08.2024 17:00;11.08.2024 18:00;107,46
11.08.2024 18:00;11.08.2024 19:00;99,78
11.08.2024 19:00;11.08.2024 20:00;93,11
11.08.2024 20:00;11.08.2024 21:00;81,51
11.08.2024 21:00;11.08.2024 22:00;64,41
11.08.2024 22:00;11.08.2024 23:00;62,88
11.08.2024 23:00;12.08.2024 00:00;65,71
12.08.2024 00:00;12.08.2024 01:00;50,21
12.08.2024 01:00;12.08.2024 02:00;45,95
12.08.2024 02:00;12.08.2024 03:00;47,38
12.08.2024 03:00;12.08.2024 04:00;64,23
12.08.2024 04:00;12.08.2024 05:00;70,42
12.08.2024 05:00;12.08.2024 06:00;52,97
12.08.2024 06:00;12.08.2024 07:00;60,19
12.08.2024 07:00;12.08.2024 08:00;80,63
12.08.2024 08:00;12.08.2024 09:00;99,89
12.08.2024 09:00;12.08.2024 10:00;95,14
12.08.2024 10:00;12.08.2024 11:00;58,32
12.08.2024 11:00;12.08.2024 12:00;54,17
12.08.2024 12:00;12.08.2024 13:00;28,16
12.08.2024 13:00;12.08.2024 14:00;27,94
12.08.2024 14:00;12.08.2024 15:00;58,82
12.08.2024 15:00;12.08.2024 16:00;41,01
12.08.2024 16:00;12.08.2024 17:00;55,92
12.08.2024 17:00;12.08.2024 18:00;76,33
12.08.2024 18:00;12.08.2024 19:00;94,42
12.08.2024 19:00;12.08.2024 20:00;97,06
12.08.2024 20:00;12.08.2024 21:00;87,74
12.08.2024 21:00;12.08.2024 22:00;86,20
12.08.2024 22:00;12.08.2024 23:00;41,01
12.08.2024 23:00;13.08.2024 00:00;69,40
13.08.2024 00:00;13.08.2024 01:00;46,82
13.08.2024 01:00;13.08.2024 02:00;58,73
13.08.2024 02:00;13.08.2024 03:00;34,71
13.08.2024 03:00;13.08.2024 04:00;52,57
13.08.2024 04:00;13.08.2024 05:00;58,75
13.08.2024 05:00;13.08.2024 06:00;75,05
13.08.2024 06:00;13.08.2024 07:00;49,39
13.08.2024 07:00;13.08.2024 08:00;76,65
13.08.2024 08:00;13.08.2024 09:00;68,73
13.08.2024 09:00;13.08.2024 10:00;87,66
13.08.2024 10:00;13.08.2024 11:00;82,87
13.08.2024 11:00;13.08.2024 12:00;72,98
13.08.2024 12:00;13.08.2024 13:00;33,10
13.08.2024 13:00;13.08.2024 14:00;42,47
13.08.2024 14:00;13.08.2024 15:00;56,10
13.08.2024 15:00;13.08.2024 16:00;38,56
13.08.2024 16:00;13.08.2024 17:00;82,90
13.08.2024 17:00;13.08.2024 18:00;97,97
13.08.2024 18:00;13.08.2024 19:00;88,07
13.08.2024 19:00;13.08.2024 20:00;75,28
13.08.2024 20:00;13.08.2024 21:00;94,00
13.08.2024 21:00;13.08.2024 22:00;57,90
13.08.2024 22:00;13.08.2024 23:00;60,22
13.08.2024 23:00;14.08.2024 00:00;54,86
14.08.2024 00:00;14.08.2024 01:00;59,35
14.08.2024 01:00;14.08.2024 02:00;42,64
14.08.2024 02:00;14.08.2024 03:00;42,58
14.08.2024 03:00;14.08.2024 04:00;53,91
14.08.2024 04:00;14.08.2024 05:00;68,20
14.08.2024 05:00;14.08.2024 06:00;88,83
14.08.2024 06:00;14.08.2024 07:00;50,52
14.08.2024 07:00;14.08.2024 08:00;80,27
14.08.2024 08:00;14.08.2024 09:00;68,92
14.08.2024 09:00;14.08.2024 10:00;94,02
14.08.2024 10:00;14.08.2024 11:00;62,48
14.08.2024 11:00;14.08.2024 12:00;49,65
14.08.2024 12:00;14.08.2024 13:00;32,66
14.08.2024 13:00;14.08.2024 14:00;30,64
14.08.2024 14:00;14.08.2024 15:00;43,85
14.08.2024 15:00;14.08.2024 16:00;64,29
14.08.2024 16:00;14.08.2024 17:00;75,68
14.08.2024 17:00;14.08.2024 18:00;70,72
14.08.2024 18:00;14.08.2024 19:00;100,11
14.08.2024 19:00;14.08.2024 20:00;89,38
14.08.2024 20:00;14.08.2024 21:00;96,84
14.08.2024 21:00;14.08.2024 22:00;64,00
14.08.2024 22:00;14.08.2024 23:00;43,34
14.08.2024 23:00;15.08.2024 00:00;55,14
15.08.2024 00:00;15.08.2024 01:00;66,53
15.08.2024 01:00;15.08.2024 02:00;52,30
15.08.2024 02:00;15.08.2024 03:00;48,61
15.08.2024 03:00;15.08.2024 04:00;42,49
15.08.2024 04:00;15.08.2024 05:00;77,43
15.08.2024 05:00;15.08.2024 06:00;49,24
15.08.2024 06:00;15.08.2024 07:00;60,12
15.08.2024 07:00;15.08.2024 08:00;83,54
15.08.2024 08:00;15.08.2024 09:00;59,90
15.08.2024 09:00;15.08.2024 10:00;97,31
15.08.2024 10:00;15.08.2024 11:00;81,45
15.08.2024 11:00;15.08.2024 12:00;68,75
15.08.2024 12:00;15.08.2024 13:00;46,64
15.08.2024 13:00;15.08.2024 14:00;29,83
15.08.2024 14:00;15.08.2024 15:00;27,43
15.08.2024 15:00;15.08.2024 16:00;57,02
15.08.2024 16:00;15.08.2024 17:00;64,26
15.08.2024 17:00;15.08.2024 18:00;92,72
15.08.2024 18:00;15.08.2024 19:00;101,27
15.08.2024 19:00;15.08.2024 20:00;107,95
15.08.2024 20:00;15.08.2024 21:00;87,57
15.08.2024 21:00;15.08.2024 22:00;83,80
15.08.2024 22:00;15.08.2024 23:00;59,22
15.08.2024 23:00;16.08.2024 00:00;50,02
16.08.2024 00:00;16.08.2024 01:00;56,88
16.08.2024 01:00;16.08.2024 02:00;45,95
16.08.2024 02:00;16.08.2024 03:00;54,45
16.08.2024 03:00;16.08.2024 04:00;40,42
16.08.2024 04:00;16.08.2024 05:00;45,97
16.08.2024 05:00;16.08.2024 06:00;69,44
16.08.2024 06:00;16.08.2024 07:00;79,69
16.08.2024 07:00;16.08.2024 08:00;65,09
16.08.2024 08:00;16.08.2024 09:00;90,44
16.08.2024 09:00;16.08.2024 10:00;75,84
16.08.2024 10:00;16.08.2024 11:00;74,38
16.08.2024 11:00;16.08.2024 12:00;75,18
16.08.2024 12:00;16.08.2024 13:00;49,85
16.08.2024 13:00;16.08.2024 14:00;41,54
16.08.2024 14:00;16.08.2024 15:00;63,31
16.08.2024 15:00;16.08.2024 16:00;50,47
16.08.2024 16:00;16.08.2024 17:00;64,35
16.08.2024 17:00;16.08.2024 18:00;78,44
16.08.2024 18:00;16.08.2024 19:00;88,75
16.08.2024 19:00;16.08.2024 20:00;62,20
16.08.2024 20:00;16.08.2024 21:00;80,84
16.08.2024 21:00;16.08.2024 22:00;66,39
16.08.2024 22:00;16.08.2024 23:00;72,41
16.08.2024 23:00;17.08.2024 00:00;60,20
17.08.2024 00:00;17.08.2024 01:00;44,22
17.08.2024 01:00;17.08.2024 02:00;57,89
17.08.2024 02:00;17.08.2024 03:00;60,13
17.08.2024 03:00;17.08.2024 04:00;44,16
17.08.2024 04:00;17.08.2024 05:00;50,86
17.08.2024 05:00;17.08.2024 06:00;35,34
17.08.2024 06:00;17.08.2024 07:00;56,18
17.08.2024 07:00;17.08.2024 08:00;68,23
17.08.2024 08:00;17.08.2024 09:00;83,51
17.08.2024 09:00;17.08.2024 10:00;71,11
17.08.2024 10:00;17.08.2024 11:00;68,24
17.08.2024 11:00;17.08.2024 12:00;43,70
17.08.2024 12:00;17.08.2024 13:00;42,44
17.08.2024 13:00;17.08.2024 14:00;37,32
17.08.2024 14:00;17.08.2024 15:00;45,46
17.08.2024 15:00;17.08.2024 16:00;59,29
17.08.2024 16:00;17.08.2024 17:00;57,92
17.08.2024 17:00;17.08.2024 18:00;79,89
17.08.2024 18:00;17.08.2024 19:00;87,14
17.08.2024 19:00;17.08.2024 20:00;85,84
17.08.2024 20:00;17.08.2024 21:00;84,45
17.08.2024 21:00;17.08.2024 22:00;90,26
17.08.2024 22:00;17.08.2024 23:00;72,97
17.08.2024 23:00;18.08.2024 00:00;44,35
18.08.2024 00:00;18.08.2024 01:00;59,80
18.08.2024 01:00;18.08.2024 02:00;58,73
18.08.2024 02:00;18.08.2024 03:00;42,01
18.08.2024 03:00;18.08.2024 04:00;63,80
18.08.2024 04:00;18.08.2024 05:00;55,09
18.08.2024 05:00;18.08.2024 06:00;45,35
18.08.2024 06:00;18.08.2024 07:00;74,97
18.08.2024 07:00;18.08.2024 08:00;79,98
18.08.2024 08:00;18.08.2024 09:00;80,12
18.08.2024 09:00;18.08.2024 10:00;82,24
18.08.2024 10:00;18.08.2024 11:00;66,00
18.08.2024 11:00;18.08.2024 12:00;65,95
18.08.2024 12:00;18.08.2024 13:00;40,09
18.08.2024 13:00;18.08.2024 14:00;34,44
18.08.2024 14:00;18.08.2024 15:00;45,15
18.08.2024 15:00;18.08.2024 16:00;45,52
18.08.2024 16:00;18.08.2024 17:00;65,91
18.08.2024 17:00;18.08.2024 18:00;61,05
18.08.2024 18:00;18.08.2024 19:00;99,04
18.08.2024 19:00;18.08.2024 20:00;76,36
18.08.2024 20:00;18.08.2024 21:00;85,37
18.08.2024 21:00;18.08.2024 22:00;77,84
18.08.2024 22:00;18.08.2024 23:00;70,69
18.08.2024 23:00;19.08.2024 00:00;41,98
19.08.2024 00:00;19.08.2024 01:00;51,11
19.08.2024 01:00;19.08.2024 02:00;71,33
19.08.2024 02:00;19.08.2024 03:00;72,49
19.08.2024 03:00;19.08.2024 04:00;65,70
19.08.2024 04:00;19.08.2024 05:00;61,30
19.08.2024 05:00;19.08.2024 06:00;50,45
19.08.2024 06:00;19.08.2024 07:00;78,36
19.08.2024 07:00;19.08.2024 08:00;75,71
19.08.2024 08:00;19.08.2024 09:00;89,81
19.08.2024 09:00;19.08.2024 10:00;75,33
19.08.2024 10:00;19.08.2024 11:00;72,80
19.08.2024 11:00;19.08.2024 12:00;60,84
19.08.2024 12:00;19.08.2024 13:00;43,81
19.08.2024 13:00;19.08.2024 14:00;38,60
19.08.2024 14:00;19.08.2024 15:00;34,15
19.08.2024 15:00;19.08.2024 16:00;43,49
19.08.2024 16:00;19.08.2024 17:00;96,38
19.08.2024 17:00;19.08.2024 18:00;117,67
19.08.2024 18:00;19.08.2024 19:00;97,87
19.08.2024 19:00;19.08.2024 20:00;75,26
19.08.2024 20:00;19.08.2024 21:00;74,74
19.08.2024 21:00;19.08.2024 22:00;79,73
19.08.2024 22:00;19.08.2024 23:00;79,79
19.08.2024 23:00;20.08.2024 00:00;42,11
20.08.2024 00:00;20.08.2024 01:00;50,65
20.08.2024 01:00;20.08.2024 02:00;53,88
20.08.2024 02:00;20.08.2024 03:00;62,54
20.08.2024 03:00;20.08.2024 04:00;49,97
20.08.2024 04:00;20.08.2024 05:00;38,73
20.08.2024 05:00;20.08.2024 06:00;70,21
20.08.2024 06:00;20.08.2024 07:00;83,48
20.08.2024 07:00;20.08.2024 08:00;76,86
20.08.2024 08:00;20.08.2024 09:00;88,19
20.08.2024 09:00;20.08.2024 10:00;77,47
20.08.2024 10:00;20.08.2024 11:00;64,97
20.08.2024 11:00;20.08.2024 12:00;71,43
20.08.2024 12:00;20.08.2024 13:00;45,75
20.08.2024 13:00;20.08.2024 14:00;38,81
20.08.2024 14:00;20.08.2024 15:00;59,37
20.08.2024 15:00;20.08.2024 16:00;47,20
20.08.2024 16:00;20.08.2024 17:00;70,50
20.08.2024 17:00;20.08.2024 18:00;89,94
20.08.2024 18:00;20.08.2024 19:00;85,97
20.08.2024 19:00;20.08.2024 20:00;100,79
20.08.2024 20:00;20.08.2024 21:00;82,02
20.08.2024 21:00;20.08.2024 22:00;61,96
20.08.2024 22:00;20.08.2024 23:00;64,73
20.08.2024 23:00;21.08.2024 00:00;58,96
21.08.2024 00:00;21.08.2024 01:00;63,60
21.08.2024 01:00;21.08.2024 02:00;56,50
21.08.2024 02:00;21.08.2024 03:00;57,95
21.08.2024 03:00;21.08.2024 04:00;58,18
21.08.2024 04:00;21.08.2024 05:00;55,48
21.08.2024 05:00;21.08.2024 06:00;54,41
21.08.2024 06:00;21.08.2024 07:00;73,70
21.08.2024 07:00;21.08.2024 08:00;74,11
21.08.2024 08:00;21.08.2024 09:00;103,86
21.08.2024 09:00;21.08.2024 10:00;99,52
21.08.2024 10:00;21.08.2024 11:00;82,96
21.08.2024 11:00;21.08.2024 12:00;63,91
21.08.2024 12:00;21.08.2024 13:00;40,29
21.08.2024 13:00;21.08.2024 14:00;18,04
21.08.2024 14:00;21.08.2024 15:00;39,00
21.08.2024 15:00;21.08.2024 16:00;61,32
21.08.2024 16:00;21.08.2024 17:00;80,13
21.08.2024 17:00;21.08.2024 18:00;93,93
21.08.2024 18:00;21.08.2024 19:00;104,05
21.08.2024 19:00;21.08.2024 20:00;83,33
21.08.2024 20:00;21.08.2024 21:00;76,32
21.08.2024 21:00;21.08.2024 22:00;91,53
21.08.2024 22:00;21.08.2024 23:00;73,44
21.08.2024 23:00;22.08.2024 00:00;52,47
22.08.2024 00:00;22.08.2024 01:00;51,36
22.08.2024 01:00;22.08.2024 02:00;50,80
22.08.2024 02:00;22.08.2024 03:00;53,05
22.08.2024 03:00;22.08.2024 04:00;60,27
22.08.2024 04:00;22.08.2024 05:00;88,42
22.08.2024 05:00;22.08.2024 06:00;65,54
22.08.2024 06:00;22.08.2024 07:00;78,44
22.08.2024 07:00;22.08.2024 08:00;58,12
22.08.2024 08:00;22.08.2024 09:00;78,02
22.08.2024 09:00;22.08.2024 10:00;98,42
22.08.2024 10:00;22.08.2024 11:00;80,45
22.08.2024 11:00;22.08.2024 12:00;6,95
22.08.2024 12:00;22.08.2024 13:00;49,69
22.08.2024 13:00;22.08.2024 14:00;56,45
22.08.2024 14:00;22.08.2024 15:00;17,90
22.08.2024 15:00;22.08.2024 16:00;78,59
22.08.2024 16:00;22.08.2024 17:00;44,37
22.08.2024 17:00;22.08.2024 18:00;99,81
22.08.2024 18:00;22.08.2024 19:00;93,15
22.08.2024 19:00;22.08.2024 20:00;63,69
22.08.2024 20:00;22.08.2024 21:00;90,12
22.08.2024 21:00;22.08.2024 22:00;88,18
22.08.2024 22:00;22.08.2024 23:00;68,81
22.08.2024 23:00;23.08.2024 00:00;64,44
23.08.2024 00:00;23.08.2024 01:00;47,97
23.08.2024 01:00;23.08.2024 02:00;29,96
23.08.2024 02:00;23.08.2024 03:00;61,23
23.08.2024 03:00;23.08.2024 04:00;75,86
23.08.2024 04:00;23.08.2024 05:00;71,81
23.08.2024 05:00;23.08.2024 06:00;39,67
23.08.2024 06:00;23.08.2024 07:00;52,57
23.08.2024 07:00;23.08.2024 08:00;68,47
23.08.2024 08:00;23.08.2024 09:00;64,98
23.08.2024 09:00;23.08.2024 10:00;84,47
23.08.2024 10:00;23.08.2024 11:00;80,60
23.08.2024 11:00;23.08.2024 12:00;42,72
23.08.2024 12:00;23.08.2024 13:00;51,19
23.08.2024 13:00;23.08.2024 14:00;40,91
23.08.2024 14:00;23.08.2024 15:00;35,54
23.08.2024 15:00;23.08.2024 16:00;58,55
23.08.2024 16:00;23.08.2024 17:00;54,49
23.08.2024 17:00;23.08.2024 18:00;84,83
23.08.2024 18:00;23.08.2024 19:00;93,60
23.08.2024 19:00;23.08.2024 20:00;94,18
23.08.2024 20:00;23.08.2024 21:00;89,58
23.08.2024 21:00;23.08.2024 22:00;77,57
23.08.2024 22:00;23.08.2024 23:00;61,53
23.08.2024 23:00;24.08.2024 00:00;61,12
24.08.2024 00:00;24.08.2024 01:00;65,20
24.08.2024 01:00;24.08.2024 02:00;51,42
24.08.2024 02:00;24.08.2024 03:00;57,01
24.08.2024 03:00;24.08.2024 04:00;52,89
24.08.2024 04:00;24.08.2024 05:00;50,77
24.08.2024 05:00;24.08.2024 06:00;70,06
24.08.2024 06:00;24.08.2024 07:00;64,36
24.08.2024 07:00;24.08.2024 08:00;83,52
24.08.2024 08:00;24.08.2024 09:00;84,71
24.08.2024 09:00;24.08.2024 10:00;80,56
24.08.2024 10:00;24.08.2024 11:00;72,21
24.08.2024 11:00;24.08.2024 12:00;54,05
24.08.2024 12:00;24.08.2024 13:00;22,38
24.08.2024 13:00;24.08.2024 14:00;38,55
24.08.2024 14:00;24.08.2024 15:00;45,16
24.08.2024 15:00;24.08.2024 16:00;71,09
24.08.2024 16:00;24.08.2024 17:00;71,78
24.08.2024 17:00;24.08.2024 18:00;111,83
24.08.2024 18:00;24.08.2024 19:00;89,22
24.08.2024 19:00;24.08.2024 20:00;81,92
24.08.2024 20:00;24.08.2024 21:00;73,38
24.08.2024 21:00;24.08.2024 22:00;54,10
24.08.2024 22:00;24.08.2024 23:00;83,37
24.08.2024 23:00;25.08.2024 00:00;74,40
25.08.2024 00:00;25.08.2024 01:00;60,66
25.08.2024 01:00;25.08.2024 02:00;42,08
25.08.2024 02:00;25.08.2024 03:00;75,21
25.08.2024 03:00;25.08.2024 04:00;51,18
25.08.2024 04:00;25.08.2024 05:00;55,57
25.08.2024 05:00;25.08.2024 06:00;81,31
25.08.2024 06:00;25.08.2024 07:00;79,20
25.08.2024 07:00;25.08.2024 08:00;105,58
25.08.2024 08:00;25.08.2024 09:00;87,62
25.08.2024 09:00;25.08.2024 10:00;79,71
25.08.2024 10:00;25.08.2024 11:00;69,08
25.08.2024 11:00;25.08.2024 12:00;38,26
25.08.2024 12:00;25.08.2024 13:00;39,06
25.08.2024 13:00;25.08.2024 14:00;47,97
25.08.2024 14:00;25.08.2024 15:00;49,84
25.08.2024 15:00;25.08.2024 16:00;61,41
25.08.2024 16:00;25.08.2024 17:00;66,49
25.08.2024 17:00;25.08.2024 18:00;92,08
25.08.2024 18:00;25.08.2024 19:00;106,21
25.08.2024 19:00;25.08.2024 20:00;97,87
25.08.2024 20:00;25.08.2024 21:00;87,57
25.08.2024 21:00;25.08.2024 22:00;65,61
25.08.2024 22:00;25.08.2024 23:00;75,65
25.08.2024 23:00;26.08.2024 00:00;20,64
26.08.2024 00:00;26.08.2024 01:00;58,32
26.08.2024 01:00;26.08.2024 02:00;83,96
26.08.2024 02:00;26.08.2024 03:00;35,65
26.08.2024 03:00;26.08.2024 04:00;52,78
26.08.2024 04:00;26.08.2024 05:00;58,98
26.08.2024 05:00;26.08.2024 06:00;58,79
26.08.2024 06:00;26.08.2024 07:00;84,01
26.08.2024 07:00;26.08.2024 08:00;85,11
26.08.2024 08:00;26.08.2024 09:00;86,75
26.08.2024 09:00;26.08.2024 10:00;94,32
26.08.2024 10:00;26.08.2024 11:00;76,90
26.08.2024 11:00;26.08.2024 12:00;98,86
26.08.2024 12:00;26.08.2024 13:00;44,50
26.08.2024 13:00;26.08.2024 14:00;36,86
26.08.2024 14:00;26.08.2024 15:00;22,41
26.08.2024 15:00;26.08.2024 16:00;54,92
26.08.2024 16:00;26.08.2024 17:00;92,48
26.08.2024 17:00;26.08.2024 18:00;73,61
26.08.2024 18:00;26.08.2024 19:00;68,44
26.08.2024 19:00;26.08.2024 20:00;93,36
26.08.2024 20:00;26.08.2024 21:00;102,30
26.08.2024 21:00;26.08.2024 22:00;75,96
26.08.2024 22:00;26.08.2024 23:00;61,49
26.08.2024 23:00;27.08.2024 00:00;36,20
27.08.2024 00:00;27.08.2024 01:00;59,44
27.08.2024 01:00;27.08.2024 02:00;61,34
27.08.2024 02:00;27.08.2024 03:00;32,65
27.08.2024 03:00;27.08.2024 04:00;69,58
27.08.2024 04:00;27.08.2024 05:00;68,55
27.08.2024 05:00;27.08.2024 06:00;78,22
27.08.2024 06:00;27.08.2024 07:00;78,86
27.08.2024 07:00;27.08.2024 08:00;87,57
27.08.2024 08:00;27.08.2024 09:00;91,45
27.08.2024 09:00;27.08.2024 10:00;95,46
27.08.2024 10:00;27.08.2024 11:00;55,16
27.08.2024 11:00;27.08.2024 12:00;42,97
27.08.2024 12:00;27.08.2024 13:00;34,14
27.08.2024 13:00;27.08.2024 14:00;33,24
27.08.2024 14:00;27.08.2024 15:00;47,88
27.08.2024 15:00;27.08.2024 16:00;65,62
27.08.2024 16:00;27.08.2024 17:00;92,40
27.08.2024 17:00;27.08.2024 18:00;103,70
27.08.2024 18:00;27.08.2024 19:00;84,15
27.08.2024 19:00;27.08.2024 20:00;96,12
27.08.2024 20:00;27.08.2024 21:00;75,96
27.08.2024 21:00;27.08.2024 22:00;73,48
27.08.2024 22:00;27.08.2024 23:00;69,67
27.08.2024 23:00;28.08.2024 00:00;17,88
28.08.2024 00:00;28.08.2024 01:00;83,24
28.08.2024 01:00;28.08.2024 02:00;60,49
28.08.2024 02:00;28.08.2024 03:00;47,18
28.08.2024 03:00;28.08.2024 04:00;79,38
28.08.2024 04:00;28.08.2024 05:00;55,49
28.08.2024 05:00;28.08.2024 06:00;66,51
28.08.2024 06:00;28.08.2024 07:00;66,30
28.08.2024 07:00;28.08.2024 08:00;99,84
28.08.2024 08:00;28.08.2024 09:00;84,23
28.08.2024 09:00;28.08.2024 10:00;87,12
28.08.2024 10:00;28.08.2024 11:00;91,72
28.08.2024 11:00;28.08.2024 12:00;68,30
28.08.2024 12:00;28.08.2024 13:00;42,61
28.08.2024 13:00;28.08.2024 14:00;48,41
28.08.2024 14:00;28.08.2024 15:00;73,97
28.08.2024 15:00;28.08.2024 16:00;65,83
28.08.2024 16:00;28.08.2024 17:00;80,69
28.08.2024 17:00;28.08.2024 18:00;92,26
28.08.2024 18:00;28.08.2024 19:00;110,63
28.08.2024 19:00;28.08.2024 20:00;86,36
28.08.2024 20:00;28.08.2024 21:00;83,09
28.08.2024 21:00;28.08.2024 22:00;57,58
28.08.2024 22:00;28.08.2024 23:00;51,90
28.08.2024 23:00;29.08.2024 00:00;52,86
29.08.2024 00:00;29.08.2024 01:00;53,93
29.08.2024 01:00;29.08.2024 02:00;75,22
29.08.2024 02:00;29.08.2024 03:00;61,05
29.08.2024 03:00;29.08.2024 04:00;45,60
29.08.2024 04:00;29.08.2024 05:00;51,21
29.08.2024 05:00;29.08.2024 06:00;81,71
29.08.2024 06:00;29.08.2024 07:00;85,96
29.08.2024 07:00;29.08.2024 08:00;80,65
29.08.2024 08:00;29.08.2024 09:00;80,48
29.08.2024 09:00;29.08.2024 10:00;99,13
29.08.2024 10:00;29.08.2024 11:00;65,65
29.08.2024 11:00;29.08.2024 12:00;66,28
29.08.2024 12:00;29.08.2024 13:00;70,83
29.08.2024 13:00;29.08.2024 14:00;37,85
29.08.2024 14:00;29.08.2024 15:00;34,50
29.08.2024 15:00;29.08.2024 16:00;67,24
29.08.2024 16:00;29.08.2024 17:00;73,94
29.08.2024 17:00;29.08.2024 18:00;73,78
29.08.2024 18:00;29.08.2024 19:00;103,62
29.08.2024 19:00;29.08.2024 20:00;107,26
29.08.2024 20:00;29.08.2024 21:00;82,99
29.08.2024 21:00;29.08.2024 22:00;71,80
29.08.2024 22:00;29.08.2024 23:00;54,86
29.08.2024 23:00;30.08.2024 00:00;57,57
30.08.2024 00:00;30.08.2024 01:00;48,15
30.08.2024 01:00;30.08.2024 02:00;42,15
30.08.2024 02:00;30.08.2024 03:00;77,63
30.08.2024 03:00;30.08.2024 04:00;62,45
30.08.2024 04:00;30.08.2024 05:00;67,12
30.08.2024 05:00;30.08.2024 06:00;76,12
30.08.2024 06:00;30.08.2024 07:00;82,00
30.08.2024 07:00;30.08.2024 08:00;75,66
30.08.2024 08:00;30.08.2024 09:00;89,36
30.08.2024 09:00;30.08.2024 10:00;82,70
30.08.2024 10:00;30.08.2024 11:00;83,14
30.08.2024 11:00;30.08.2024 12:00;5,97
30.08.2024 12:00;30.08.2024 13:00;39,27
30.08.2024 13:00;30.08.2024 14:00;19,73
30.08.2024 14:00;30.08.2024 15:00;45,86
30.08.2024 15:00;30.08.2024 16:00;60,16
30.08.2024 16:00;30.08.2024 17:00;57,20
30.08.2024 17:00;30.08.2024 18:00;96,90
30.08.2024 18:00;30.08.2024 19:00;107,09
30.08.2024 19:00;30.08.2024 20:00;124,49
30.08.2024 20:00;30.08.2024 21:00;82,33
30.08.2024 21:00;30.08.2024 22:00;70,16
30.08.2024 22:00;30.08.2024 23:00;53,39
30.08.2024 23:00;31.08.2024 00:00;62,18
31.08.2024 00:00;31.08.2024 01:00;57,63
31.08.2024 01:00;31.08.2024 02:00;44,86
31.08.2024 02:00;31.08.2024 03:00;53,13
31.08.2024 03:00;31.08.2024 04:00;33,41
31.08.2024 04:00;31.08.2024 05:00;71,67
31.08.2024 05:00;31.08.2024 06:00;56,57
31.08.2024 06:00;31.08.2024 07:00;72,63
31.08.2024 07:00;31.08.2024 08:00;63,80
31.08.2024 08:00;31.08.2024 09:00;79,41
31.08.2024 09:00;31.08.2024 10:00;82,88
31.08.2024 10:00;31.08.2024 11:00;78,05
31.08.2024 11:00;31.08.2024 12:00;67,94
31.08.2024 12:00;31.08.2024 13:00;61,43
31.08.2024 13:00;31.08.2024 14:00;44,78
31.08.2024 14:00;31.08.2024 15:00;55,96
31.08.2024 15:00;31.08.2024 16:00;80,27
31.08.2024 16:00;31.08.2024 17:00;87,03
31.08.2024 17:00;31.08.2024 18:00;90,67
31.08.2024 18:00;31.08.2024 19:00;107,92
31.08.2024 19:00;31.08.2024 20:00;107,33
31.08.2024 20:00;31.08.2024 21:00;95,11
31.08.2024 21:00;31.08.2024 22:00;59,48
31.08.2024 22:00;31.08.2024 23:00;56,91
31.08.2024 23:00;01.09.2024 00:00;56,68
01.09.2024 00:00;01.09.2024 01:00;64,87
01.09.2024 01:00;01.09.2024 02:00;54,65
01.09.2024 02:00;01.09.2024 03:00;69,18
01.09.2024 03:00;01.09.2024 04:00;73,25
01.09.2024 04:00;01.09.2024 05:00;75,26
01.09.2024 05:00;01.09.2024 06:00;80,60
01.09.2024 06:00;01.09.2024 07:00;60,92
01.09.2024 07:00;01.09.2024 08:00;87,02
01.09.2024 08:00;01.09.2024 09:00;79,42
01.09.2024 09:00;01.09.2024 10:00;66,76
01.09.2024 10:00;01.09.2024 11:00;75,04
01.09.2024 11:00;01.09.2024 12:00;78,39
01.09.2024 12:00;01.09.2024 13:00;50,00
01.09.2024 13:00;01.09.2024 14:00;60,52
01.09.2024 14:00;01.09.2024 15:00;46,85
01.09.2024 15:00;01.09.2024 16:00;92,61
01.09.2024 16:00;01.09.2024 17:00;82,63
01.09.2024 17:00;01.09.2024 18:00;91,69
01.09.2024 18:00;01.09.2024 19:00;80,77
01.09.2024 19:00;01.09.2024 20:00;108,09
01.09.2024 20:00;01.09.2024 21:00;81,62
01.09.2024 21:00;01.09.2024 22:00;69,48
01.09.2024 22:00;01.09.2024 23:00;82,69
01.09.2024 23:00;02.09.2024 00:00;74,19
02.09.2024 00:00;02.09.2024 01:00;69,42
02.09.2024 01:00;02.09.2024 02:00;50,88
02.09.2024 02:00;02.09.2024 03:00;55,24
02.09.2024 03:00;02.09.2024 04:00;57,07
02.09.2024 04:00;02.09.2024 05:00;70,58
02.09.2024 05:00;02.09.2024 06:00;85,09
02.09.2024 06:00;02.09.2024 07:00;78,10
02.09.2024 07:00;02.09.2024 08:00;105,25
02.09.2024 08:00;02.09.2024 09:00;97,79
02.09.2024 09:00;02.09.2024 10:00;84,04
02.09.2024 10:00;02.09.2024 11:00;88,75
02.09.2024 11:00;02.09.2024 12:00;83,28
02.09.2024 12:00;02.09.2024 13:00;68,77
02.09.2024 13:00;02.09.2024 14:00;50,86
02.09.2024 14:00;02.09.2024 15:00;45,35
02.09.2024 15:00;02.09.2024 16:00;60,95
02.09.2024 16:00;02.09.2024 17:00;87,73
02.09.2024 17:00;02.09.2024 18:00;111,83
02.09.2024 18:00;02.09.2024 19:00;101,64
02.09.2024 19:00;02.09.2024 20:00;100,54
02.09.2024 20:00;02.09.2024 21:00;88,58
02.09.2024 21:00;02.09.2024 22:00;73,63
02.09.2024 22:00;02.09.2024 23:00;65,69
02.09.2024 23:00;03.09.2024 00:00;62,23
03.09.2024 00:00;03.09.2024 01:00;76,77
03.09.2024 01:00;03.09.2024 02:00;52,67
03.09.2024 02:00;03.09.2024 03:00;56,81
03.09.2024 03:00;03.09.2024 04:00;47,72
03.09.2024 04:00;03.09.2024 05:00;70,11
03.09.2024 05:00;03.09.2024 06:00;83,17
03.09.2024 06:00;03.09.2024 07:00;93,49
03.09.2024 07:00;03.09.2024 08:00;84,31
03.09.2024 08:00;03.09.2024 09:00;94,24
03.09.2024 09:00;03.09.2024 10:00;85,34
03.09.2024 10:00;03.09.2024 11:00;85,47
03.09.2024 11:00;03.09.2024 12:00;66,90
03.09.2024 12:00;03.09.2024 13:00;45,81
03.09.2024 13:00;03.09.2024 14:00;38,59
03.09.2024 14:00;03.09.2024 15:00;50,78
03.09.2024 15:00;03.09.2024 16:00;60,34
03.09.2024 16:00;03.09.2024 17:00;78,23
03.09.2024 17:00;03.09.2024 18:00;112,55
03.09.2024 18:00;03.09.2024 19:00;129,29
03.09.2024 19:00;03.09.2024 20:00;80,95
03.09.2024 20:00;03.09.2024 21:00;73,17
03.09.2024 21:00;03.09.2024 22:00;66,40
03.09.2024 22:00;03.09.2024 23:00;66,71
03.09.2024 23:00;04.09.2024 00:00;71,68
04.09.2024 00:00;04.09.2024 01:00;63,57
04.09.2024 01:00;04.09.2024 02:00;57,93
04.09.2024 02:00;04.09.2024 03:00;62,85
04.09.2024 03:00;04.09.2024 04:00;50,13
04.09.2024 04:00;04.09.2024 05:00;58,90
04.09.2024 05:00;04.09.2024 06:00;66,86
04.09.2024 06:00;04.09.2024 07:00;55,32
04.09.2024 07:00;04.09.2024 08:00;68,26
04.09.2024 08:00;04.09.2024 09:00;74,21
04.09.2024 09:00;04.09.2024 10:00;96,68
04.09.2024 10:00;04.09.2024 11:00;82,40
04.09.2024 11:00;04.09.2024 12:00;70,79
04.09.2024 12:00;04.09.2024 13:00;23,36
04.09.2024 13:00;04.09.2024 14:00;19,46
04.09.2024 14:00;04.09.2024 15:00;53,65
04.09.2024 15:00;04.09.2024 16:00;30,85
04.09.2024 16:00;04.09.2024 17:00;96,16
04.09.2024 17:00;04.09.2024 18:00;70,51
04.09.2024 18:00;04.09.2024 19:00;107,21
04.09.2024 19:00;04.09.2024 20:00;85,07
04.09.2024 20:00;04.09.2024 21:00;101,19
04.09.2024 21:00;04.09.2024 22:00;116,71
04.09.2024 22:00;04.09.2024 23:00;41,00
04.09.2024 23:00;05.09.2024 00:00;69,60
05.09.2024 00:00;05.09.2024 01:00;35,11
05.09.2024 01:00;05.09.2024 02:00;61,32
05.09.2024 02:00;05.09.2024 03:00;54,35
05.09.2024 03:00;05.09.2024 04:00;60,32
05.09.2024 04:00;05.09.2024 05:00;51,22
05.09.2024 05:00;05.09.2024 06:00;76,79
05.09.2024 06:00;05.09.2024 07:00;57,28
05.09.2024 07:00;05.09.2024 08:00;97,43
05.09.2024 08:00;05.09.2024 09:00;83,09
05.09.2024 09:00;05.09.2024 10:00;71,01
05.09.2024 10:00;05.09.2024 11:00;98,93
05.09.2024 11:00;05.09.2024 12:00;62,98
05.09.2024 12:00;05.09.2024 13:00;68,66
05.09.2024 13:00;05.09.2024 14:00;52,25
05.09.2024 14:00;05.09.2024 15:00;36,44
05.09.2024 15:00;05.09.2024 16:00;63,51
05.09.2024 16:00;05.09.2024 17:00;83,25
05.09.2024 17:00;05.09.2024 18:00;111,04
05.09.2024 18:00;05.09.2024 19:00;102,67
05.09.2024 19:00;05.09.2024 20:00;98,18
05.09.2024 20:00;05.09.2024 21:00;86,54
05.09.2024 21:00;05.09.2024 22:00;77,93
05.09.2024 22:00;05.09.2024 23:00;84,27
05.09.2024 23:00;06.09.2024 00:00;61,63
06.09.2024 00:00;06.09.2024 01:00;52,41
06.09.2024 01:00;06.09.2024 02:00;49,76
06.09.2024 02:00;06.09.2024 03:00;50,53
06.09.2024 03:00;06.09.2024 04:00;42,27
06.09.2024 04:00;06.09.2024 05:00;53,50
06.09.2024 05:00;06.09.2024 06:00;85,74
06.09.2024 06:00;06.09.2024 07:00;72,51
06.09.2024 07:00;06.09.2024 08:00;91,31
06.09.2024 08:00;06.09.2024 09:00;58,59
06.09.2024 09:00;06.09.2024 10:00;95,00
06.09.2024 10:00;06.09.2024 11:00;78,19
06.09.2024 11:00;06.09.2024 12:00;58,35
06.09.2024 12:00;06.09.2024 13:00;48,28
06.09.2024 13:00;06.09.2024 14:00;31,98
06.09.2024 14:00;06.09.2024 15:00;20,87
06.09.2024 15:00;06.09.2024 16:00;75,93
06.09.2024 16:00;06.09.2024 17:00;85,05
06.09.2024 17:00;06.09.2024 18:00;89,29
06.09.2024 18:00;06.09.2024 19:00;86,16
06.09.2024 19:00;06.09.2024 20:00;78,76
06.09.2024 20:00;06.09.2024 21:00;91,96
06.09.2024 21:00;06.09.2024 22:00;98,24
06.09.2024 22:00;06.09.2024 23:00;71,39
06.09.2024 23:00;07.09.2024 00:00;45,33
07.09.2024 00:00;07.09.2024 01:00;60,19
07.09.2024 01:00;07.09.2024 02:00;56,24
07.09.2024 02:00;07.09.2024 03:00;67,88
07.09.2024 03:00;07.09.2024 04:00;66,72
07.09.2024 04:00;07.09.2024 05:00;27,01
07.09.2024 05:00;07.09.2024 06:00;74,65
07.09.2024 06:00;07.09.2024 07:00;63,29
07.09.2024 07:00;07.09.2024 08:00;66,14
07.09.2024 08:00;07.09.2024 09:00;86,42
07.09.2024 09:00;07.09.2024 10:00;93,45
07.09.2024 10:00;07.09.2024 11:00;60,78
07.09.2024 11:00;07.09.2024 12:00;72,92
07.09.2024 12:00;07.09.2024 13:00;55,61
07.09.2024 13:00;07.09.2024 14:00;38,84
07.09.2024 14:00;07.09.2024 15:00;36,28
07.09.2024 15:00;07.09.2024 16:00;53,45
07.09.2024 16:00;07.09.2024 17:00;94,78
07.09.2024 17:00;07.09.2024 18:00;75,26
07.09.2024 18:00;07.09.2024 19:00;110,87
07.09.2024 19:00;07.09.2024 20:00;94,75
07.09.2024 20:00;07.09.2024 21:00;88,46
07.09.2024 21:00;07.09.2024 22:00;58,72
07.09.2024 22:00;07.09.2024 23:00;67,53
07.09.2024 23:00;08.09.2024 00:00;69,63
08.09.2024 00:00;08.09.2024 01:00;41,80
08.09.2024 01:00;08.09.2024 02:00;63,20
08.09.2024 02:00;08.09.2024 03:00;58,92
08.09.2024 03:00;08.09.2024 04:00;52,06
08.09.2024 04:00;08.09.2024 05:00;73,44
08.09.2024 05:00;08.09.2024 06:00;42,02
08.09.2024 06:00;08.09.2024 07:00;79,84
08.09.2024 07:00;08.09.2024 08:00;102,98
08.09.2024 08:00;08.09.2024 09:00;106,30
08.09.2024 09:00;08.09.2024 10:00;93,54
08.09.2024 10:00;08.09.2024 11:00;77,19
08.09.2024 11:00;08.09.2024 12:00;57,18
08.09.2024 12:00;08.09.2024 13:00;43,16
08.09.2024 13:00;08.09.2024 14:00;45,14
08.09.2024 14:00;08.09.2024 15:00;37,35
08.09.2024 15:00;08.09.2024 16:00;74,64
08.09.2024 16:00;08.09.2024 17:00;108,41
08.09.2024 17:00;08.09.2024 18:00;93,00
08.09.2024 18:00;08.09.2024 19:00;82,31
08.09.2024 19:00;08.09.2024 20:00;80,95
08.09.2024 20:00;08.09.2024 21:00;99,28
08.09.2024 21:00;08.09.2024 22:00;78,84
08.09.2024 22:00;08.09.2024 23:00;80,15
08.09.2024 23:00;09.09.2024 00:00;56,20
09.09.2024 00:00;09.09.2024 01:00;68,15
09.09.2024 01:00;09.09.2024 02:00;55,67
09.09.2024 02:00;09.09.2024 03:00;49,42
09.09.2024 03:00;09.09.2024 04:00;55,32
09.09.2024 04:00;09.09.2024 05:00;49,17
09.09.2024 05:00;09.09.2024 06:00;92,67
09.09.2024 06:00;09.09.2024 07:00;74,87
09.09.2024 07:00;09.09.2024 08:00;91,63
09.09.2024 08:00;09.09.2024 09:00;82,93
09.09.2024 09:00;09.09.2024 10:00;76,59
09.09.2024 10:00;09.09.2024 11:00;78,35
09.09.2024 11:00;09.09.2024 12:00;78,37
09.09.2024 12:00;09.09.2024 13:00;40,89
09.09.2024 13:00;09.09.2024 14:00;28,52
09.09.2024 14:00;09.09.2024 15:00;49,25
09.09.2024 15:00;09.09.2024 16:00;71,89
09.09.2024 16:00;09.09.2024 17:00;102,88
09.09.2024 17:00;09.09.2024 18:00;98,33
09.09.2024 18:00;09.09.2024 19:00;106,52
09.09.2024 19:00;09.09.2024 20:00;106,06
09.09.2024 20:00;09.09.2024 21:00;76,47
09.09.2024 21:00;09.09.2024 22:00;68,35
09.09.2024 22:00;09.09.2024 23:00;56,98
09.09.2024 23:00;10.09.2024 00:00;46,97
10.09.2024 00:00;10.09.2024 01:00;68,08
10.09.2024 01:00;10.09.2024 02:00;61,40
10.09.2024 02:00;10.09.2024 03:00;59,51
10.09.2024 03:00;10.09.2024 04:00;29,38
10.09.2024 04:00;10.09.2024 05:00;88,55
10.09.2024 05:00;10.09.2024 06:00;58,42
10.09.2024 06:00;10.09.2024 07:00;101,00
10.09.2024 07:00;10.09.2024 08:00;66,86
10.09.2024 08:00;10.09.2024 09:00;79,98
10.09.2024 09:00;10.09.2024 10:00;63,13
10.09.2024 10:00;10.09.2024 11:00;85,86
10.09.2024 11:00;10.09.2024 12:00;52,30
10.09.2024 12:00;10.09.2024 13:00;34,62
10.09.2024 13:00;10.09.2024 14:00;22,85
10.09.2024 14:00;10.09.2024 15:00;57,07
10.09.2024 15:00;10.09.2024 16:00;74,79
10.09.2024 16:00;10.09.2024 17:00;105,26
10.09.2024 17:00;10.09.2024 18:00;86,21
10.09.2024 18:00;10.09.2024 19:00;101,77
10.09.2024 19:00;10.09.2024 20:00;82,31
10.09.2024 20:00;10.09.2024 21:00;86,64
10.09.2024 21:00;10.09.2024 22:00;74,04
10.09.2024 22:00;10.09.2024 23:00;75,91
10.09.2024 23:00;11.09.2024 00:00;75,51
11.09.2024 00:00;11.09.2024 01:00;70,79
11.09.2024 01:00;11.09.2024 02:00;48,17
11.09.2024 02:00;11.09.2024 03:00;70,90
11.09.2024 03:00;11.09.2024 04:00;60,32
11.09.2024 04:00;11.09.2024 05:00;60,35
11.09.2024 05:00;11.09.2024 06:00;61,01
11.09.2024 06:00;11.09.2024 07:00;70,02
11.09.2024 07:00;11.09.2024 08:00;105,52
11.09.2024 08:00;11.09.2024 09:00;93,77
11.09.2024 09:00;11.09.2024 10:00;92,02
11.09.2024 10:00;11.09.2024 11:00;78,72
11.09.2024 11:00;11.09.2024 12:00;95,22
11.09.2024 12:00;11.09.2024 13:00;63,51
11.09.2024 13:00;11.09.2024 14:00;31,03
11.09.2024 14:00;11.09.2024 15:00;44,82
11.09.2024 15:00;11.09.2024 16:00;64,04
11.09.2024 16:00;11.09.2024 17:00;85,63
11.09.2024 17:00;11.09.2024 18:00;86,39
11.09.2024 18:00;11.09.2024 19:00;104,77
11.09.2024 19:00;11.09.2024 20:00;115,57
11.09.2024 20:00;11.09.2024 21:00;75,26
11.09.2024 21:00;11.09.2024 22:00;67,08
11.09.2024 22:00;11.09.2024 23:00;64,90
11.09.2024 23:00;12.09.2024 00:00;58,43
12.09.2024 00:00;12.09.2024 01:00;83,24
12.09.2024 01:00;12.09.2024 02:00;70,66
12.09.2024 02:00;12.09.2024 03:00;70,61
12.09.2024 03:00;12.09.2024 04:00;58,03
12.09.2024 04:00;12.09.2024 05:00;61,17
12.09.2024 05:00;12.09.2024 06:00;52,45
12.09.2024 06:00;12.09.2024 07:00;86,48
12.09.2024 07:00;12.09.2024 08:00;90,86
12.09.2024 08:00;12.09.2024 09:00;105,88
12.09.2024 09:00;12.09.2024 10:00;87,75
12.09.2024 10:00;12.09.2024 11:00;80,53
12.09.2024 11:00;12.09.2024 12:00;68,27
12.09.2024 12:00;12.09.2024 13:00;58,92
12.09.2024 13:00;12.09.2024 14:00;22,40
12.09.2024 14:00;12.09.2024 15:00;57,29
12.09.2024 15:00;12.09.2024 16:00;66,73
12.09.2024 16:00;12.09.2024 17:00;71,54
12.09.2024 17:00;12.09.2024 18:00;70,15
12.09.2024 18:00;12.09.2024 19:00;98,22
12.09.2024 19:00;12.09.2024 20:00;115,88
12.09.2024 20:00;12.09.2024 21:00;111,48
12.09.2024 21:00;12.09.2024 22:00;85,25
12.09.2024 22:00;12.09.2024 23:00;94,60
12.09.2024 23:00;13.09.2024 00:00;63,51
13.09.2024 00:00;13.09.2024 01:00;71,06
13.09.2024 01:00;13.09.2024 02:00;53,59
13.09.2024 02:00;13.09.2024 03:00;53,47
13.09.2024 03:00;13.09.2024 04:00;53,44
13.09.2024 04:00;13.09.2024 05:00;40,25
13.09.2024 05:00;13.09.2024 06:00;85,68
13.09.2024 06:00;13.09.2024 07:00;69,77
13.09.2024 07:00;13.09.2024 08:00;75,72
13.09.2024 08:00;13.09.2024 09:00;76,65
13.09.2024 09:00;13.09.2024 10:00;88,20
13.09.2024 10:00;13.09.2024 11:00;103,76
13.09.2024 11:00;13.09.2024 12:00;91,72
13.09.2024 12:00;13.09.2024 13:00;28,65
13.09.2024 13:00;13.09.2024 14:00;36,15
13.09.2024 14:00;13.09.2024 15:00;36,42
13.09.2024 15:00;13.09.2024 16:00;79,20
13.09.2024 16:00;13.09.2024 17:00;88,04
13.09.2024 17:00;13.09.2024 18:00;87,89
13.09.2024 18:00;13.09.2024 19:00;101,10
13.09.2024 19:00;13.09.2024 20:00;93,14
13.09.2024 20:00;13.09.2024 21:00;111,12
13.09.2024 21:00;13.09.2024 22:00;87,91
13.09.2024 22:00;13.09.2024 23:00;79,46
13.09.2024 23:00;14.09.2024 00:00;32,39
14.09.2024 00:00;14.09.2024 01:00;59,19
14.09.2024 01:00;14.09.2024 02:00;84,38
14.09.2024 02:00;14.09.2024 03:00;75,93
14.09.2024 03:00;14.09.2024 04:00;39,78
14.09.2024 04:00;14.09.2024 05:00;61,58
14.09.2024 05:00;14.09.2024 06:00;56,19
14.09.2024 06:00;14.09.2024 07:00;98,37
14.09.2024 07:00;14.09.2024 08:00;88,64
14.09.2024 08:00;14.09.2024 09:00;81,97
14.09.2024 09:00;14.09.2024 10:00;91,43
14.09.2024 10:00;14.09.2024 11:00;51,68
14.09.2024 11:00;14.09.2024 12:00;53,95
14.09.2024 12:00;14.09.2024 13:00;49,39
14.09.2024 13:00;14.09.2024 14:00;50,92
14.09.2024 14:00;14.09.2024 15:00;25,90
14.09.2024 15:00;14.09.2024 16:00;63,13
14.09.2024 16:00;14.09.2024 17:00;97,09
14.09.2024 17:00;14.09.2024 18:00;78,48
14.09.2024 18:00;14.09.2024 19:00;103,35
14.09.2024 19:00;14.09.2024 20:00;100,03
14.09.2024 20:00;14.09.2024 21:00;112,69
14.09.2024 21:00;14.09.2024 22:00;78,96
14.09.2024 22:00;14.09.2024 23:00;69,73
14.09.2024 23:00;15.09.2024 00:00;75,02
15.09.2024 00:00;15.09.2024 01:00;44,45
15.09.2024 01:00;15.09.2024 02:00;57,10
15.09.2024 02:00;15.09.2024 03:00;54,92
15.09.2024 03:00;15.09.2024 04:00;60,65
15.09.2024 04:00;15.09.2024 05:00;75,90
15.09.2024 05:00;15.09.2024 06:00;77,63
15.09.2024 06:00;15.09.2024 07:00;69,22
15.09.2024 07:00;15.09.2024 08:00;87,72
15.09.2024 08:00;15.09.2024 09:00;109,44
15.09.2024 09:00;15.09.2024 10:00;81,42
15.09.2024 10:00;15.09.2024 11:00;85,08
15.09.2024 11:00;15.09.2024 12:00;65,02
15.09.2024 12:00;15.09.2024 13:00;48,57
15.09.2024 13:00;15.09.2024 14:00;21,58
15.09.2024 14:00;15.09.2024 15:00;66,50
15.09.2024 15:00;15.09.2024 16:00;58,79
15.09.2024 16:00;15.09.2024 17:00;97,66
15.09.2024 17:00;15.09.2024 18:00;88,81
15.09.2024 18:00;15.09.2024 19:00;93,46
15.09.2024 19:00;15.09.2024 20:00;114,17
15.09.2024 20:00;15.09.2024 21:00;104,42
15.09.2024 21:00;15.09.2024 22:00;84,60
15.09.2024 22:00;15.09.2024 23:00;81,30
15.09.2024 23:00;16.09.2024 00:00;61,68
16.09.2024 00:00;16.09.2024 01:00;60,64
16.09.2024 01:00;16.09.2024 02:00;52,19
16.09.2024 02:00;16.09.2024 03:00;71,61
16.09.2024 03:00;16.09.2024 04:00;54,37
16.09.2024 04:00;16.09.2024 05:00;83,91
16.09.2024 05:00;16.09.2024 06:00;67,57
16.09.2024 06:00;16.09.2024 07:00;78,83
16.09.2024 07:00;16.09.2024 08:00;95,56
16.09.2024 08:00;16.09.2024 09:00;92,22
16.09.2024 09:00;16.09.2024 10:00;88,19
16.09.2024 10:00;16.09.2024 11:00;83,36
16.09.2024 11:00;16.09.2024 12:00;78,44
16.09.2024 12:00;16.09.2024 13:00;41,75
16.09.2024 13:00;16.09.2024 14:00;40,01
16.09.2024 14:00;16.09.2024 15:00;50,07
16.09.2024 15:00;16.09.2024 16:00;78,83
16.09.2024 16:00;16.09.2024 17:00;84,53
16.09.2024 17:00;16.09.2024 18:00;118,35
16.09.2024 18:00;16.09.2024 19:00;99,47
16.09.2024 19:00;16.09.2024 20:00;97,14
16.09.2024 20:00;16.09.2024 21:00;90,81
16.09.2024 21:00;16.09.2024 22:00;66,67
16.09.2024 22:00;16.09.2024 23:00;60,10
16.09.2024 23:00;17.09.2024 00:00;59,15
17.09.2024 00:00;17.09.2024 01:00;74,75
17.09.2024 01:00;17.09.2024 02:00;60,11
17.09.2024 02:00;17.09.2024 03:00;55,33
17.09.2024 03:00;17.09.2024 04:00;77,79
17.09.2024 04:00;17.09.2024 05:00;85,09
17.09.2024 05:00;17.09.2024 06:00;86,80
17.09.2024 06:00;17.09.2024 07:00;68,73
17.09.2024 07:00;17.09.2024 08:00;80,89
17.09.2024 08:00;17.09.2024 09:00;114,08
17.09.2024 09:00;17.09.2024 10:00;95,04
17.09.2024 10:00;17.09.2024 11:00;80,89
17.09.2024 11:00;17.09.2024 12:00;76,72
17.09.2024 12:00;17.09.2024 13:00;62,17
17.09.2024 13:00;17.09.2024 14:00;35,05
17.09.2024 14:00;17.09.2024 15:00;52,96
17.09.2024 15:00;17.09.2024 16:00;79,96
17.09.2024 16:00;17.09.2024 17:00;72,18
17.09.2024 17:00;17.09.2024 18:00;97,18
17.09.2024 18:00;17.09.2024 19:00;88,35
17.09.2024 19:00;17.09.2024 20:00;88,57
17.09.2024 20:00;17.09.2024 21:00;86,49
17.09.2024 21:00;17.09.2024 22:00;88,57
17.09.2024 22:00;17.09.2024 23:00;69,06
17.09.2024 23:00;18.09.2024 00:00;58,11
18.09.2024 00:00;18.09.2024 01:00;62,12
18.09.2024 01:00;18.09.2024 02:00;47,13
18.09.2024 02:00;18.09.2024 03:00;66,67
18.09.2024 03:00;18.09.2024 04:00;77,03
18.09.2024 04:00;18.09.2024 05:00;65,91
18.09.2024 05:00;18.09.2024 06:00;69,69
18.09.2024 06:00;18.09.2024 07:00;83,83
18.09.2024 07:00;18.09.2024 08:00;62,88
18.09.2024 08:00;18.09.2024 09:00;99,14
18.09.2024 09:00;18.09.2024 10:00;129,76
18.09.2024 10:00;18.09.2024 11:00;83,01
18.09.2024 11:00;18.09.2024 12:00;67,05
18.09.2024 12:00;18.09.2024 13:00;59,39
18.09.2024 13:00;18.09.2024 14:00;62,03
18.09.2024 14:00;18.09.2024 15:00;62,41
18.09.2024 15:00;18.09.2024 16:00;43,35
18.09.2024 16:00;18.09.2024 17:00;93,25
18.09.2024 17:00;18.09.2024 18:00;128,28
18.09.2024 18:00;18.09.2024 19:00;109,58
18.09.2024 19:00;18.09.2024 20:00;86,90
18.09.2024 20:00;18.09.2024 21:00;97,01
18.09.2024 21:00;18.09.2024 22:00;67,86
18.09.2024 22:00;18.09.2024 23:00;88,10
18.09.2024 23:00;19.09.2024 00:00;54,81
19.09.2024 00:00;19.09.2024 01:00;62,78
19.09.2024 01:00;19.09.2024 02:00;50,99
19.09.2024 02:00;19.09.2024 03:00;55,36
19.09.2024 03:00;19.09.2024 04:00;81,68
19.09.2024 04:00;19.09.2024 05:00;68,49
19.09.2024 05:00;19.09.2024 06:00;65,80
19.09.2024 06:00;19.09.2024 07:00;65,99
19.09.2024 07:00;19.09.2024 08:00;65,15
19.09.2024 08:00;19.09.2024 09:00;78,07
19.09.2024 09:00;19.09.2024 10:00;94,26
19.09.2024 10:00;19.09.2024 11:00;96,63
19.09.2024 11:00;19.09.2024 12:00;62,14
19.09.2024 12:00;19.09.2024 13:00;69,70
19.09.2024 13:00;19.09.2024 14:00;34,07
19.09.2024 14:00;19.09.2024 15:00;48,24
19.09.2024 15:00;19.09.2024 16:00;56,65
19.09.2024 16:00;19.09.2024 17:00;98,77
19.09.2024 17:00;19.09.2024 18:00;122,97
19.09.2024 18:00;19.09.2024 19:00;81,36
19.09.2024 19:00;19.09.2024 20:00;96,99
19.09.2024 20:00;19.09.2024 21:00;109,20
19.09.2024 21:00;19.09.2024 22:00;66,26
19.09.2024 22:00;19.09.2024 23:00;80,49
19.09.2024 23:00;20.09.2024 00:00;81,32
20.09.2024 00:00;20.09.2024 01:00;63,22
20.09.2024 01:00;20.09.2024 02:00;68,27
20.09.2024 02:00;20.09.2024 03:00;83,44
20.09.2024 03:00;20.09.2024 04:00;87,62
20.09.2024 04:00;20.09.2024 05:00;66,89
20.09.2024 05:00;20.09.2024 06:00;66,51
20.09.2024 06:00;20.09.2024 07:00;69,09
20.09.2024 07:00;20.09.2024 08:00;99,72
20.09.2024 08:00;20.09.2024 09:00;77,01
20.09.2024 09:00;20.09.2024 10:00;90,28
20.09.2024 10:00;20.09.2024 11:00;86,49
20.09.2024 11:00;20.09.2024 12:00;63,22
20.09.2024 12:00;20.09.2024 13:00;54,60
20.09.2024 13:00;20.09.2024 14:00;73,84
20.09.2024 14:00;20.09.2024 15:00;50,03
20.09.2024 15:00;20.09.2024 16:00;64,77
20.09.2024 16:00;20.09.2024 17:00;99,45
20.09.2024 17:00;20.09.2024 18:00;101,07
20.09.2024 18:00;20.09.2024 19:00;120,16
20.09.2024 19:00;20.09.2024 20:00;103,51
20.09.2024 20:00;20.09.2024 21:00;91,43
20.09.2024 21:00;20.09.2024 22:00;62,61
20.09.2024 22:00;20.09.2024 23:00;54,65
20.09.2024 23:00;21.09.2024 00:00;45,03
21.09.2024 00:00;21.09.2024 01:00;67,23
21.09.2024 01:00;21.09.2024 02:00;45,72
21.09.2024 02:00;21.09.2024 03:00;77,77
21.09.2024 03:00;21.09.2024 04:00;64,99
21.09.2024 04:00;21.09.2024 05:00;65,10
21.09.2024 05:00;21.09.2024 06:00;63,17
21.09.2024 06:00;21.09.2024 07:00;87,99
21.09.2024 07:00;21.09.2024 08:00;78,74
21.09.2024 08:00;21.09.2024 09:00;82,04
21.09.2024 09:00;21.09.2024 10:00;107,96
21.09.2024 10:00;21.09.2024 11:00;89,91
21.09.2024 11:00;21.09.2024 12:00;66,83
21.09.2024 12:00;21.09.2024 13:00;59,33
21.09.2024 13:00;21.09.2024 14:00;43,57
21.09.2024 14:00;21.09.2024 15:00;56,48
21.09.2024 15:00;21.09.2024 16:00;60,59
21.09.2024 16:00;21.09.2024 17:00;112,50
21.09.2024 17:00;21.09.2024 18:00;91,63
21.09.2024 18:00;21.09.2024 19:00;121,95
21.09.2024 19:00;21.09.2024 20:00;99,66
21.09.2024 20:00;21.09.2024 21:00;104,49
21.09.2024 21:00;21.09.2024 22:00;93,21
21.09.2024 22:00;21.09.2024 23:00;88,24
21.09.2024 23:00;22.09.2024 00:00;57,36
22.09.2024 00:00;22.09.2024 01:00;75,98
22.09.2024 01:00;22.09.2024 02:00;84,62
22.09.2024 02:00;22.09.2024 03:00;59,99
22.09.2024 03:00;22.09.2024 04:00;65,44
22.09.2024 04:00;22.09.2024 05:00;62,14
22.09.2024 05:00;22.09.2024 06:00;69,53
22.09.2024 06:00;22.09.2024 07:00;101,45
22.09.2024 07:00;22.09.2024 08:00;76,74
22.09.2024 08:00;22.09.2024 09:00;82,96
22.09.2024 09:00;22.09.2024 10:00;113,43
22.09.2024 10:00;22.09.2024 11:00;93,54
22.09.2024 11:00;22.09.2024 12:00;95,49
22.09.2024 12:00;22.09.2024 13:00;46,63
22.09.2024 13:00;22.09.2024 14:00;45,37
22.09.2024 14:00;22.09.2024 15:00;44,35
22.09.2024 15:00;22.09.2024 16:00;72,51
22.09.2024 16:00;22.09.2024 17:00;66,77
22.09.2024 17:00;22.09.2024 18:00;107,20
22.09.2024 18:00;22.09.2024 19:00;107,56
22.09.2024 19:00;22.09.2024 20:00;101,63
22.09.2024 20:00;22.09.2024 21:00;90,51
22.09.2024 21:00;22.09.2024 22:00;74,06
22.09.2024 22:00;22.09.2024 23:00;83,60
22.09.2024 23:00;23.09.2024 00:00;53,79
23.09.2024 00:00;23.09.2024 01:00;69,61
23.09.2024 01:00;23.09.2024 02:00;87,75
23.09.2024 02:00;23.09.2024 03:00;81,32
23.09.2024 03:00;23.09.2024 04:00;47,36
23.09.2024 04:00;23.09.2024 05:00;62,38
23.09.2024 05:00;23.09.2024 06:00;79,14
23.09.2024 06:00;23.09.2024 07:00;80,47
23.09.2024 07:00;23.09.2024 08:00;72,39
23.09.2024 08:00;23.09.2024 09:00;99,29
23.09.2024 09:00;23.09.2024 10:00;94,38
23.09.2024 10:00;23.09.2024 11:00;109,42
23.09.2024 11:00;23.09.2024 12:00;67,41
23.09.2024 12:00;23.09.2024 13:00;66,45
23.09.2024 13:00;23.09.2024 14:00;29,05
23.09.2024 14:00;23.09.2024 15:00;40,34
23.09.2024 15:00;23.09.2024 16:00;79,85
23.09.2024 16:00;23.09.2024 17:00;101,46
23.09.2024 17:00;23.09.2024 18:00;87,89
23.09.2024 18:00;23.09.2024 19:00;104,37
23.09.2024 19:00;23.09.2024 20:00;86,14
23.09.2024 20:00;23.09.2024 21:00;93,42
23.09.2024 21:00;23.09.2024 22:00;95,24
23.09.2024 22:00;23.09.2024 23:00;70,05
23.09.2024 23:00;24.09.2024 00:00;65,26
24.09.2024 00:00;24.09.2024 01:00;50,31
24.09.2024 01:00;24.09.2024 02:00;55,48
24.09.2024 02:00;24.09.2024 03:00;84,99
24.09.2024 03:00;24.09.2024 04:00;66,70
24.09.2024 04:00;24.09.2024 05:00;57,20
24.09.2024 05:00;24.09.2024 06:00;70,71
24.09.2024 06:00;24.09.2024 07:00;62,55
24.09.2024 07:00;24.09.2024 08:00;77,42
24.09.2024 08:00;24.09.2024 09:00;111,39
24.09.2024 09:00;24.09.2024 10:00;93,19
24.09.2024 10:00;24.09.2024 11:00;109,54
24.09.2024 11:00;24.09.2024 12:00;69,70
24.09.2024 12:00;24.09.2024 13:00;52,40
24.09.2024 13:00;24.09.2024 14:00;52,35
24.09.2024 14:00;24.09.2024 15:00;21,01
24.09.2024 15:00;24.09.2024 16:00;74,05
24.09.2024 16:00;24.09.2024 17:00;88,27
24.09.2024 17:00;24.09.2024 18:00;117,61
24.09.2024 18:00;24.09.2024 19:00;116,06
24.09.2024 19:00;24.09.2024 20:00;89,52
24.09.2024 20:00;24.09.2024 21:00;110,91
24.09.2024 21:00;24.09.2024 22:00;82,45
24.09.2024 22:00;24.09.2024 23:00;64,82
24.09.2024 23:00;25.09.2024 00:00;71,01
25.09.2024 00:00;25.09.2024 01:00;61,84
25.09.2024 01:00;25.09.2024 02:00;82,13
25.09.2024 02:00;25.09.2024 03:00;68,39
25.09.2024 03:00;25.09.2024 04:00;68,70
25.09.2024 04:00;25.09.2024 05:00;80,44
25.09.2024 05:00;25.09.2024 06:00;88,01
25.09.2024 06:00;25.09.2024 07:00;91,53
25.09.2024 07:00;25.09.2024 08:00;107,03
25.09.2024 08:00;25.09.2024 09:00;102,77
25.09.2024 09:00;25.09.2024 10:00;97,32
25.09.2024 10:00;25.09.2024 11:00;102,12
25.09.2024 11:00;25.09.2024 12:00;70,16
25.09.2024 12:00;25.09.2024 13:00;53,64
25.09.2024 13:00;25.09.2024 14:00;65,72
25.09.2024 14:00;25.09.2024 15:00;72,95
25.09.2024 15:00;25.09.2024 16:00;71,90
25.09.2024 16:00;25.09.2024 17:00;83,82
25.09.2024 17:00;25.09.2024 18:00;117,74
25.09.2024 18:00;25.09.2024 19:00;114,49
25.09.2024 19:00;25.09.2024 20:00;107,31
25.09.2024 20:00;25.09.2024 21:00;92,54
25.09.2024 21:00;25.09.2024 22:00;89,99
25.09.2024 22:00;25.09.2024 23:00;75,82
25.09.2024 23:00;26.09.2024 00:00;61,08
26.09.2024 00:00;26.09.2024 01:00;66,23
26.09.2024 01:00;26.09.2024 02:00;67,26
26.09.2024 02:00;26.09.2024 03:00;60,20
26.09.2024 03:00;26.09.2024 04:00;77,48
26.09.2024 04:00;26.09.2024 05:00;85,50
26.09.2024 05:00;26.09.2024 06:00;86,94
26.09.2024 06:00;26.09.2024 07:00;79,23
26.09.2024 07:00;26.09.2024 08:00;99,60
26.09.2024 08:00;26.09.2024 09:00;97,66
26.09.2024 09:00;26.09.2024 10:00;84,71
26.09.2024 10:00;26.09.2024 11:00;108,01
26.09.2024 11:00;26.09.2024 12:00;101,65
26.09.2024 12:00;26.09.2024 13:00;131,32
26.09.2024 13:00;26.09.2024 14:00;117,96
26.09.2024 14:00;26.09.2024 15:00;108,98
26.09.2024 15:00;26.09.2024 16:00;103,63
26.09.2024 16:00;26.09.2024 17:00;103,91
26.09.2024 17:00;26.09.2024 18:00;92,37
26.09.2024 18:00;26.09.2024 19:00;85,28
26.09.2024 19:00;26.09.2024 20:00;93,60
26.09.2024 20:00;26.09.2024 21:00;96,25
26.09.2024 21:00;26.09.2024 22:00;61,15
26.09.2024 22:00;26.09.2024 23:00;69,95
26.09.2024 23:00;27.09.2024 00:00;66,49
27.09.2024 00:00;27.09.2024 01:00;62,51
27.09.2024 01:00;27.09.2024 02:00;56,54
27.09.2024 02:00;27.09.2024 03:00;61,02
27.09.2024 03:00;27.09.2024 04:00;87,73
27.09.2024 04:00;27.09.2024 05:00;78,39
27.09.2024 05:00;27.09.2024 06:00;68,99
27.09.2024 06:00;27.09.2024 07:00;82,13
27.09.2024 07:00;27.09.2024 08:00;90,60
27.09.2024 08:00;27.09.2024 09:00;87,92
27.09.2024 09:00;27.09.2024 10:00;90,71
27.09.2024 10:00;27.09.2024 11:00;112,47
27.09.2024 11:00;27.09.2024 12:00;95,27
27.09.2024 12:00;27.09.2024 13:00;87,47
27.09.2024 13:00;27.09.2024 14:00;100,36
27.09.2024 14:00;27.09.2024 15:00;102,27
27.09.2024 15:00;27.09.2024 16:00;77,38
27.09.2024 16:00;27.09.2024 17:00;101,86
27.09.2024 17:00;27.09.2024 18:00;115,24
27.09.2024 18:00;27.09.2024 19:00;111,97
27.09.2024 19:00;27.09.2024 20:00;131,24
27.09.2024 20:00;27.09.2024 21:00;112,25
27.09.2024 21:00;27.09.2024 22:00;104,21
27.09.2024 22:00;27.09.2024 23:00;110,49
27.09.2024 23:00;28.09.2024 00:00;78,97
28.09.2024 00:00;28.09.2024 01:00;67,46
28.09.2024 01:00;28.09.2024 02:00;76,58
28.09.2024 02:00;28.09.2024 03:00;58,82
28.09.2024 03:00;28.09.2024 04:00;68,75
28.09.2024 04:00;28.09.2024 05:00;63,09
28.09.2024 05:00;28.09.2024 06:00;80,90
28.09.2024 06:00;28.09.2024 07:00;75,54
28.09.2024 07:00;28.09.2024 08:00;83,11
28.09.2024 08:00;28.09.2024 09:00;102,51
28.09.2024 09:00;28.09.2024 10:00;98,70
28.09.2024 10:00;28.09.2024 11:00;77,62
28.09.2024 11:00;28.09.2024 12:00;83,25
28.09.2024 12:00;28.09.2024 13:00;87,25
28.09.2024 13:00;28.09.2024 14:00;90,69
28.09.2024 14:00;28.09.2024 15:00;106,24
28.09.2024 15:00;28.09.2024 16:00;104,09
28.09.2024 16:00;28.09.2024 17:00;115,54
28.09.2024 17:00;28.09.2024 18:00;114,27
28.09.2024 18:00;28.09.2024 19:00;119,83
28.09.2024 19:00;28.09.2024 20:00;112,19
28.09.2024 20:00;28.09.2024 21:00;100,16
28.09.2024 21:00;28.09.2024 22:00;100,43
28.09.2024 22:00;28.09.2024 23:00;88,34
28.09.2024 23:00;29.09.2024 00:00;74,79
29.09.2024 00:00;29.09.2024 01:00;81,17
29.09.2024 01:00;29.09.2024 02:00;37,16
29.09.2024 02:00;29.09.2024 03:00;62,46
29.09.2024 03:00;29.09.2024 04:00;64,20
29.09.2024 04:00;29.09.2024 05:00;85,10
29.09.2024 05:00;29.09.2024 06:00;95,39
29.09.2024 06:00;29.09.2024 07:00;66,38
29.09.2024 07:00;29.09.2024 08:00;108,70
29.09.2024 08:00;29.09.2024 09:00;83,91
29.09.2024 09:00;29.09.2024 10:00;87,07
29.09.2024 10:00;29.09.2024 11:00;98,36
29.09.2024 11:00;29.09.2024 12:00;97,31
29.09.2024 12:00;29.09.2024 13:00;82,73
29.09.2024 13:00;29.09.2024 14:00;109,50
29.09.2024 14:00;29.09.2024 15:00;109,84
29.09.2024 15:00;29.09.2024 16:00;114,52
29.09.2024 16:00;29.09.2024 17:00;97,97
29.09.2024 17:00;29.09.2024 18:00;105,17
29.09.2024 18:00;29.09.2024 19:00;107,01
29.09.2024 19:00;29.09.2024 20:00;125,56
29.09.2024 20:00;29.09.2024 21:00;64,05
29.09.2024 21:00;29.09.2024 22:00;76,16
29.09.2024 22:00;29.09.2024 23:00;77,79
29.09.2024 23:00;30.09.2024 00:00;57,67
30.09.2024 00:00;30.09.2024 01:00;63,23
30.09.2024 01:00;30.09.2024 02:00;64,21
30.09.2024 02:00;30.09.2024 03:00;58,47
30.09.2024 03:00;30.09.2024 04:00;69,06
30.09.2024 04:00;30.09.2024 05:00;79,22
30.09.2024 05:00;30.09.2024 06:00;74,12
30.09.2024 06:00;30.09.2024 07:00;78,76
30.09.2024 07:00;30.09.2024 08:00;90,20
30.09.2024 08:00;30.09.2024 09:00;98,29
30.09.2024 09:00;30.09.2024 10:00;80,30
30.09.2024 10:00;30.09.2024 11:00;107,12
30.09.2024 11:00;30.09.2024 12:00;96,14
30.09.2024 12:00;30.09.2024 13:00;116,99
30.09.2024 13:00;30.09.2024 14:00;109,21
30.09.2024 14:00;30.09.2024 15:00;116,14
30.09.2024 15:00;30.09.2024 16:00;90,16
30.09.2024 16:00;30.09.2024 17:00;99,13
30.09.2024 17:00;30.09.2024 18:00;91,15
30.09.2024 18:00;30.09.2024 19:00;99,33
30.09.2024 19:00;30.09.2024 20:00;120,75
30.09.2024 20:00;30.09.2024 21:00;116,33
30.09.2024 21:00;30.09.2024 22:00;74,29
30.09.2024 22:00;30.09.2024 23:00;72,64
30.09.2024 23:00;01.10.2024 00:00;70,19
01.10.2024 00:00;01.10.2024 01:00;73,78
01.10.2024 01:00;01.10.2024 02:00;45,02
01.10.2024 02:00;01.10.2024 03:00;47,54
01.10.2024 03:00;01.10.2024 04:00;74,58
01.10.2024 04:00;01.10.2024 05:00;48,72
01.10.2024 05:00;01.10.2024 06:00;72,01
01.10.2024 06:00;01.10.2024 07:00;86,56
01.10.2024 07:00;01.10.2024 08:00;97,59
01.10.2024 08:00;01.10.2024 09:00;97,10
01.10.2024 09:00;01.10.2024 10:00;97,21
01.10.2024 10:00;01.10.2024 11:00;112,14
01.10.2024 11:00;01.10.2024 12:00;105,39
01.10.2024 12:00;01.10.2024 13:00;94,50
01.10.2024 13:00;01.10.2024 14:00;102,99
01.10.2024 14:00;01.10.2024 15:00;107,11
01.10.2024 15:00;01.10.2024 16:00;123,33
01.10.2024 16:00;01.10.2024 17:00;113,44
01.10.2024 17:00;01.10.2024 18:00;121,06
01.10.2024 18:00;01.10.2024 19:00;100,88
01.10.2024 19:00;01.10.2024 20:00;99,85
01.10.2024 20:00;01.10.2024 21:00;96,07
01.10.2024 21:00;01.10.2024 22:00;86,76
01.10.2024 22:00;01.10.2024 23:00;66,46
01.10.2024 23:00;02.10.2024 00:00;86,72
02.10.2024 00:00;02.10.2024 01:00;77,77
02.10.2024 01:00;02.10.2024 02:00;62,89
02.10.2024 02:00;02.10.2024 03:00;74,90
02.10.2024 03:00;02.10.2024 04:00;71,80
02.10.2024 04:00;02.10.2024 05:00;81,16
02.10.2024 05:00;02.10.2024 06:00;61,66
02.10.2024 06:00;02.10.2024 07:00;83,28
02.10.2024 07:00;02.10.2024 08:00;92,33
02.10.2024 08:00;02.10.2024 09:00;106,70
02.10.2024 09:00;02.10.2024 10:00;94,48
02.10.2024 10:00;02.10.2024 11:00;72,42
02.10.2024 11:00;02.10.2024 12:00;89,40
02.10.2024 12:00;02.10.2024 13:00;101,95
02.10.2024 13:00;02.10.2024 14:00;103,72
02.10.2024 14:00;02.10.2024 15:00;123,14
02.10.2024 15:00;02.10.2024 16:00;110,12
02.10.2024 16:00;02.10.2024 17:00;105,41
02.10.2024 17:00;02.10.2024 18:00;106,51
02.10.2024 18:00;02.10.2024 19:00;121,88
02.10.2024 19:00;02.10.2024 20:00;99,48
02.10.2024 20:00;02.10.2024 21:00;97,63
02.10.2024 21:00;02.10.2024 22:00;75,83
02.10.2024 22:00;02.10.2024 23:00;96,00
02.10.2024 23:00;03.10.2024 00:00;76,66
03.10.2024 00:00;03.10.2024 01:00;59,10
03.10.2024 01:00;03.10.2024 02:00;65,61
03.10.2024 02:00;03.10.2024 03:00;73,73
03.10.2024 03:00;03.10.2024 04:00;66,54
03.10.2024 04:00;03.10.2024 05:00;66,53
03.10.2024 05:00;03.10.2024 06:00;70,36
03.10.2024 06:00;03.10.2024 07:00;89,52
03.10.2024 07:00;03.10.2024 08:00;89,15
03.10.2024 08:00;03.10.2024 09:00;94,19
03.10.2024 09:00;03.10.2024 10:00;86,41
03.10.2024 10:00;03.10.2024 11:00;103,77
03.10.2024 11:00;03.10.2024 12:00;100,63
03.10.2024 12:00;03.10.2024 13:00;99,25
03.10.2024 13:00;03.10.2024 14:00;105,76
03.10.2024 14:00;03.10.2024 15:00;112,33
03.10.2024 15:00;03.10.2024 16:00;111,97
03.10.2024 16:00;03.10.2024 17:00;111,48
03.10.2024 17:00;03.10.2024 18:00;104,43
03.10.2024 18:00;03.10.2024 19:00;102,25
03.10.2024 19:00;03.10.2024 20:00;94,45
03.10.2024 20:00;03.10.2024 21:00;92,62
03.10.2024 21:00;03.10.2024 22:00;89,56
03.10.2024 22:00;03.10.2024 23:00;69,96
03.10.2024 23:00;04.10.2024 00:00;73,52
04.10.2024 00:00;04.10.2024 01:00;56,43
04.10.2024 01:00;04.10.2024 02:00;47,47
04.10.2024 02:00;04.10.2024 03:00;77,87
04.10.2024 03:00;04.10.2024 04:00;64,27
04.10.2024 04:00;04.10.2024 05:00;63,32
04.10.2024 05:00;04.10.2024 06:00;65,51
04.10.2024 06:00;04.10.2024 07:00;90,95
04.10.2024 07:00;04.10.2024 08:00;110,36
04.10.2024 08:00;04.10.2024 09:00;95,22
04.10.2024 09:00;04.10.2024 10:00;100,28
04.10.2024 10:00;04.10.2024 11:00;116,12
04.10.2024 11:00;04.10.2024 12:00;81,50
04.10.2024 12:00;04.10.2024 13:00;127,13
04.10.2024 13:00;04.10.2024 14:00;133,13
04.10.2024 14:00;04.10.2024 15:00;71,30
04.10.2024 15:00;04.10.2024 16:00;102,80
04.10.2024 16:00;04.10.2024 17:00;96,64
04.10.2024 17:00;04.10.2024 18:00;104,57
04.10.2024 18:00;04.10.2024 19:00;104,45
04.10.2024 19:00;04.10.2024 20:00;117,14
04.10.2024 20:00;04.10.2024 21:00;98,81
04.10.2024 21:00;04.10.2024 22:00;78,81
04.10.2024 22:00;04.10.2024 23:00;77,75
04.10.2024 23:00;05.10.2024 00:00;78,97
05.10.2024 00:00;05.10.2024 01:00;54,23
05.10.2024 01:00;05.10.2024 02:00;48,07
05.10.2024 02:00;05.10.2024 03:00;92,37
05.10.2024 03:00;05.10.2024 04:00;62,68
05.10.2024 04:00;05.10.2024 05:00;72,14
05.10.2024 05:00;05.10.2024 06:00;74,28
05.10.2024 06:00;05.10.2024 07:00;92,88
05.10.2024 07:00;05.10.2024 08:00;115,56
05.10.2024 08:00;05.10.2024 09:00;107,44
05.10.2024 09:00;05.10.2024 10:00;85,07
05.10.2024 10:00;05.10.2024 11:00;87,08
05.10.2024 11:00;05.10.2024 12:00;98,86
05.10.2024 12:00;05.10.2024 13:00;100,73
05.10.2024 13:00;05.10.2024 14:00;83,56
05.10.2024 14:00;05.10.2024 15:00;114,03
05.10.2024 15:00;05.10.2024 16:00;91,36
05.10.2024 16:00;05.10.2024 17:00;123,61
05.10.2024 17:00;05.10.2024 18:00;130,01
05.10.2024 18:00;05.10.2024 19:00;106,92
05.10.2024 19:00;05.10.2024 20:00;113,09
05.10.2024 20:00;05.10.2024 21:00;85,80
05.10.2024 21:00;05.10.2024 22:00;97,65
05.10.2024 22:00;05.10.2024 23:00;74,26
05.10.2024 23:00;06.10.2024 00:00;60,17
06.10.2024 00:00;06.10.2024 01:00;65,39
06.10.2024 01:00;06.10.2024 02:00;62,66
06.10.2024 02:00;06.10.2024 03:00;64,98
06.10.2024 03:00;06.10.2024 04:00;82,21
06.10.2024 04:00;06.10.2024 05:00;64,79
06.10.2024 05:00;06.10.2024 06:00;100,30
06.10.2024 06:00;06.10.2024 07:00;70,82
06.10.2024 07:00;06.10.2024 08:00;114,10
06.10.2024 08:00;06.10.2024 09:00;88,71
06.10.2024 09:00;06.10.2024 10:00;103,70
06.10.2024 10:00;06.10.2024 11:00;98,23
06.10.2024 11:00;06.10.2024 12:00;99,95
06.10.2024 12:00;06.10.2024 13:00;113,99
06.10.2024 13:00;06.10.2024 14:00;122,65
06.10.2024 14:00;06.10.2024 15:00;118,91
06.10.2024 15:00;06.10.2024 16:00;99,96
06.10.2024 16:00;06.10.2024 17:00;108,33
06.10.2024 17:00;06.10.2024 18:00;99,21
06.10.2024 18:00;06.10.2024 19:00;98,42
06.10.2024 19:00;06.10.2024 20:00;94,49
06.10.2024 20:00;06.10.2024 21:00;95,75
06.10.2024 21:00;06.10.2024 22:00;93,59
06.10.2024 22:00;06.10.2024 23:00;57,72
06.10.2024 23:00;07.10.2024 00:00;73,08
07.10.2024 00:00;07.10.2024 01:00;87,48
07.10.2024 01:00;07.10.2024 02:00;82,14
07.10.2024 02:00;07.10.2024 03:00;62,29
07.10.2024 03:00;07.10.2024 04:00;54,48
07.10.2024 04:00;07.10.2024 05:00;80,16
07.10.2024 05:00;07.10.2024 06:00;52,10
07.10.2024 06:00;07.10.2024 07:00;100,47
07.10.2024 07:00;07.10.2024 08:00;92,58
07.10.2024 08:00;07.10.2024 09:00;123,31
07.10.2024 09:00;07.10.2024 10:00;83,42
07.10.2024 10:00;07.10.2024 11:00;115,56
07.10.2024 11:00;07.10.2024 12:00;103,30
07.10.2024 12:00;07.10.2024 13:00;100,83
07.10.2024 13:00;07.10.2024 14:00;88,64
07.10.2024 14:00;07.10.2024 15:00;112,20
07.10.2024 15:00;07.10.2024 16:00;113,36
07.10.2024 16:00;07.10.2024 17:00;127,97
07.10.2024 17:00;07.10.2024 18:00;121,11
07.10.2024 18:00;07.10.2024 19:00;103,62
07.10.2024 19:00;07.10.2024 20:00;96,63
07.10.2024 20:00;07.10.2024 21:00;85,01
07.10.2024 21:00;07.10.2024 22:00;108,70
07.10.2024 22:00;07.10.2024 23:00;71,75
07.10.2024 23:00;08.10.2024 00:00;91,83
08.10.2024 00:00;08.10.2024 01:00;76,02
08.10.2024 01:00;08.10.2024 02:00;73,06
08.10.2024 02:00;08.10.2024 03:00;66,06
08.10.2024 03:00;08.10.2024 04:00;79,60
08.10.2024 04:00;08.10.2024 05:00;74,88
08.10.2024 05:00;08.10.2024 06:00;75,90
08.10.2024 06:00;08.10.2024 07:00;95,93
08.10.2024 07:00;08.10.2024 08:00;93,84
08.10.2024 08:00;08.10.2024 09:00;92,18
08.10.2024 09:00;08.10.2024 10:00;111,76
08.10.2024 10:00;08.10.2024 11:00;104,20
08.10.2024 11:00;08.10.2024 12:00;110,80
08.10.2024 12:00;08.10.2024 13:00;99,78
08.10.2024 13:00;08.10.2024 14:00;90,99
08.10.2024 14:00;08.10.2024 15:00;126,30
08.10.2024 15:00;08.10.2024 16:00;124,23
08.10.2024 16:00;08.10.2024 17:00;117,58
08.10.2024 17:00;08.10.2024 18:00;104,79
08.10.2024 18:00;08.10.2024 19:00;107,57
08.10.2024 19:00;08.10.2024 20:00;125,69
08.10.2024 20:00;08.10.2024 21:00;97,61
08.10.2024 21:00;08.10.2024 22:00;83,85
08.10.2024 22:00;08.10.2024 23:00;103,98
08.10.2024 23:00;09.10.2024 00:00;73,92
09.10.2024 00:00;09.10.2024 01:00;91,36
09.10.2024 01:00;09.10.2024 02:00;52,75
09.10.2024 02:00;09.10.2024 03:00;76,39
09.10.2024 03:00;09.10.2024 04:00;96,95
09.10.2024 04:00;09.10.2024 05:00;75,85
09.10.2024 05:00;09.10.2024 06:00;77,59
09.10.2024 06:00;09.10.2024 07:00;73,99
09.10.2024 07:00;09.10.2024 08:00;108,98
09.10.2024 08:00;09.10.2024 09:00;92,95
09.10.2024 09:00;09.10.2024 10:00;103,86
09.10.2024 10:00;09.10.2024 11:00;90,58
09.10.2024 11:00;09.10.2024 12:00;124,04
09.10.2024 12:00;09.10.2024 13:00;119,52
09.10.2024 13:00;09.10.2024 14:00;105,55
09.10.2024 14:00;09.10.2024 15:00;92,06
09.10.2024 15:00;09.10.2024 16:00;124,53
09.10.2024 16:00;09.10.2024 17:00;103,01
09.10.2024 17:00;09.10.2024 18:00;96,61
09.10.2024 18:00;09.10.2024 19:00;90,46
09.10.2024 19:00;09.10.2024 20:00;101,78
09.10.2024 20:00;09.10.2024 21:00;84,83
09.10.2024 21:00;09.10.2024 22:00;84,40
09.10.2024 22:00;09.10.2024 23:00;90,88
09.10.2024 23:00;10.10.2024 00:00;70,41
10.10.2024 00:00;10.10.2024 01:00;74,84
10.10.2024 01:00;10.10.2024 02:00;61,28
10.10.2024 02:00;10.10.2024 03:00;71,38
10.10.2024 03:00;10.10.2024 04:00;95,58
10.10.2024 04:00;10.10.2024 05:00;71,74
10.10.2024 05:00;10.10.2024 06:00;85,80
10.10.2024 06:00;10.10.2024 07:00;69,65
10.10.2024 07:00;10.10.2024 08:00;114,66
10.10.2024 08:00;10.10.2024 09:00;96,89
10.10.2024 09:00;10.10.2024 10:00;118,03
10.10.2024 10:00;10.10.2024 11:00;104,34
10.10.2024 11:00;10.10.2024 12:00;113,12
10.10.2024 12:00;10.10.2024 13:00;114,14
10.10.2024 13:00;10.10.2024 14:00;100,93
10.10.2024 14:00;10.10.2024 15:00;119,44
10.10.2024 15:00;10.10.2024 16:00;97,42
10.10.2024 16:00;10.10.2024 17:00;117,16
10.10.2024 17:00;10.10.2024 18:00;105,62
10.10.2024 18:00;10.10.2024 19:00;116,23
10.10.2024 19:00;10.10.2024 20:00;104,41
10.10.2024 20:00;10.10.2024 21:00;103,31
10.10.2024 21:00;10.10.2024 22:00;79,41
10.10.2024 22:00;10.10.2024 23:00;85,34
10.10.2024 23:00;11.10.2024 00:00;75,88
11.10.2024 00:00;11.10.2024 01:00;64,52
11.10.2024 01:00;11.10.2024 02:00;69,73
11.10.2024 02:00;11.10.2024 03:00;72,63
11.10.2024 03:00;11.10.2024 04:00;65,56
11.10.2024 04:00;11.10.2024 05:00;74,81
11.10.2024 05:00;11.10.2024 06:00;69,55
11.10.2024 06:00;11.10.2024 07:00;117,01
11.10.2024 07:00;11.10.2024 08:00;109,56
11.10.2024 08:00;11.10.2024 09:00;106,32
11.10.2024 09:00;11.10.2024 10:00;119,92
11.10.2024 10:00;11.10.2024 11:00;82,50
11.10.2024 11:00;11.10.2024 12:00;75,52
11.10.2024 12:00;11.10.2024 13:00;101,73
11.10.2024 13:00;11.10.2024 14:00;90,24
11.10.2024 14:00;11.10.2024 15:00;103,93
11.10.2024 15:00;11.10.2024 16:00;109,42
11.10.2024 16:00;11.10.2024 17:00;119,30
11.10.2024 17:00;11.10.2024 18:00;97,07
11.10.2024 18:00;11.10.2024 19:00;117,26
11.10.2024 19:00;11.10.2024 20:00;110,56
11.10.2024 20:00;11.10.2024 21:00;107,31
11.10.2024 21:00;11.10.2024 22:00;86,49
11.10.2024 22:00;11.10.2024 23:00;99,40
11.10.2024 23:00;12.10.2024 00:00;74,53
12.10.2024 00:00;12.10.2024 01:00;92,72
12.10.2024 01:00;12.10.2024 02:00;61,34
12.10.2024 02:00;12.10.2024 03:00;80,37
12.10.2024 03:00;12.10.2024 04:00;72,67
12.10.2024 04:00;12.10.2024 05:00;72,85
12.10.2024 05:00;12.10.2024 06:00;89,64
12.10.2024 06:00;12.10.2024 07:00;85,70
12.10.2024 07:00;12.10.2024 08:00;65,34
12.10.2024 08:00;12.10.2024 09:00;66,72
12.10.2024 09:00;12.10.2024 10:00;121,55
12.10.2024 10:00;12.10.2024 11:00;121,44
12.10.2024 11:00;12.10.2024 12:00;129,29
12.10.2024 12:00;12.10.2024 13:00;106,74
12.10.2024 13:00;12.10.2024 14:00;91,70
12.10.2024 14:00;12.10.2024 15:00;102,16
12.10.2024 15:00;12.10.2024 16:00;107,52
12.10.2024 16:00;12.10.2024 17:00;96,60
12.10.2024 17:00;12.10.2024 18:00;130,94
12.10.2024 18:00;12.10.2024 19:00;139,76
12.10.2024 19:00;12.10.2024 20:00;116,56
12.10.2024 20:00;12.10.2024 21:00;103,44
12.10.2024 21:00;12.10.2024 22:00;77,62
12.10.2024 22:00;12.10.2024 23:00;101,79
12.10.2024 23:00;13.10.2024 00:00;77,12
13.10.2024 00:00;13.10.2024 01:00;68,39
13.10.2024 01:00;13.10.2024 02:00;77,02
13.10.2024 02:00;13.10.2024 03:00;64,86
13.10.2024 03:00;13.10.2024 04:00;75,58
13.10.2024 04:00;13.10.2024 05:00;59,90
13.10.2024 05:00;13.10.2024 06:00;95,52
13.10.2024 06:00;13.10.2024 07:00;88,47
13.10.2024 07:00;13.10.2024 08:00;111,62
13.10.2024 08:00;13.10.2024 09:00;101,49
13.10.2024 09:00;13.10.2024 10:00;105,08
13.10.2024 10:00;13.10.2024 11:00;92,56
13.10.2024 11:00;13.10.2024 12:00;116,19
13.10.2024 12:00;13.10.2024 13:00;96,87
13.10.2024 13:00;13.10.2024 14:00;101,81
13.10.2024 14:00;13.10.2024 15:00;107,64
13.10.2024 15:00;13.10.2024 16:00;109,27
13.10.2024 16:00;13.10.2024 17:00;88,64
13.10.2024 17:00;13.10.2024 18:00;108,82
13.10.2024 18:00;13.10.2024 19:00;122,86
13.10.2024 19:00;13.10.2024 20:00;106,71
13.10.2024 20:00;13.10.2024 21:00;101,31
13.10.2024 21:00;13.10.2024 22:00;95,54
13.10.2024 22:00;13.10.2024 23:00;82,15
13.10.2024 23:00;14.10.2024 00:00;64,27
14.10.2024 00:00;14.10.2024 01:00;71,85
14.10.2024 01:00;14.10.2024 02:00;83,61
14.10.2024 02:00;14.10.2024 03:00;59,70
14.10.2024 03:00;14.10.2024 04:00;69,75
14.10.2024 04:00;14.10.2024 05:00;61,06
14.10.2024 05:00;14.10.2024 06:00;94,21
14.10.2024 06:00;14.10.2024 07:00;89,04
14.10.2024 07:00;14.10.2024 08:00;87,94
14.10.2024 08:00;14.10.2024 09:00;105,44
14.10.2024 09:00;14.10.2024 10:00;92,70
14.10.2024 10:00;14.10.2024 11:00;95,14
14.10.2024 11:00;14.10.2024 12:00;89,98
14.10.2024 12:00;14.10.2024 13:00;95,01
14.10.2024 13:00;14.10.2024 14:00;124,36
14.10.2024 14:00;14.10.2024 15:00;99,26
14.10.2024 15:00;14.10.2024 16:00;113,84
14.10.2024 16:00;14.10.2024 17:00;99,51
14.10.2024 17:00;14.10.2024 18:00;121,14
14.10.2024 18:00;14.10.2024 19:00;101,44
14.10.2024 19:00;14.10.2024 20:00;112,15
14.10.2024 20:00;14.10.2024 21:00;105,07
14.10.2024 21:00;14.10.2024 22:00;121,95
14.10.2024 22:00;14.10.2024 23:00;91,66
14.10.2024 23:00;15.10.2024 00:00;69,95
15.10.2024 00:00;15.10.2024 01:00;80,94
15.10.2024 01:00;15.10.2024 02:00;97,77
15.10.2024 02:00;15.10.2024 03:00;53,19
15.10.2024 03:00;15.10.2024 04:00;64,56
15.10.2024 04:00;15.10.2024 05:00;75,23
15.10.2024 05:00;15.10.2024 06:00;78,33
15.10.2024 06:00;15.10.2024 07:00;86,59
15.10.2024 07:00;15.10.2024 08:00;82,92
15.10.2024 08:00;15.10.2024 09:00;121,61
15.10.2024 09:00;15.10.2024 10:00;90,50
15.10.2024 10:00;15.10.2024 11:00;105,57
15.10.2024 11:00;15.10.2024 12:00;120,48
15.10.2024 12:00;15.10.2024 13:00;107,87
15.10.2024 13:00;15.10.2024 14:00;96,75
15.10.2024 14:00;15.10.2024 15:00;92,30
15.10.2024 15:00;15.10.2024 16:00;105,92
15.10.2024 16:00;15.10.2024 17:00;100,89
15.10.2024 17:00;15.10.2024 18:00;114,91
15.10.2024 18:00;15.10.2024 19:00;97,36
15.10.2024 19:00;15.10.2024 20:00;121,86
15.10.2024 20:00;15.10.2024 21:00;106,25
15.10.2024 21:00;15.10.2024 22:00;96,73
15.10.2024 22:00;15.10.2024 23:00;101,81
15.10.2024 23:00;16.10.2024 00:00;72,24
16.10.2024 00:00;16.10.2024 01:00;64,44
16.10.2024 01:00;16.10.2024 02:00;65,97
16.10.2024 02:00;16.10.2024 03:00;70,87
16.10.2024 03:00;16.10.2024 04:00;74,01
16.10.2024 04:00;16.10.2024 05:00;68,54
16.10.2024 05:00;16.10.2024 06:00;59,49
16.10.2024 06:00;16.10.2024 07:00;84,28
16.10.2024 07:00;16.10.2024 08:00;103,32
16.10.2024 08:00;16.10.2024 09:00;106,83
16.10.2024 09:00;16.10.2024 10:00;122,40
16.10.2024 10:00;16.10.2024 11:00;131,87
16.10.2024 11:00;16.10.2024 12:00;117,48
16.10.2024 12:00;16.10.2024 13:00;125,26
16.10.2024 13:00;16.10.2024 14:00;118,14
16.10.2024 14:00;16.10.2024 15:00;129,43
16.10.2024 15:00;16.10.2024 16:00;131,32
16.10.2024 16:00;16.10.2024 17:00;121,82
16.10.2024 17:00;16.10.2024 18:00;121,36
16.10.2024 18:00;16.10.2024 19:00;112,15
16.10.2024 19:00;16.10.2024 20:00;112,04
16.10.2024 20:00;16.10.2024 21:00;101,24
16.10.2024 21:00;16.10.2024 22:00;102,34
16.10.2024 22:00;16.10.2024 23:00;76,31
16.10.2024 23:00;17.10.2024 00:00;75,63
17.10.2024 00:00;17.10.2024 01:00;45,32
17.10.2024 01:00;17.10.2024 02:00;93,65
17.10.2024 02:00;17.10.2024 03:00;70,96
17.10.2024 03:00;17.10.2024 04:00;81,00
17.10.2024 04:00;17.10.2024 05:00;96,43
17.10.2024 05:00;17.10.2024 06:00;87,80
17.10.2024 06:00;17.10.2024 07:00;108,78
17.10.2024 07:00;17.10.2024 08:00;84,53
17.10.2024 08:00;17.10.2024 09:00;134,40
17.10.2024 09:00;17.10.2024 10:00;121,48
17.10.2024 10:00;17.10.2024 11:00;111,34
17.10.2024 11:00;17.10.2024 12:00;125,90
17.10.2024 12:00;17.10.2024 13:00;95,07
17.10.2024 13:00;17.10.2024 14:00;105,90
17.10.2024 14:00;17.10.2024 15:00;126,68
17.10.2024 15:00;17.10.2024 16:00;87,13
17.10.2024 16:00;17.10.2024 17:00;117,56
17.10.2024 17:00;17.10.2024 18:00;119,70
17.10.2024 18:00;17.10.2024 19:00;138,67
17.10.2024 19:00;17.10.2024 20:00;93,97
17.10.2024 20:00;17.10.2024 21:00;125,04
17.10.2024 21:00;17.10.2024 22:00;88,60
17.10.2024 22:00;17.10.2024 23:00;80,02
17.10.2024 23:00;18.10.2024 00:00;63,69
18.10.2024 00:00;18.10.2024 01:00;60,96
18.10.2024 01:00;18.10.2024 02:00;78,24
18.10.2024 02:00;18.10.2024 03:00;60,69
18.10.2024 03:00;18.10.2024 04:00;84,85
18.10.2024 04:00;18.10.2024 05:00;71,41
18.10.2024 05:00;18.10.2024 06:00;70,07
18.10.2024 06:00;18.10.2024 07:00;85,54
18.10.2024 07:00;18.10.2024 08:00;103,90
18.10.2024 08:00;18.10.2024 09:00;102,73
18.10.2024 09:00;18.10.2024 10:00;109,27
18.10.2024 10:00;18.10.2024 11:00;117,62
18.10.2024 11:00;18.10.2024 12:00;122,21
18.10.2024 12:00;18.10.2024 13:00;105,81
18.10.2024 13:00;18.10.2024 14:00;97,27
18.10.2024 14:00;18.10.2024 15:00;110,69
18.10.2024 15:00;18.10.2024 16:00;115,61
18.10.2024 16:00;18.10.2024 17:00;93,74
18.10.2024 17:00;18.10.2024 18:00;103,05
18.10.2024 18:00;18.10.2024 19:00;106,84
18.10.2024 19:00;18.10.2024 20:00;110,90
18.10.2024 20:00;18.10.2024 21:00;97,02
18.10.2024 21:00;18.10.2024 22:00;104,23
18.10.2024 22:00;18.10.2024 23:00;66,55
18.10.2024 23:00;19.10.2024 00:00;59,83
19.10.2024 00:00;19.10.2024 01:00;70,43
19.10.2024 01:00;19.10.2024 02:00;71,72
19.10.2024 02:00;19.10.2024 03:00;57,01
19.10.2024 03:00;19.10.2024 04:00;69,11
19.10.2024 04:00;19.10.2024 05:00;74,98
19.10.2024 05:00;19.10.2024 06:00;80,34
19.10.2024 06:00;19.10.2024 07:00;94,13
19.10.2024 07:00;19.10.2024 08:00;92,35
19.10.2024 08:00;19.10.2024 09:00;124,22
19.10.2024 09:00;19.10.2024 10:00;115,15
19.10.2024 10:00;19.10.2024 11:00;100,00
19.10.2024 11:00;19.10.2024 12:00;110,79
19.10.2024 12:00;19.10.2024 13:00;111,45
19.10.2024 13:00;19.10.2024 14:00;124,80
19.10.2024 14:00;19.10.2024 15:00;103,00
19.10.2024 15:00;19.10.2024 16:00;119,60
19.10.2024 16:00;19.10.2024 17:00;112,20
19.10.2024 17:00;19.10.2024 18:00;132,07
19.10.2024 18:00;19.10.2024 19:00;131,39
19.10.2024 19:00;19.10.2024 20:00;116,19
19.10.2024 20:00;19.10.2024 21:00;103,44
19.10.2024 21:00;19.10.2024 22:00;102,25
19.10.2024 22:00;19.10.2024 23:00;84,08
19.10.2024 23:00;20.10.2024 00:00;99,38
20.10.2024 00:00;20.10.2024 01:00;75,81
20.10.2024 01:00;20.10.2024 02:00;69,39
20.10.2024 02:00;20.10.2024 03:00;69,38
20.10.2024 03:00;20.10.2024 04:00;62,27
20.10.2024 04:00;20.10.2024 05:00;86,90
20.10.2024 05:00;20.10.2024 06:00;75,65
20.10.2024 06:00;20.10.2024 07:00;105,91
20.10.2024 07:00;20.10.2024 08:00;85,21
20.10.2024 08:00;20.10.2024 09:00;108,44
20.10.2024 09:00;20.10.2024 10:00;123,52
20.10.2024 10:00;20.10.2024 11:00;84,29
20.10.2024 11:00;20.10.2024 12:00;134,30
20.10.2024 12:00;20.10.2024 13:00;105,28
20.10.2024 13:00;20.10.2024 14:00;112,35
20.10.2024 14:00;20.10.2024 15:00;117,49
20.10.2024 15:00;20.10.2024 16:00;119,54
20.10.2024 16:00;20.10.2024 17:00;115,41
20.10.2024 17:00;20.10.2024 18:00;126,57
20.10.2024 18:00;20.10.2024 19:00;122,56
20.10.2024 19:00;20.10.2024 20:00;135,39
20.10.2024 20:00;20.10.2024 21:00;113,28
20.10.2024 21:00;20.10.2024 22:00;120,18
20.10.2024 22:00;20.10.2024 23:00;97,48
20.10.2024 23:00;21.10.2024 00:00;57,98
21.10.2024 00:00;21.10.2024 01:00;106,63
21.10.2024 01:00;21.10.2024 02:00;67,80
21.10.2024 02:00;21.10.2024 03:00;93,27
21.10.2024 03:00;21.10.2024 04:00;77,57
21.10.2024 04:00;21.10.2024 05:00;93,38
21.10.2024 05:00;21.10.2024 06:00;77,65
21.10.2024 06:00;21.10.2024 07:00;100,67
21.10.2024 07:00;21.10.2024 08:00;98,11
21.10.2024 08:00;21.10.2024 09:00;126,29
21.10.2024 09:00;21.10.2024 10:00;115,41
21.10.2024 10:00;21.10.2024 11:00;121,78
21.10.2024 11:00;21.10.2024 12:00;84,54
21.10.2024 12:00;21.10.2024 13:00;109,79
21.10.2024 13:00;21.10.2024 14:00;116,01
21.10.2024 14:00;21.10.2024 15:00;113,75
21.10.2024 15:00;21.10.2024 16:00;122,79
21.10.2024 16:00;21.10.2024 17:00;108,16
21.10.2024 17:00;21.10.2024 18:00;115,61
21.10.2024 18:00;21.10.2024 19:00;130,93
21.10.2024 19:00;21.10.2024 20:00;87,34
21.10.2024 20:00;21.10.2024 21:00;114,51
21.10.2024 21:00;21.10.2024 22:00;93,02
21.10.2024 22:00;21.10.2024 23:00;76,15
21.10.2024 23:00;22.10.2024 00:00;84,11
22.10.2024 00:00;22.10.2024 01:00;90,45
22.10.2024 01:00;22.10.2024 02:00;87,58
22.10.2024 02:00;22.10.2024 03:00;74,13
22.10.2024 03:00;22.10.2024 04:00;88,19
22.10.2024 04:00;22.10.2024 05:00;91,50
22.10.2024 05:00;22.10.2024 06:00;85,29
22.10.2024 06:00;22.10.2024 07:00;85,27
22.10.2024 07:00;22.10.2024 08:00;93,95
22.10.2024 08:00;22.10.2024 09:00;117,82
22.10.2024 09:00;22.10.2024 10:00;110,07
22.10.2024 10:00;22.10.2024 11:00;98,42
22.10.2024 11:00;22.10.2024 12:00;90,72
22.10.2024 12:00;22.10.2024 13:00;121,22
22.10.2024 13:00;22.10.2024 14:00;104,95
22.10.2024 14:00;22.10.2024 15:00;115,45
22.10.2024 15:00;22.10.2024 16:00;126,56
22.10.2024 16:00;22.10.2024 17:00;97,28
22.10.2024 17:00;22.10.2024 18:00;114,91
22.10.2024 18:00;22.10.2024 19:00;115,14
22.10.2024 19:00;22.10.2024 20:00;119,67
22.10.2024 20:00;22.10.2024 21:00;122,74
22.10.2024 21:00;22.10.2024 22:00;81,50
22.10.2024 22:00;22.10.2024 23:00;94,36
22.10.2024 23:00;23.10.2024 00:00;92,88
23.10.2024 00:00;23.10.2024 01:00;73,92
23.10.2024 01:00;23.10.2024 02:00;73,89
23.10.2024 02:00;23.10.2024 03:00;81,20
23.10.2024 03:00;23.10.2024 04:00;82,24
23.10.2024 04:00;23.10.2024 05:00;88,49
23.10.2024 05:00;23.10.2024 06:00;93,51
23.10.2024 06:00;23.10.2024 07:00;82,23
23.10.2024 07:00;23.10.2024 08:00;113,89
23.10.2024 08:00;23.10.2024 09:00;122,20
23.10.2024 09:00;23.10.2024 10:00;113,24
23.10.2024 10:00;23.10.2024 11:00;93,47
23.10.2024 11:00;23.10.2024 12:00;109,99
23.10.2024 12:00;23.10.2024 13:00;114,00
23.10.2024 13:00;23.10.2024 14:00;98,20
23.10.2024 14:00;23.10.2024 15:00;107,59
23.10.2024 15:00;23.10.2024 16:00;95,19
23.10.2024 16:00;23.10.2024 17:00;120,70
23.10.2024 17:00;23.10.2024 18:00;117,87
23.10.2024 18:00;23.10.2024 19:00;97,86
23.10.2024 19:00;23.10.2024 20:00;119,76
23.10.2024 20:00;23.10.2024 21:00;107,62
23.10.2024 21:00;23.10.2024 22:00;104,08
23.10.2024 22:00;23.10.2024 23:00;83,25
23.10.2024 23:00;24.10.2024 00:00;71,31
24.10.2024 00:00;24.10.2024 01:00;67,33
24.10.2024 01:00;24.10.2024 02:00;69,51
24.10.2024 02:00;24.10.2024 03:00;76,83
24.10.2024 03:00;24.10.2024 04:00;80,31
24.10.2024 04:00;24.10.2024 05:00;79,64
24.10.2024 05:00;24.10.2024 06:00;82,12
24.10.2024 06:00;24.10.2024 07:00;90,22
24.10.2024 07:00;24.10.2024 08:00;132,52
24.10.2024 08:00;24.10.2024 09:00;99,37
24.10.2024 09:00;24.10.2024 10:00;104,73
24.10.2024 10:00;24.10.2024 11:00;151,35
24.10.2024 11:00;24.10.2024 12:00;116,84
24.10.2024 12:00;24.10.2024 13:00;95,53
24.10.2024 13:00;24.10.2024 14:00;122,48
24.10.2024 14:00;24.10.2024 15:00;101,42
24.10.2024 15:00;24.10.2024 16:00;123,44
24.10.2024 16:00;24.10.2024 17:00;111,30
24.10.2024 17:00;24.10.2024 18:00;111,03
24.10.2024 18:00;24.10.2024 19:00;137,35
24.10.2024 19:00;24.10.2024 20:00;122,76
24.10.2024 20:00;24.10.2024 21:00;120,40
24.10.2024 21:00;24.10.2024 22:00;103,53
24.10.2024 22:00;24.10.2024 23:00;83,05
24.10.2024 23:00;25.10.2024 00:00;88,69
25.10.2024 00:00;25.10.2024 01:00;91,51
25.10.2024 01:00;25.10.2024 02:00;78,01
25.10.2024 02:00;25.10.2024 03:00;98,65
25.10.2024 03:00;25.10.2024 04:00;89,16
25.10.2024 04:00;25.10.2024 05:00;84,90
25.10.2024 05:00;25.10.2024 06:00;90,64
25.10.2024 06:00;25.10.2024 07:00;96,51
25.10.2024 07:00;25.10.2024 08:00;87,84
25.10.2024 08:00;25.10.2024 09:00;107,97
25.10.2024 09:00;25.10.2024 10:00;114,51
25.10.2024 10:00;25.10.2024 11:00;107,26
25.10.2024 11:00;25.10.2024 12:00;116,27
25.10.2024 12:00;25.10.2024 13:00;112,77
25.10.2024 13:00;25.10.2024 14:00;122,07
25.10.2024 14:00;25.10.2024 15:00;120,72
25.10.2024 15:00;25.10.2024 16:00;114,96
25.10.2024 16:00;25.10.2024 17:00;97,85
25.10.2024 17:00;25.10.2024 18:00;138,22
25.10.2024 18:00;25.10.2024 19:00;116,76
25.10.2024 19:00;25.10.2024 20:00;115,42
25.10.2024 20:00;25.10.2024 21:00;105,03
25.10.2024 21:00;25.10.2024 22:00;92,87
25.10.2024 22:00;25.10.2024 23:00;107,33
25.10.2024 23:00;26.10.2024 00:00;98,41
26.10.2024 00:00;26.10.2024 01:00;82,76
26.10.2024 01:00;26.10.2024 02:00;75,52
26.10.2024 02:00;26.10.2024 03:00;84,88
26.10.2024 03:00;26.10.2024 04:00;80,26
26.10.2024 04:00;26.10.2024 05:00;80,50
26.10.2024 05:00;26.10.2024 06:00;92,10
26.10.2024 06:00;26.10.2024 07:00;89,99
26.10.2024 07:00;26.10.2024 08:00;106,30
26.10.2024 08:00;26.10.2024 09:00;111,92
26.10.2024 09:00;26.10.2024 10:00;119,51
26.10.2024 10:00;26.10.2024 11:00;105,24
26.10.2024 11:00;26.10.2024 12:00;121,16
26.10.2024 12:00;26.10.2024 13:00;102,07
26.10.2024 13:00;26.10.2024 14:00;106,34
26.10.2024 14:00;26.10.2024 15:00;106,84
26.10.2024 15:00;26.10.2024 16:00;100,52
26.10.2024 16:00;26.10.2024 17:00;126,87
26.10.2024 17:00;26.10.2024 18:00;105,53
26.10.2024 18:00;26.10.2024 19:00;110,50
26.10.2024 19:00;26.10.2024 20:00;131,88
26.10.2024 20:00;26.10.2024 21:00;102,72
26.10.2024 21:00;26.10.2024 22:00;96,90
26.10.2024 22:00;26.10.2024 23:00;77,08
26.10.2024 23:00;27.10.2024 00:00;92,20
27.10.2024 00:00;27.10.2024 01:00;88,01
27.10.2024 01:00;27.10.2024 02:00;86,10
27.10.2024 02:00;27.10.2024 03:00;84,32
27.10.2024 03:00;27.10.2024 04:00;80,68
27.10.2024 04:00;27.10.2024 05:00;76,91
27.10.2024 05:00;27.10.2024 06:00;78,68
27.10.2024 06:00;27.10.2024 07:00;111,19
27.10.2024 07:00;27.10.2024 08:00;112,88
27.10.2024 08:00;27.10.2024 09:00;101,57
27.10.2024 09:00;27.10.2024 10:00;113,18
27.10.2024 10:00;27.10.2024 11:00;109,49
27.10.2024 11:00;27.10.2024 12:00;99,52
27.10.2024 12:00;27.10.2024 13:00;115,49
27.10.2024 13:00;27.10.2024 14:00;108,65
27.10.2024 14:00;27.10.2024 15:00;102,18
27.10.2024 15:00;27.10.2024 16:00;96,05
27.10.2024 16:00;27.10.2024 17:00;96,34
27.10.2024 17:00;27.10.2024 18:00;113,12
27.10.2024 18:00;27.10.2024 19:00;118,29
27.10.2024 19:00;27.10.2024 20:00;106,73
27.10.2024 20:00;27.10.2024 21:00;117,80
27.10.2024 21:00;27.10.2024 22:00;98,79
27.10.2024 22:00;27.10.2024 23:00;96,57
27.10.2024 23:00;28.10.2024 00:00;80,43
28.10.2024 00:00;28.10.2024 01:00;68,82
28.10.2024 01:00;28.10.2024 02:00;79,03
28.10.2024 02:00;28.10.2024 03:00;63,14
28.10.2024 03:00;28.10.2024 04:00;86,69
28.10.2024 04:00;28.10.2024 05:00;72,37
28.10.2024 05:00;28.10.2024 06:00;99,90
28.10.2024 06:00;28.10.2024 07:00;92,07
28.10.2024 07:00;28.10.2024 08:00;116,87
28.10.2024 08:00;28.10.2024 09:00;96,84
28.10.2024 09:00;28.10.2024 10:00;104,98
28.10.2024 10:00;28.10.2024 11:00;118,09
28.10.2024 11:00;28.10.2024 12:00;127,53
28.10.2024 12:00;28.10.2024 13:00;133,78
28.10.2024 13:00;28.10.2024 14:00;114,55
28.10.2024 14:00;28.10.2024 15:00;136,08
28.10.2024 15:00;28.10.2024 16:00;110,75
28.10.2024 16:00;28.10.2024 17:00;128,71
28.10.2024 17:00;28.10.2024 18:00;106,69
28.10.2024 18:00;28.10.2024 19:00;124,77
28.10.2024 19:00;28.10.2024 20:00;89,55
28.10.2024 20:00;28.10.2024 21:00;96,95
28.10.2024 21:00;28.10.2024 22:00;105,60
28.10.2024 22:00;28.10.2024 23:00;74,32
28.10.2024 23:00;29.10.2024 00:00;88,17
29.10.2024 00:00;29.10.2024 01:00;89,56
29.10.2024 01:00;29.10.2024 02:00;72,06
29.10.2024 02:00;29.10.2024 03:00;67,08
29.10.2024 03:00;29.10.2024 04:00;74,95
29.10.2024 04:00;29.10.2024 05:00;72,45
29.10.2024 05:00;29.10.2024 06:00;88,09
29.10.2024 06:00;29.10.2024 07:00;97,77
29.10.2024 07:00;29.10.2024 08:00;100,86
29.10.2024 08:00;29.10.2024 09:00;130,82
29.10.2024 09:00;29.10.2024 10:00;104,90
29.10.2024 10:00;29.10.2024 11:00;130,63
29.10.2024 11:00;29.10.2024 12:00;101,40
29.10.2024 12:00;29.10.2024 13:00;115,07
29.10.2024 13:00;29.10.2024 14:00;128,67
29.10.2024 14:00;29.10.2024 15:00;128,03
29.10.2024 15:00;29.10.2024 16:00;109,60
29.10.2024 16:00;29.10.2024 17:00;122,60
29.10.2024 17:00;29.10.2024 18:00;123,47
29.10.2024 18:00;29.10.2024 19:00;113,67
29.10.2024 19:00;29.10.2024 20:00;125,46
29.10.2024 20:00;29.10.2024 21:00;133,18
29.10.2024 21:00;29.10.2024 22:00;106,08
29.10.2024 22:00;29.10.2024 23:00;97,28
29.10.2024 23:00;30.10.2024 00:00;91,53
30.10.2024 00:00;30.10.2024 01:00;61,57
30.10.2024 01:00;30.10.2024 02:00;84,01
30.10.2024 02:00;30.10.2024 03:00;66,92
30.10.2024 03:00;30.10.2024 04:00;73,98
30.10.2024 04:00;30.10.2024 05:00;110,40
30.10.2024 05:00;30.10.2024 06:00;86,68
30.10.2024 06:00;30.10.2024 07:00;88,08
30.10.2024 07:00;30.10.2024 08:00;118,78
30.10.2024 08:00;30.10.2024 09:00;99,77
30.10.2024 09:00;30.10.2024 10:00;108,58
30.10.2024 10:00;30.10.2024 11:00;129,34
30.10.2024 11:00;30.10.2024 12:00;114,83
30.10.2024 12:00;30.10.2024 13:00;95,88
30.10.2024 13:00;30.10.2024 14:00;121,42
30.10.2024 14:00;30.10.2024 15:00;110,11
30.10.2024 15:00;30.10.2024 16:00;133,53
30.10.2024 16:00;30.10.2024 17:00;109,08
30.10.2024 17:00;30.10.2024 18:00;131,45
30.10.2024 18:00;30.10.2024 19:00;141,87
30.10.2024 19:00;30.10.2024 20:00;108,28
30.10.2024 20:00;30.10.2024 21:00;108,93
30.10.2024 21:00;30.10.2024 22:00;105,49
30.10.2024 22:00;30.10.2024 23:00;80,61
30.10.2024 23:00;31.10.2024 00:00;87,12
31.10.2024 00:00;31.10.2024 01:00;76,82
31.10.2024 01:00;31.10.2024 02:00;75,96
31.10.2024 02:00;31.10.2024 03:00;80,13
31.10.2024 03:00;31.10.2024 04:00;82,32
31.10.2024 04:00;31.10.2024 05:00;86,84
31.10.2024 05:00;31.10.2024 06:00;82,95
31.10.2024 06:00;31.10.2024 07:00;90,72
31.10.2024 07:00;31.10.2024 08:00;103,94
31.10.2024 08:00;31.10.2024 09:00;111,02
31.10.2024 09:00;31.10.2024 10:00;109,10
31.10.2024 10:00;31.10.2024 11:00;118,65
31.10.2024 11:00;31.10.2024 12:00;92,95
31.10.2024 12:00;31.10.2024 13:00;106,27
31.10.2024 13:00;31.10.2024 14:00;111,94
31.10.2024 14:00;31.10.2024 15:00;105,01
31.10.2024 15:00;31.10.2024 16:00;135,02
31.10.2024 16:00;31.10.2024 17:00;117,00
31.10.2024 17:00;31.10.2024 18:00;121,37
31.10.2024 18:00;31.10.2024 19:00;115,18
31.10.2024 19:00;31.10.2024 20:00;118,71
31.10.2024 20:00;31.10.2024 21:00;97,08
31.10.2024 21:00;31.10.2024 22:00;99,21
31.10.2024 22:00;31.10.2024 23:00;80,07
31.10.2024 23:00;01.11.2024 00:00;80,96
01.11.2024 00:00;01.11.2024 01:00;49,21
01.11.2024 01:00;01.11.2024 02:00;65,78
01.11.2024 02:00;01.11.2024 03:00;97,52
01.11.2024 03:00;01.11.2024 04:00;91,85
01.11.2024 04:00;01.11.2024 05:00;101,11
01.11.2024 05:00;01.11.2024 06:00;107,20
01.11.2024 06:00;01.11.2024 07:00;105,87
01.11.2024 07:00;01.11.2024 08:00;100,35
01.11.2024 08:00;01.11.2024 09:00;99,53
01.11.2024 09:00;01.11.2024 10:00;128,54
01.11.2024 10:00;01.11.2024 11:00;115,95
01.11.2024 11:00;01.11.2024 12:00;145,07
01.11.2024 12:00;01.11.2024 13:00;111,06
01.11.2024 13:00;01.11.2024 14:00;139,39
01.11.2024 14:00;01.11.2024 15:00;113,81
01.11.2024 15:00;01.11.2024 16:00;131,92
01.11.2024 16:00;01.11.2024 17:00;137,55
01.11.2024 17:00;01.11.2024 18:00;107,38
01.11.2024 18:00;01.11.2024 19:00;115,57
01.11.2024 19:00;01.11.2024 20:00;106,92
01.11.2024 20:00;01.11.2024 21:00;97,31
01.11.2024 21:00;01.11.2024 22:00;109,66
01.11.2024 22:00;01.11.2024 23:00;89,37
01.11.2024 23:00;02.11.2024 00:00;85,33
02.11.2024 00:00;02.11.2024 01:00;87,01
02.11.2024 01:00;02.11.2024 02:00;57,44
02.11.2024 02:00;02.11.2024 03:00;95,80
02.11.2024 03:00;02.11.2024 04:00;78,10
02.11.2024 04:00;02.11.2024 05:00;92,08
02.11.2024 05:00;02.11.2024 06:00;98,41
02.11.2024 06:00;02.11.2024 07:00;114,65
02.11.2024 07:00;02.11.2024 08:00;104,93
02.11.2024 08:00;02.11.2024 09:00;86,90
02.11.2024 09:00;02.11.2024 10:00;115,88
02.11.2024 10:00;02.11.2024 11:00;118,00
02.11.2024 11:00;02.11.2024 12:00;103,14
02.11.2024 12:00;02.11.2024 13:00;117,62
02.11.2024 13:00;02.11.2024 14:00;111,79
02.11.2024 14:00;02.11.2024 15:00;99,99
02.11.2024 15:00;02.11.2024 16:00;124,35
02.11.2024 16:00;02.11.2024 17:00;110,83
02.11.2024 17:00;02.11.2024 18:00;115,19
02.11.2024 18:00;02.11.2024 19:00;116,25
02.11.2024 19:00;02.11.2024 20:00;134,55
02.11.2024 20:00;02.11.2024 21:00;111,99
02.11.2024 21:00;02.11.2024 22:00;103,02
02.11.2024 22:00;02.11.2024 23:00;86,85
02.11.2024 23:00;03.11.2024 00:00;90,67
03.11.2024 00:00;03.11.2024 01:00;96,94
03.11.2024 01:00;03.11.2024 02:00;87,91
03.11.2024 02:00;03.11.2024 03:00;89,01
03.11.2024 03:00;03.11.2024 04:00;89,97
03.11.2024 04:00;03.11.2024 05:00;69,54
03.11.2024 05:00;03.11.2024 06:00;80,85
03.11.2024 06:00;03.11.2024 07:00;96,15
03.11.2024 07:00;03.11.2024 08:00;97,89
03.11.2024 08:00;03.11.2024 09:00;100,02
03.11.2024 09:00;03.11.2024 10:00;93,13
03.11.2024 10:00;03.11.2024 11:00;99,84
03.11.2024 11:00;03.11.2024 12:00;112,88
03.11.2024 12:00;03.11.2024 13:00;115,43
03.11.2024 13:00;03.11.2024 14:00;107,02
03.11.2024 14:00;03.11.2024 15:00;117,46
03.11.2024 15:00;03.11.2024 16:00;111,50
03.11.2024 16:00;03.11.2024 17:00;131,09
03.11.2024 17:00;03.11.2024 18:00;118,54
03.11.2024 18:00;03.11.2024 19:00;130,56
03.11.2024 19:00;03.11.2024 20:00;122,57
03.11.2024 20:00;03.11.2024 21:00;96,06
03.11.2024 21:00;03.11.2024 22:00;101,39
03.11.2024 22:00;03.11.2024 23:00;77,72
03.11.2024 23:00;04.11.2024 00:00;84,23
04.11.2024 00:00;04.11.2024 01:00;72,21
04.11.2024 01:00;04.11.2024 02:00;85,13
04.11.2024 02:00;04.11.2024 03:00;65,07
04.11.2024 03:00;04.11.2024 04:00;83,28
04.11.2024 04:00;04.11.2024 05:00;93,38
04.11.2024 05:00;04.11.2024 06:00;102,66
04.11.2024 06:00;04.11.2024 07:00;89,84
04.11.2024 07:00;04.11.2024 08:00;107,22
04.11.2024 08:00;04.11.2024 09:00;115,41
04.11.2024 09:00;04.11.2024 10:00;134,57
04.11.2024 10:00;04.11.2024 11:00;98,63
04.11.2024 11:00;04.11.2024 12:00;105,43
04.11.2024 12:00;04.11.2024 13:00;150,32
04.11.2024 13:00;04.11.2024 14:00;113,66
04.11.2024 14:00;04.11.2024 15:00;94,23
04.11.2024 15:00;04.11.2024 16:00;110,12
04.11.2024 16:00;04.11.2024 17:00;85,18
04.11.2024 17:00;04.11.2024 18:00;123,77
04.11.2024 18:00;04.11.2024 19:00;132,33
04.11.2024 19:00;04.11.2024 20:00;109,60
04.11.2024 20:00;04.11.2024 21:00;107,65
04.11.2024 21:00;04.11.2024 22:00;113,97
04.11.2024 22:00;04.11.2024 23:00;71,95
04.11.2024 23:00;05.11.2024 00:00;70,07
05.11.2024 00:00;05.11.2024 01:00;78,82
05.11.2024 01:00;05.11.2024 02:00;71,92
05.11.2024 02:00;05.11.2024 03:00;78,05
05.11.2024 03:00;05.11.2024 04:00;68,34
05.11.2024 04:00;05.11.2024 05:00;89,48
05.11.2024 05:00;05.11.2024 06:00;90,38
05.11.2024 06:00;05.11.2024 07:00;106,01
05.11.2024 07:00;05.11.2024 08:00;109,81
05.11.2024 08:00;05.11.2024 09:00;116,08
05.11.2024 09:00;05.11.2024 10:00;99,05
05.11.2024 10:00;05.11.2024 11:00;122,72
05.11.2024 11:00;05.11.2024 12:00;112,80
05.11.2024 12:00;05.11.2024 13:00;115,07
05.11.2024 13:00;05.11.2024 14:00;129,92
05.11.2024 14:00;05.11.2024 15:00;108,69
05.11.2024 15:00;05.11.2024 16:00;133,73
05.11.2024 16:00;05.11.2024 17:00;136,15
05.11.2024 17:00;05.11.2024 18:00;130,32
05.11.2024 18:00;05.11.2024 19:00;111,25
05.11.2024 19:00;05.11.2024 20:00;94,71
05.11.2024 20:00;05.11.2024 21:00;126,64
05.11.2024 21:00;05.11.2024 22:00;104,62
05.11.2024 22:00;05.11.2024 23:00;84,41
05.11.2024 23:00;06.11.2024 00:00;100,41
06.11.2024 00:00;06.11.2024 01:00;71,62
06.11.2024 01:00;06.11.2024 02:00;76,26
06.11.2024 02:00;06.11.2024 03:00;88,28
06.11.2024 03:00;06.11.2024 04:00;70,55
06.11.2024 04:00;06.11.2024 05:00;86,00
06.11.2024 05:00;06.11.2024 06:00;105,64
06.11.2024 06:00;06.11.2024 07:00;102,35
06.11.2024 07:00;06.11.2024 08:00;122,78
06.11.2024 08:00;06.11.2024 09:00;127,60
06.11.2024 09:00;06.11.2024 10:00;116,90
06.11.2024 10:00;06.11.2024 11:00;89,17
06.11.2024 11:00;06.11.2024 12:00;103,90
06.11.2024 12:00;06.11.2024 13:00;126,63
06.11.2024 13:00;06.11.2024 14:00;99,14
06.11.2024 14:00;06.11.2024 15:00;113,80
06.11.2024 15:00;06.11.2024 16:00;121,97
06.11.2024 16:00;06.11.2024 17:00;136,85
06.11.2024 17:00;06.11.2024 18:00;114,79
06.11.2024 18:00;06.11.2024 19:00;115,69
06.11.2024 19:00;06.11.2024 20:00;120,71
06.11.2024 20:00;06.11.2024 21:00;118,31
06.11.2024 21:00;06.11.2024 22:00;101,84
06.11.2024 22:00;06.11.2024 23:00;106,35
06.11.2024 23:00;07.11.2024 00:00;77,14
07.11.2024 00:00;07.11.2024 01:00;83,80
07.11.2024 01:00;07.11.2024 02:00;87,09
07.11.2024 02:00;07.11.2024 03:00;77,58
07.11.2024 03:00;07.11.2024 04:00;94,38
07.11.2024 04:00;07.11.2024 05:00;89,50
07.11.2024 05:00;07.11.2024 06:00;102,44
07.11.2024 06:00;07.11.2024 07:00;102,55
07.11.2024 07:00;07.11.2024 08:00;112,72
07.11.2024 08:00;07.11.2024 09:00;106,81
07.11.2024 09:00;07.11.2024 10:00;109,64
07.11.2024 10:00;07.11.2024 11:00;132,30
07.11.2024 11:00;07.11.2024 12:00;125,19
07.11.2024 12:00;07.11.2024 13:00;105,59
07.11.2024 13:00;07.11.2024 14:00;120,31
07.11.2024 14:00;07.11.2024 15:00;89,63
07.11.2024 15:00;07.11.2024 16:00;111,42
07.11.2024 16:00;07.11.2024 17:00;131,14
07.11.2024 17:00;07.11.2024 18:00;120,58
07.11.2024 18:00;07.11.2024 19:00;125,23
07.11.2024 19:00;07.11.2024 20:00;85,54
07.11.2024 20:00;07.11.2024 21:00;109,79
07.11.2024 21:00;07.11.2024 22:00;108,14
07.11.2024 22:00;07.11.2024 23:00;99,74
07.11.2024 23:00;08.11.2024 00:00;98,68
08.11.2024 00:00;08.11.2024 01:00;80,23
08.11.2024 01:00;08.11.2024 02:00;80,15
08.11.2024 02:00;08.11.2024 03:00;66,79
08.11.2024 03:00;08.11.2024 04:00;82,25
08.11.2024 04:00;08.11.2024 05:00;72,96
08.11.2024 05:00;08.11.2024 06:00;71,19
08.11.2024 06:00;08.11.2024 07:00;87,59
08.11.2024 07:00;08.11.2024 08:00;126,70
08.11.2024 08:00;08.11.2024 09:00;111,55
08.11.2024 09:00;08.11.2024 10:00;120,24
08.11.2024 10:00;08.11.2024 11:00;111,84
08.11.2024 11:00;08.11.2024 12:00;96,48
08.11.2024 12:00;08.11.2024 13:00;129,50
08.11.2024 13:00;08.11.2024 14:00;92,47
08.11.2024 14:00;08.11.2024 15:00;111,86
08.11.2024 15:00;08.11.2024 16:00;118,05
08.11.2024 16:00;08.11.2024 17:00;122,77
08.11.2024 17:00;08.11.2024 18:00;113,76
08.11.2024 18:00;08.11.2024 19:00;102,15
08.11.2024 19:00;08.11.2024 20:00;112,52
08.11.2024 20:00;08.11.2024 21:00;105,91
08.11.2024 21:00;08.11.2024 22:00;95,20
08.11.2024 22:00;08.11.2024 23:00;106,19
08.11.2024 23:00;09.11.2024 00:00;72,96
09.11.2024 00:00;09.11.2024 01:00;86,75
09.11.2024 01:00;09.11.2024 02:00;84,43
09.11.2024 02:00;09.11.2024 03:00;94,69
09.11.2024 03:00;09.11.2024 04:00;83,50
09.11.2024 04:00;09.11.2024 05:00;97,99
09.11.2024 05:00;09.11.2024 06:00;91,69
09.11.2024 06:00;09.11.2024 07:00;106,22
09.11.2024 07:00;09.11.2024 08:00;90,96
09.11.2024 08:00;09.11.2024 09:00;83,53
09.11.2024 09:00;09.11.2024 10:00;122,52
09.11.2024 10:00;09.11.2024 11:00;123,56
09.11.2024 11:00;09.11.2024 12:00;124,06
09.11.2024 12:00;09.11.2024 13:00;112,36
09.11.2024 13:00;09.11.2024 14:00;136,80
09.11.2024 14:00;09.11.2024 15:00;113,39
09.11.2024 15:00;09.11.2024 16:00;124,15
09.11.2024 16:00;09.11.2024 17:00;127,53
09.11.2024 17:00;09.11.2024 18:00;143,50
09.11.2024 18:00;09.11.2024 19:00;120,80
09.11.2024 19:00;09.11.2024 20:00;114,69
09.11.2024 20:00;09.11.2024 21:00;97,31
09.11.2024 21:00;09.11.2024 22:00;123,50
09.11.2024 22:00;09.11.2024 23:00;100,00
09.11.2024 23:00;10.11.2024 00:00;93,35
10.11.2024 00:00;10.11.2024 01:00;120,93
10.11.2024 01:00;10.11.2024 02:00;86,82
10.11.2024 02:00;10.11.2024 03:00;67,93
10.11.2024 03:00;10.11.2024 04:00;83,13
10.11.2024 04:00;10.11.2024 05:00;77,19
10.11.2024 05:00;10.11.2024 06:00;89,40
10.11.2024 06:00;10.11.2024 07:00;96,56
10.11.2024 07:00;10.11.2024 08:00;102,34
10.11.2024 08:00;10.11.2024 09:00;98,86
10.11.2024 09:00;10.11.2024 10:00;137,49
10.11.2024 10:00;10.11.2024 11:00;122,37
10.11.2024 11:00;10.11.2024 12:00;116,04
10.11.2024 12:00;10.11.2024 13:00;128,14
10.11.2024 13:00;10.11.2024 14:00;124,97
10.11.2024 14:00;10.11.2024 15:00;122,60
10.11.2024 15:00;10.11.2024 16:00;127,70
10.11.2024 16:00;10.11.2024 17:00;122,39
10.11.2024 17:00;10.11.2024 18:00;131,30
10.11.2024 18:00;10.11.2024 19:00;134,03
10.11.2024 19:00;10.11.2024 20:00;124,87
10.11.2024 20:00;10.11.2024 21:00;113,03
10.11.2024 21:00;10.11.2024 22:00;123,62
10.11.2024 22:00;10.11.2024 23:00;89,60
10.11.2024 23:00;11.11.2024 00:00;93,00
11.11.2024 00:00;11.11.2024 01:00;88,88
11.11.2024 01:00;11.11.2024 02:00;75,99
11.11.2024 02:00;11.11.2024 03:00;74,25
11.11.2024 03:00;11.11.2024 04:00;81,62
11.11.2024 04:00;11.11.2024 05:00;83,36
11.11.2024 05:00;11.11.2024 06:00;77,04
11.11.2024 06:00;11.11.2024 07:00;93,96
11.11.2024 07:00;11.11.2024 08:00;112,96
11.11.2024 08:00;11.11.2024 09:00;131,15
11.11.2024 09:00;11.11.2024 10:00;125,42
11.11.2024 10:00;11.11.2024 11:00;87,97
11.11.2024 11:00;11.11.2024 12:00;126,82
11.11.2024 12:00;11.11.2024 13:00;112,73
11.11.2024 13:00;11.11.2024 14:00;125,14
11.11.2024 14:00;11.11.2024 15:00;119,51
11.11.2024 15:00;11.11.2024 16:00;117,56
11.11.2024 16:00;11.11.2024 17:00;119,95
11.11.2024 17:00;11.11.2024 18:00;123,38
11.11.2024 18:00;11.11.2024 19:00;141,51
11.11.2024 19:00;11.11.2024 20:00;123,07
11.11.2024 20:00;11.11.2024 21:00;129,08
11.11.2024 21:00;11.11.2024 22:00;116,92
11.11.2024 22:00;11.11.2024 23:00;103,72
11.11.2024 23:00;12.11.2024 00:00;67,25
12.11.2024 00:00;12.11.2024 01:00;97,70
12.11.2024 01:00;12.11.2024 02:00;78,19
12.11.2024 02:00;12.11.2024 03:00;92,91
12.11.2024 03:00;12.11.2024 04:00;74,58
12.11.2024 04:00;12.11.2024 05:00;75,43
12.11.2024 05:00;12.11.2024 06:00;118,63
12.11.2024 06:00;12.11.2024 07:00;90,68
12.11.2024 07:00;12.11.2024 08:00;123,90
12.11.2024 08:00;12.11.2024 09:00;117,76
12.11.2024 09:00;12.11.2024 10:00;114,11
12.11.2024 10:00;12.11.2024 11:00;119,01
12.11.2024 11:00;12.11.2024 12:00;103,90
12.11.2024 12:00;12.11.2024 13:00;119,65
12.11.2024 13:00;12.11.2024 14:00;107,09
12.11.2024 14:00;12.11.2024 15:00;115,32
12.11.2024 15:00;12.11.2024 16:00;131,36
12.11.2024 16:00;12.11.2024 17:00;124,60
12.11.2024 17:00;12.11.2024 18:00;106,24
12.11.2024 18:00;12.11.2024 19:00;135,98
12.11.2024 19:00;12.11.2024 20:00;123,60
12.11.2024 20:00;12.11.2024 21:00;109,93
12.11.2024 21:00;12.11.2024 22:00;114,99
12.11.2024 22:00;12.11.2024 23:00;94,09
12.11.2024 23:00;13.11.2024 00:00;75,08
13.11.2024 00:00;13.11.2024 01:00;106,85
13.11.2024 01:00;13.11.2024 02:00;83,86
13.11.2024 02:00;13.11.2024 03:00;83,72
13.11.2024 03:00;13.11.2024 04:00;81,77
13.11.2024 04:00;13.11.2024 05:00;104,19
13.11.2024 05:00;13.11.2024 06:00;89,00
13.11.2024 06:00;13.11.2024 07:00;84,00
13.11.2024 07:00;13.11.2024 08:00;102,38
13.11.2024 08:00;13.11.2024 09:00;132,64
13.11.2024 09:00;13.11.2024 10:00;129,51
13.11.2024 10:00;13.11.2024 11:00;116,87
13.11.2024 11:00;13.11.2024 12:00;136,37
13.11.2024 12:00;13.11.2024 13:00;129,17
13.11.2024 13:00;13.11.2024 14:00;117,26
13.11.2024 14:00;13.11.2024 15:00;118,45
13.11.2024 15:00;13.11.2024 16:00;124,58
13.11.2024 16:00;13.11.2024 17:00;111,95
13.11.2024 17:00;13.11.2024 18:00;124,46
13.11.2024 18:00;13.11.2024 19:00;129,84
13.11.2024 19:00;13.11.2024 20:00;103,82
13.11.2024 20:00;13.11.2024 21:00;114,55
13.11.2024 21:00;13.11.2024 22:00;102,77
13.11.2024 22:00;13.11.2024 23:00;108,81
13.11.2024 23:00;14.11.2024 00:00;67,32
14.11.2024 00:00;14.11.2024 01:00;80,47
14.11.2024 01:00;14.11.2024 02:00;78,66
14.11.2024 02:00;14.11.2024 03:00;96,60
14.11.2024 03:00;14.11.2024 04:00;86,48
14.11.2024 04:00;14.11.2024 05:00;111,96
14.11.2024 05:00;14.11.2024 06:00;103,62
14.11.2024 06:00;14.11.2024 07:00;97,99
14.11.2024 07:00;14.11.2024 08:00;113,78
14.11.2024 08:00;14.11.2024 09:00;112,85
14.11.2024 09:00;14.11.2024 10:00;130,22
14.11.2024 10:00;14.11.2024 11:00;104,31
14.11.2024 11:00;14.11.2024 12:00;110,38
14.11.2024 12:00;14.11.2024 13:00;126,04
14.11.2024 13:00;14.11.2024 14:00;135,55
14.11.2024 14:00;14.11.2024 15:00;94,39
14.11.2024 15:00;14.11.2024 16:00;137,50
14.11.2024 16:00;14.11.2024 17:00;120,63
14.11.2024 17:00;14.11.2024 18:00;102,18
14.11.2024 18:00;14.11.2024 19:00;90,49
14.11.2024 19:00;14.11.2024 20:00;106,09
14.11.2024 20:00;14.11.2024 21:00;116,96
14.11.2024 21:00;14.11.2024 22:00;105,99
14.11.2024 22:00;14.11.2024 23:00;104,45
14.11.2024 23:00;15.11.2024 00:00;83,23
15.11.2024 00:00;15.11.2024 01:00;72,13
15.11.2024 01:00;15.11.2024 02:00;79,86
15.11.2024 02:00;15.11.2024 03:00;85,85
15.11.2024 03:00;15.11.2024 04:00;90,15
15.11.2024 04:00;15.11.2024 05:00;81,31
15.11.2024 05:00;15.11.2024 06:00;106,86
15.11.2024 06:00;15.11.2024 07:00;95,83
15.11.2024 07:00;15.11.2024 08:00;100,84
15.11.2024 08:00;15.11.2024 09:00;110,96
15.11.2024 09:00;15.11.2024 10:00;133,17
15.11.2024 10:00;15.11.2024 11:00;119,08
15.11.2024 11:00;15.11.2024 12:00;112,30
15.11.2024 12:00;15.11.2024 13:00;132,05
15.11.2024 13:00;15.11.2024 14:00;146,92
15.11.2024 14:00;15.11.2024 15:00;123,70
15.11.2024 15:00;15.11.2024 16:00;136,18
15.11.2024 16:00;15.11.2024 17:00;135,11
15.11.2024 17:00;15.11.2024 18:00;117,89
15.11.2024 18:00;15.11.2024 19:00;127,20
15.11.2024 19:00;15.11.2024 20:00;109,42
15.11.2024 20:00;15.11.2024 21:00;115,11
15.11.2024 21:00;15.11.2024 22:00;99,64
15.11.2024 22:00;15.11.2024 23:00;92,39
15.11.2024 23:00;16.11.2024 00:00;81,20
16.11.2024 00:00;16.11.2024 01:00;82,35
16.11.2024 01:00;16.11.2024 02:00;91,57
16.11.2024 02:00;16.11.2024 03:00;84,38
16.11.2024 03:00;16.11.2024 04:00;65,37
16.11.2024 04:00;16.11.2024 05:00;82,19
16.11.2024 05:00;16.11.2024 06:00;78,18
16.11.2024 06:00;16.11.2024 07:00;106,58
16.11.2024 07:00;16.11.2024 08:00;117,68
16.11.2024 08:00;16.11.2024 09:00;120,91
16.11.2024 09:00;16.11.2024 10:00;111,19
16.11.2024 10:00;16.11.2024 11:00;124,00
16.11.2024 11:00;16.11.2024 12:00;115,36
16.11.2024 12:00;16.11.2024 13:00;107,65
16.11.2024 13:00;16.11.2024 14:00;130,48
16.11.2024 14:00;16.11.2024 15:00;131,37
16.11.2024 15:00;16.11.2024 16:00;133,13
16.11.2024 16:00;16.11.2024 17:00;115,75
16.11.2024 17:00;16.11.2024 18:00;139,67
16.11.2024 18:00;16.11.2024 19:00;121,33
16.11.2024 19:00;16.11.2024 20:00;133,02
16.11.2024 20:00;16.11.2024 21:00;111,80
16.11.2024 21:00;16.11.2024 22:00;104,83
16.11.2024 22:00;16.11.2024 23:00;68,54
16.11.2024 23:00;17.11.2024 00:00;86,94
17.11.2024 00:00;17.11.2024 01:00;87,25
17.11.2024 01:00;17.11.2024 02:00;80,62
17.11.2024 02:00;17.11.2024 03:00;107,25
17.11.2024 03:00;17.11.2024 04:00;74,16
17.11.2024 04:00;17.11.2024 05:00;84,74
17.11.2024 05:00;17.11.2024 06:00;85,91
17.11.2024 06:00;17.11.2024 07:00;97,25
17.11.2024 07:00;17.11.2024 08:00;124,38
17.11.2024 08:00;17.11.2024 09:00;135,94
17.11.2024 09:00;17.11.2024 10:00;112,60
17.11.2024 10:00;17.11.2024 11:00;112,73
17.11.2024 11:00;17.11.2024 12:00;107,48
17.11.2024 12:00;17.11.2024 13:00;137,35
17.11.2024 13:00;17.11.2024 14:00;135,39
17.11.2024 14:00;17.11.2024 15:00;120,65
17.11.2024 15:00;17.11.2024 16:00;105,36
17.11.2024 16:00;17.11.2024 17:00;107,73
17.11.2024 17:00;17.11.2024 18:00;127,93
17.11.2024 18:00;17.11.2024 19:00;134,21
17.11.2024 19:00;17.11.2024 20:00;100,75
17.11.2024 20:00;17.11.2024 21:00;114,44
17.11.2024 21:00;17.11.2024 22:00;127,30
17.11.2024 22:00;17.11.2024 23:00;95,35
17.11.2024 23:00;18.11.2024 00:00;108,81
18.11.2024 00:00;18.11.2024 01:00;94,30
18.11.2024 01:00;18.11.2024 02:00;72,89
18.11.2024 02:00;18.11.2024 03:00;83,03
18.11.2024 03:00;18.11.2024 04:00;86,92
18.11.2024 04:00;18.11.2024 05:00;80,44
18.11.2024 05:00;18.11.2024 06:00;85,49
18.11.2024 06:00;18.11.2024 07:00;122,46
18.11.2024 07:00;18.11.2024 08:00;100,64
18.11.2024 08:00;18.11.2024 09:00;131,50
18.11.2024 09:00;18.11.2024 10:00;116,13
18.11.2024 10:00;18.11.2024 11:00;121,46
18.11.2024 11:00;18.11.2024 12:00;128,47
18.11.2024 12:00;18.11.2024 13:00;114,85
18.11.2024 13:00;18.11.2024 14:00;129,11
18.11.2024 14:00;18.11.2024 15:00;97,72
18.11.2024 15:00;18.11.2024 16:00;127,75
18.11.2024 16:00;18.11.2024 17:00;94,15
18.11.2024 17:00;18.11.2024 18:00;123,52
18.11.2024 18:00;18.11.2024 19:00;138,23
18.11.2024 19:00;18.11.2024 20:00;133,37
18.11.2024 20:00;18.11.2024 21:00;103,08
18.11.2024 21:00;18.11.2024 22:00;94,21
18.11.2024 22:00;18.11.2024 23:00;90,05
18.11.2024 23:00;19.11.2024 00:00;93,52
19.11.2024 00:00;19.11.2024 01:00;62,49
19.11.2024 01:00;19.11.2024 02:00;86,10
19.11.2024 02:00;19.11.2024 03:00;90,63
19.11.2024 03:00;19.11.2024 04:00;85,43
19.11.2024 04:00;19.11.2024 05:00;98,53
19.11.2024 05:00;19.11.2024 06:00;100,17
19.11.2024 06:00;19.11.2024 07:00;98,23
19.11.2024 07:00;19.11.2024 08:00;89,49
19.11.2024 08:00;19.11.2024 09:00;120,52
19.11.2024 09:00;19.11.2024 10:00;110,28
19.11.2024 10:00;19.11.2024 11:00;115,18
19.11.2024 11:00;19.11.2024 12:00;127,83
19.11.2024 12:00;19.11.2024 13:00;139,39
19.11.2024 13:00;19.11.2024 14:00;122,20
19.11.2024 14:00;19.11.2024 15:00;129,28
19.11.2024 15:00;19.11.2024 16:00;105,49
19.11.2024 16:00;19.11.2024 17:00;127,07
19.11.2024 17:00;19.11.2024 18:00;125,88
19.11.2024 18:00;19.11.2024 19:00;143,08
19.11.2024 19:00;19.11.2024 20:00;119,77
19.11.2024 20:00;19.11.2024 21:00;116,11
19.11.2024 21:00;19.11.2024 22:00;121,31
19.11.2024 22:00;19.11.2024 23:00;97,57
19.11.2024 23:00;20.11.2024 00:00;78,34
20.11.2024 00:00;20.11.2024 01:00;117,84
20.11.2024 01:00;20.11.2024 02:00;73,67
20.11.2024 02:00;20.11.2024 03:00;86,47
20.11.2024 03:00;20.11.2024 04:00;93,33
20.11.2024 04:00;20.11.2024 05:00;95,79
20.11.2024 05:00;20.11.2024 06:00;95,56
20.11.2024 06:00;20.11.2024 07:00;102,87
20.11.2024 07:00;20.11.2024 08:00;110,25
20.11.2024 08:00;20.11.2024 09:00;105,87
20.11.2024 09:00;20.11.2024 10:00;147,87
20.11.2024 10:00;20.11.2024 11:00;119,83
20.11.2024 11:00;20.11.2024 12:00;129,60
20.11.2024 12:00;20.11.2024 13:00;118,72
20.11.2024 13:00;20.11.2024 14:00;118,75
20.11.2024 14:00;20.11.2024 15:00;117,52
20.11.2024 15:00;20.11.2024 16:00;104,58
20.11.2024 16:00;20.11.2024 17:00;122,55
20.11.2024 17:00;20.11.2024 18:00;122,07
20.11.2024 18:00;20.11.2024 19:00;142,74
20.11.2024 19:00;20.11.2024 20:00;112,25
20.11.2024 20:00;20.11.2024 21:00;112,44
20.11.2024 21:00;20.11.2024 22:00;98,17
20.11.2024 22:00;20.11.2024 23:00;116,33
20.11.2024 23:00;21.11.2024 00:00;81,56
21.11.2024 00:00;21.11.2024 01:00;94,32
21.11.2024 01:00;21.11.2024 02:00;98,60
21.11.2024 02:00;21.11.2024 03:00;85,84
21.11.2024 03:00;21.11.2024 04:00;73,00
21.11.2024 04:00;21.11.2024 05:00;76,55
21.11.2024 05:00;21.11.2024 06:00;108,50
21.11.2024 06:00;21.11.2024 07:00;90,30
21.11.2024 07:00;21.11.2024 08:00;118,12
21.11.2024 08:00;21.11.2024 09:00;120,99
21.11.2024 09:00;21.11.2024 10:00;126,95
21.11.2024 10:00;21.11.2024 11:00;128,48
21.11.2024 11:00;21.11.2024 12:00;111,58
21.11.2024 12:00;21.11.2024 13:00;111,38
21.11.2024 13:00;21.11.2024 14:00;131,93
21.11.2024 14:00;21.11.2024 15:00;115,78
21.11.2024 15:00;21.11.2024 16:00;90,52
21.11.2024 16:00;21.11.2024 17:00;132,61
21.11.2024 17:00;21.11.2024 18:00;114,86
21.11.2024 18:00;21.11.2024 19:00;134,63
21.11.2024 19:00;21.11.2024 20:00;143,67
21.11.2024 20:00;21.11.2024 21:00;119,91
21.11.2024 21:00;21.11.2024 22:00;121,25
21.11.2024 22:00;21.11.2024 23:00;101,21
21.11.2024 23:00;22.11.2024 00:00;111,39
22.11.2024 00:00;22.11.2024 01:00;75,17
22.11.2024 01:00;22.11.2024 02:00;87,20
22.11.2024 02:00;22.11.2024 03:00;96,01
22.11.2024 03:00;22.11.2024 04:00;87,58
22.11.2024 04:00;22.11.2024 05:00;107,09
22.11.2024 05:00;22.11.2024 06:00;93,34
22.11.2024 06:00;22.11.2024 07:00;130,61
22.11.2024 07:00;22.11.2024 08:00;139,23
22.11.2024 08:00;22.11.2024 09:00;123,34
22.11.2024 09:00;22.11.2024 10:00;129,39
22.11.2024 10:00;22.11.2024 11:00;137,46
22.11.2024 11:00;22.11.2024 12:00;108,88
22.11.2024 12:00;22.11.2024 13:00;107,68
22.11.2024 13:00;22.11.2024 14:00;138,77
22.11.2024 14:00;22.11.2024 15:00;126,96
22.11.2024 15:00;22.11.2024 16:00;121,15
22.11.2024 16:00;22.11.2024 17:00;125,30
22.11.2024 17:00;22.11.2024 18:00;99,01
22.11.2024 18:00;22.11.2024 19:00;127,08
22.11.2024 19:00;22.11.2024 20:00;118,26
22.11.2024 20:00;22.11.2024 21:00;131,07
22.11.2024 21:00;22.11.2024 22:00;121,58
22.11.2024 22:00;22.11.2024 23:00;106,63
22.11.2024 23:00;23.11.2024 00:00;97,43
23.11.2024 00:00;23.11.2024 01:00;70,28
23.11.2024 01:00;23.11.2024 02:00;94,73
23.11.2024 02:00;23.11.2024 03:00;95,83
23.11.2024 03:00;23.11.2024 04:00;105,14
23.11.2024 04:00;23.11.2024 05:00;119,02
23.11.2024 05:00;23.11.2024 06:00;78,56
23.11.2024 06:00;23.11.2024 07:00;101,45
23.11.2024 07:00;23.11.2024 08:00;105,19
23.11.2024 08:00;23.11.2024 09:00;122,36
23.11.2024 09:00;23.11.2024 10:00;123,26
23.11.2024 10:00;23.11.2024 11:00;120,69
23.11.2024 11:00;23.11.2024 12:00;135,79
23.11.2024 12:00;23.11.2024 13:00;110,55
23.11.2024 13:00;23.11.2024 14:00;111,54
23.11.2024 14:00;23.11.2024 15:00;111,72
23.11.2024 15:00;23.11.2024 16:00;119,88
23.11.2024 16:00;23.11.2024 17:00;110,76
23.11.2024 17:00;23.11.2024 18:00;127,40
23.11.2024 18:00;23.11.2024 19:00;127,72
23.11.2024 19:00;23.11.2024 20:00;118,20
23.11.2024 20:00;23.11.2024 21:00;130,88
23.11.2024 21:00;23.11.2024 22:00;109,26
23.11.2024 22:00;23.11.2024 23:00;112,80
23.11.2024 23:00;24.11.2024 00:00;90,68
24.11.2024 00:00;24.11.2024 01:00;88,29
24.11.2024 01:00;24.11.2024 02:00;81,22
24.11.2024 02:00;24.11.2024 03:00;88,52
24.11.2024 03:00;24.11.2024 04:00;99,08
24.11.2024 04:00;24.11.2024 05:00;89,00
24.11.2024 05:00;24.11.2024 06:00;105,42
24.11.2024 06:00;24.11.2024 07:00;96,69
24.11.2024 07:00;24.11.2024 08:00;123,54
24.11.2024 08:00;24.11.2024 09:00;113,67
24.11.2024 09:00;24.11.2024 10:00;133,65
24.11.2024 10:00;24.11.2024 11:00;124,56
24.11.2024 11:00;24.11.2024 12:00;142,05
24.11.2024 12:00;24.11.2024 13:00;110,25
24.11.2024 13:00;24.11.2024 14:00;106,65
24.11.2024 14:00;24.11.2024 15:00;116,95
24.11.2024 15:00;24.11.2024 16:00;107,92
24.11.2024 16:00;24.11.2024 17:00;109,25
24.11.2024 17:00;24.11.2024 18:00;135,77
24.11.2024 18:00;24.11.2024 19:00;129,99
24.11.2024 19:00;24.11.2024 20:00;122,21
24.11.2024 20:00;24.11.2024 21:00;116,08
24.11.2024 21:00;24.11.2024 22:00;103,15
24.11.2024 22:00;24.11.2024 23:00;120,19
24.11.2024 23:00;25.11.2024 00:00;84,53
25.11.2024 00:00;25.11.2024 01:00;73,05
25.11.2024 01:00;25.11.2024 02:00;97,85
25.11.2024 02:00;25.11.2024 03:00;86,35
25.11.2024 03:00;25.11.2024 04:00;115,33
25.11.2024 04:00;25.11.2024 05:00;87,95
25.11.2024 05:00;25.11.2024 06:00;109,68
25.11.2024 06:00;25.11.2024 07:00;119,76
25.11.2024 07:00;25.11.2024 08:00;108,51
25.11.2024 08:00;25.11.2024 09:00;112,04
25.11.2024 09:00;25.11.2024 10:00;132,66
25.11.2024 10:00;25.11.2024 11:00;131,06
25.11.2024 11:00;25.11.2024 12:00;107,20
25.11.2024 12:00;25.11.2024 13:00;110,89
25.11.2024 13:00;25.11.2024 14:00;94,26
25.11.2024 14:00;25.11.2024 15:00;131,82
25.11.2024 15:00;25.11.2024 16:00;121,72
25.11.2024 16:00;25.11.2024 17:00;124,22
25.11.2024 17:00;25.11.2024 18:00;108,34
25.11.2024 18:00;25.11.2024 19:00;117,19
25.11.2024 19:00;25.11.2024 20:00;122,56
25.11.2024 20:00;25.11.2024 21:00;112,99
25.11.2024 21:00;25.11.2024 22:00;112,06
25.11.2024 22:00;25.11.2024 23:00;107,71
25.11.2024 23:00;26.11.2024 00:00;120,92
26.11.2024 00:00;26.11.2024 01:00;88,99
26.11.2024 01:00;26.11.2024 02:00;102,01
26.11.2024 02:00;26.11.2024 03:00;79,30
26.11.2024 03:00;26.11.2024 04:00;71,09
26.11.2024 04:00;26.11.2024 05:00;90,36
26.11.2024 05:00;26.11.2024 06:00;80,68
26.11.2024 06:00;26.11.2024 07:00;107,27
26.11.2024 07:00;26.11.2024 08:00;105,72
26.11.2024 08:00;26.11.2024 09:00;97,83
26.11.2024 09:00;26.11.2024 10:00;144,92
26.11.2024 10:00;26.11.2024 11:00;118,03
26.11.2024 11:00;26.11.2024 12:00;104,80
26.11.2024 12:00;26.11.2024 13:00;135,53
26.11.2024 13:00;26.11.2024 14:00;116,28
26.11.2024 14:00;26.11.2024 15:00;138,08
26.11.2024 15:00;26.11.2024 16:00;116,39
26.11.2024 16:00;26.11.2024 17:00;120,00
26.11.2024 17:00;26.11.2024 18:00;133,10
26.11.2024 18:00;26.11.2024 19:00;137,81
26.11.2024 19:00;26.11.2024 20:00;137,84
26.11.2024 20:00;26.11.2024 21:00;120,30
26.11.2024 21:00;26.11.2024 22:00;117,31
26.11.2024 22:00;26.11.2024 23:00;109,98
26.11.2024 23:00;27.11.2024 00:00;96,42
27.11.2024 00:00;27.11.2024 01:00;87,84
27.11.2024 01:00;27.11.2024 02:00;71,60
27.11.2024 02:00;27.11.2024 03:00;96,77
27.11.2024 03:00;27.11.2024 04:00;92,01
27.11.2024 04:00;27.11.2024 05:00;89,94
27.11.2024 05:00;27.11.2024 06:00;115,50
27.11.2024 06:00;27.11.2024 07:00;90,28
27.11.2024 07:00;27.11.2024 08:00;135,13
27.11.2024 08:00;27.11.2024 09:00;121,33
27.11.2024 09:00;27.11.2024 10:00;128,22
27.11.2024 10:00;27.11.2024 11:00;120,06
27.11.2024 11:00;27.11.2024 12:00;104,76
27.11.2024 12:00;27.11.2024 13:00;123,39
27.11.2024 13:00;27.11.2024 14:00;129,36
27.11.2024 14:00;27.11.2024 15:00;133,43
27.11.2024 15:00;27.11.2024 16:00;123,13
27.11.2024 16:00;27.11.2024 17:00;100,50
27.11.2024 17:00;27.11.2024 18:00;110,78
27.11.2024 18:00;27.11.2024 19:00;155,64
27.11.2024 19:00;27.11.2024 20:00;115,83
27.11.2024 20:00;27.11.2024 21:00;138,82
27.11.2024 21:00;27.11.2024 22:00;100,08
27.11.2024 22:00;27.11.2024 23:00;99,17
27.11.2024 23:00;28.11.2024 00:00;101,83
28.11.2024 00:00;28.11.2024 01:00;80,03
28.11.2024 01:00;28.11.2024 02:00;108,36
28.11.2024 02:00;28.11.2024 03:00;90,80
28.11.2024 03:00;28.11.2024 04:00;97,35
28.11.2024 04:00;28.11.2024 05:00;92,01
28.11.2024 05:00;28.11.2024 06:00;108,39
28.11.2024 06:00;28.11.2024 07:00;126,68
28.11.2024 07:00;28.11.2024 08:00;114,14
28.11.2024 08:00;28.11.2024 09:00;142,67
28.11.2024 09:00;28.11.2024 10:00;117,38
28.11.2024 10:00;28.11.2024 11:00;134,29
28.11.2024 11:00;28.11.2024 12:00;130,95
28.11.2024 12:00;28.11.2024 13:00;112,56
28.11.2024 13:00;28.11.2024 14:00;128,22
28.11.2024 14:00;28.11.2024 15:00;125,72
28.11.2024 15:00;28.11.2024 16:00;115,58
28.11.2024 16:00;28.11.2024 17:00;131,42
28.11.2024 17:00;28.11.2024 18:00;131,35
28.11.2024 18:00;28.11.2024 19:00;130,46
28.11.2024 19:00;28.11.2024 20:00;128,43
28.11.2024 20:00;28.11.2024 21:00;120,93
28.11.2024 21:00;28.11.2024 22:00;107,19
28.11.2024 22:00;28.11.2024 23:00;103,35
28.11.2024 23:00;29.11.2024 00:00;86,92
29.11.2024 00:00;29.11.2024 01:00;122,06
29.11.2024 01:00;29.11.2024 02:00;72,65
29.11.2024 02:00;29.11.2024 03:00;83,18
29.11.2024 03:00;29.11.2024 04:00;86,06
29.11.2024 04:00;29.11.2024 05:00;120,02
29.11.2024 05:00;29.11.2024 06:00;84,95
29.11.2024 06:00;29.11.2024 07:00;113,15
29.11.2024 07:00;29.11.2024 08:00;119,01
29.11.2024 08:00;29.11.2024 09:00;126,23
29.11.2024 09:00;29.11.2024 10:00;139,86
29.11.2024 10:00;29.11.2024 11:00;140,02
29.11.2024 11:00;29.11.2024 12:00;119,98
29.11.2024 12:00;29.11.2024 13:00;128,02
29.11.2024 13:00;29.11.2024 14:00;103,59
29.11.2024 14:00;29.11.2024 15:00;127,13
29.11.2024 15:00;29.11.2024 16:00;116,60
29.11.2024 16:00;29.11.2024 17:00;125,20
29.11.2024 17:00;29.11.2024 18:00;109,68
29.11.2024 18:00;29.11.2024 19:00;136,50
29.11.2024 19:00;29.11.2024 20:00;109,20
29.11.2024 20:00;29.11.2024 21:00;124,10
29.11.2024 21:00;29.11.2024 22:00;97,19
29.11.2024 22:00;29.11.2024 23:00;91,78
29.11.2024 23:00;30.11.2024 00:00;108,81
30.11.2024 00:00;30.11.2024 01:00;97,54
30.11.2024 01:00;30.11.2024 02:00;103,66
30.11.2024 02:00;30.11.2024 03:00;109,22
30.11.2024 03:00;30.11.2024 04:00;83,16
30.11.2024 04:00;30.11.2024 05:00;113,82
30.11.2024 05:00;30.11.2024 06:00;83,51
30.11.2024 06:00;30.11.2024 07:00;117,30
30.11.2024 07:00;30.11.2024 08:00;110,41
30.11.2024 08:00;30.11.2024 09:00;111,36
30.11.2024 09:00;30.11.2024 10:00;132,71
30.11.2024 10:00;30.11.2024 11:00;137,07
30.11.2024 11:00;30.11.2024 12:00;136,68
30.11.2024 12:00;30.11.2024 13:00;128,57
30.11.2024 13:00;30.11.2024 14:00;127,85
30.11.2024 14:00;30.11.2024 15:00;132,57
30.11.2024 15:00;30.11.2024 16:00;130,08
30.11.2024 16:00;30.11.2024 17:00;134,23
30.11.2024 17:00;30.11.2024 18:00;132,66
30.11.2024 18:00;30.11.2024 19:00;142,05
30.11.2024 19:00;30.11.2024 20:00;110,34
30.11.2024 20:00;30.11.2024 21:00;121,05
30.11.2024 21:00;30.11.2024 22:00;95,60
30.11.2024 22:00;30.11.2024 23:00;105,60
30.11.2024 23:00;01.12.2024 00:00;114,96
01.12.2024 00:00;01.12.2024 01:00;85,09
01.12.2024 01:00;01.12.2024 02:00;91,70
01.12.2024 02:00;01.12.2024 03:00;99,88
01.12.2024 03:00;01.12.2024 04:00;67,92
01.12.2024 04:00;01.12.2024 05:00;89,87
01.12.2024 05:00;01.12.2024 06:00;105,77
01.12.2024 06:00;01.12.2024 07:00;73,88
01.12.2024 07:00;01.12.2024 08:00;104,91
01.12.2024 08:00;01.12.2024 09:00;136,03
01.12.2024 09:00;01.12.2024 10:00;137,67
01.12.2024 10:00;01.12.2024 11:00;130,52
01.12.2024 11:00;01.12.2024 12:00;136,58
01.12.2024 12:00;01.12.2024 13:00;128,88
01.12.2024 13:00;01.12.2024 14:00;133,23
01.12.2024 14:00;01.12.2024 15:00;122,76
01.12.2024 15:00;01.12.2024 16:00;128,12
01.12.2024 16:00;01.12.2024 17:00;120,45
01.12.2024 17:00;01.12.2024 18:00;145,67
01.12.2024 18:00;01.12.2024 19:00;150,50
01.12.2024 19:00;01.12.2024 20:00;146,72
01.12.2024 20:00;01.12.2024 21:00;118,02
01.12.2024 21:00;01.12.2024 22:00;101,06
01.12.2024 22:00;01.12.2024 23:00;117,90
01.12.2024 23:00;02.12.2024 00:00;102,08
02.12.2024 00:00;02.12.2024 01:00;95,01
02.12.2024 01:00;02.12.2024 02:00;82,86
02.12.2024 02:00;02.12.2024 03:00;96,20
02.12.2024 03:00;02.12.2024 04:00;80,00
02.12.2024 04:00;02.12.2024 05:00;104,03
02.12.2024 05:00;02.12.2024 06:00;118,24
02.12.2024 06:00;02.12.2024 07:00;128,51
02.12.2024 07:00;02.12.2024 08:00;125,43
02.12.2024 08:00;02.12.2024 09:00;106,53
02.12.2024 09:00;02.12.2024 10:00;128,29
02.12.2024 10:00;02.12.2024 11:00;152,00
02.12.2024 11:00;02.12.2024 12:00;115,86
02.12.2024 12:00;02.12.2024 13:00;125,88
02.12.2024 13:00;02.12.2024 14:00;143,82
02.12.2024 14:00;02.12.2024 15:00;134,24
02.12.2024 15:00;02.12.2024 16:00;156,79
02.12.2024 16:00;02.12.2024 17:00;119,53
02.12.2024 17:00;02.12.2024 18:00;118,92
02.12.2024 18:00;02.12.2024 19:00;147,22
02.12.2024 19:00;02.12.2024 20:00;116,11
02.12.2024 20:00;02.12.2024 21:00;120,85
02.12.2024 21:00;02.12.2024 22:00;112,01
02.12.2024 22:00;02.12.2024 23:00;115,30
02.12.2024 23:00;03.12.2024 00:00;103,22
03.12.2024 00:00;03.12.2024 01:00;96,84
03.12.2024 01:00;03.12.2024 02:00;85,92
03.12.2024 02:00;03.12.2024 03:00;105,96
03.12.2024 03:00;03.12.2024 04:00;141,62
03.12.2024 04:00;03.12.2024 05:00;105,01
03.12.2024 05:00;03.12.2024 06:00;103,17
03.12.2024 06:00;03.12.2024 07:00;93,65
03.12.2024 07:00;03.12.2024 08:00;109,56
03.12.2024 08:00;03.12.2024 09:00;120,84
03.12.2024 09:00;03.12.2024 10:00;119,80
03.12.2024 10:00;03.12.2024 11:00;126,42
03.12.2024 11:00;03.12.2024 12:00;147,91
03.12.2024 12:00;03.12.2024 13:00;141,84
03.12.2024 13:00;03.12.2024 14:00;125,24
03.12.2024 14:00;03.12.2024 15:00;112,62
03.12.2024 15:00;03.12.2024 16:00;143,36
03.12.2024 16:00;03.12.2024 17:00;128,03
03.12.2024 17:00;03.12.2024 18:00;110,37
03.12.2024 18:00;03.12.2024 19:00;141,37
03.12.2024 19:00;03.12.2024 20:00;143,05
03.12.2024 20:00;03.12.2024 21:00;94,39
03.12.2024 21:00;03.12.2024 22:00;103,19
03.12.2024 22:00;03.12.2024 23:00;101,83
03.12.2024 23:00;04.12.2024 00:00;104,95
04.12.2024 00:00;04.12.2024 01:00;85,45
04.12.2024 01:00;04.12.2024 02:00;81,04
04.12.2024 02:00;04.12.2024 03:00;100,39
04.12.2024 03:00;04.12.2024 04:00;87,97
04.12.2024 04:00;04.12.2024 05:00;103,50
04.12.2024 05:00;04.12.2024 06:00;88,92
04.12.2024 06:00;04.12.2024 07:00;93,28
04.12.2024 07:00;04.12.2024 08:00;126,56
04.12.2024 08:00;04.12.2024 09:00;126,72
04.12.2024 09:00;04.12.2024 10:00;137,56
04.12.2024 10:00;04.12.2024 11:00;120,50
04.12.2024 11:00;04.12.2024 12:00;117,31
04.12.2024 12:00;04.12.2024 13:00;143,49
04.12.2024 13:00;04.12.2024 14:00;109,15
04.12.2024 14:00;04.12.2024 15:00;142,42
04.12.2024 15:00;04.12.2024 16:00;143,44
04.12.2024 16:00;04.12.2024 17:00;139,22
04.12.2024 17:00;04.12.2024 18:00;123,12
04.12.2024 18:00;04.12.2024 19:00;123,30
04.12.2024 19:00;04.12.2024 20:00;128,51
04.12.2024 20:00;04.12.2024 21:00;108,24
04.12.2024 21:00;04.12.2024 22:00;101,83
04.12.2024 22:00;04.12.2024 23:00;111,18
04.12.2024 23:00;05.12.2024 00:00;104,21
05.12.2024 00:00;05.12.2024 01:00;79,32
05.12.2024 01:00;05.12.2024 02:00;99,42
05.12.2024 02:00;05.12.2024 03:00;97,39
05.12.2024 03:00;05.12.2024 04:00;111,99
05.12.2024 04:00;05.12.2024 05:00;104,10
05.12.2024 05:00;05.12.2024 06:00;115,24
05.12.2024 06:00;05.12.2024 07:00;115,50
05.12.2024 07:00;05.12.2024 08:00;129,53
05.12.2024 08:00;05.12.2024 09:00;108,52
05.12.2024 09:00;05.12.2024 10:00;125,31
05.12.2024 10:00;05.12.2024 11:00;126,70
05.12.2024 11:00;05.12.2024 12:00;124,21
05.12.2024 12:00;05.12.2024 13:00;132,76
05.12.2024 13:00;05.12.2024 14:00;135,32
05.12.2024 14:00;05.12.2024 15:00;132,39
05.12.2024 15:00;05.12.2024 16:00;125,75
05.12.2024 16:00;05.12.2024 17:00;120,35
05.12.2024 17:00;05.12.2024 18:00;144,81
05.12.2024 18:00;05.12.2024 19:00;137,57
05.12.2024 19:00;05.12.2024 20:00;119,08
05.12.2024 20:00;05.12.2024 21:00;121,74
05.12.2024 21:00;05.12.2024 22:00;92,73
05.12.2024 22:00;05.12.2024 23:00;104,14
05.12.2024 23:00;06.12.2024 00:00;94,31
06.12.2024 00:00;06.12.2024 01:00;85,29
06.12.2024 01:00;06.12.2024 02:00;110,59
06.12.2024 02:00;06.12.2024 03:00;78,34
06.12.2024 03:00;06.12.2024 04:00;102,62
06.12.2024 04:00;06.12.2024 05:00;123,78
06.12.2024 05:00;06.12.2024 06:00;115,73
06.12.2024 06:00;06.12.2024 07:00;109,67
06.12.2024 07:00;06.12.2024 08:00;104,43
06.12.2024 08:00;06.12.2024 09:00;107,89
06.12.2024 09:00;06.12.2024 10:00;122,10
06.12.2024 10:00;06.12.2024 11:00;119,19
06.12.2024 11:00;06.12.2024 12:00;118,77
06.12.2024 12:00;06.12.2024 13:00;123,79
06.12.2024 13:00;06.12.2024 14:00;126,75
06.12.2024 14:00;06.12.2024 15:00;133,78
06.12.2024 15:00;06.12.2024 16:00;113,29
06.12.2024 16:00;06.12.2024 17:00;121,26
06.12.2024 17:00;06.12.2024 18:00;130,00
06.12.2024 18:00;06.12.2024 19:00;131,30
06.12.2024 19:00;06.12.2024 20:00;153,61
06.12.2024 20:00;06.12.2024 21:00;127,12
06.12.2024 21:00;06.12.2024 22:00;94,56
06.12.2024 22:00;06.12.2024 23:00;109,01
06.12.2024 23:00;07.12.2024 00:00;103,51
07.12.2024 00:00;07.12.2024 01:00;90,95
07.12.2024 01:00;07.12.2024 02:00;77,28
07.12.2024 02:00;07.12.2024 03:00;113,57
07.12.2024 03:00;07.12.2024 04:00;81,57
07.12.2024 04:00;07.12.2024 05:00;105,74
07.12.2024 05:00;07.12.2024 06:00;105,47
07.12.2024 06:00;07.12.2024 07:00;117,52
07.12.2024 07:00;07.12.2024 08:00;138,79
07.12.2024 08:00;07.12.2024 09:00;131,24
07.12.2024 09:00;07.12.2024 10:00;120,60
07.12.2024 10:00;07.12.2024 11:00;140,97
07.12.2024 11:00;07.12.2024 12:00;120,09
07.12.2024 12:00;07.12.2024 13:00;129,93
07.12.2024 13:00;07.12.2024 14:00;112,72
07.12.2024 14:00;07.12.2024 15:00;115,82
07.12.2024 15:00;07.12.2024 16:00;129,02
07.12.2024 16:00;07.12.2024 17:00;134,13
07.12.2024 17:00;07.12.2024 18:00;111,75
07.12.2024 18:00;07.12.2024 19:00;139,88
07.12.2024 19:00;07.12.2024 20:00;122,01
07.12.2024 20:00;07.12.2024 21:00;139,95
07.12.2024 21:00;07.12.2024 22:00;109,96
07.12.2024 22:00;07.12.2024 23:00;90,77
07.12.2024 23:00;08.12.2024 00:00;98,14
08.12.2024 00:00;08.12.2024 01:00;81,72
08.12.2024 01:00;08.12.2024 02:00;107,33
08.12.2024 02:00;08.12.2024 03:00;92,74
08.12.2024 03:00;08.12.2024 04:00;92,84
08.12.2024 04:00;08.12.2024 05:00;105,17
08.12.2024 05:00;08.12.2024 06:00;91,27
08.12.2024 06:00;08.12.2024 07:00;95,10
08.12.2024 07:00;08.12.2024 08:00;123,46
08.12.2024 08:00;08.12.2024 09:00;111,56
08.12.2024 09:00;08.12.2024 10:00;114,36
08.12.2024 10:00;08.12.2024 11:00;138,00
08.12.2024 11:00;08.12.2024 12:00;134,23
08.12.2024 12:00;08.12.2024 13:00;113,18
08.12.2024 13:00;08.12.2024 14:00;121,07
08.12.2024 14:00;08.12.2024 15:00;117,63
08.12.2024 15:00;08.12.2024 16:00;149,98
08.12.2024 16:00;08.12.2024 17:00;140,84
08.12.2024 17:00;08.12.2024 18:00;127,39
08.12.2024 18:00;08.12.2024 19:00;141,09
08.12.2024 19:00;08.12.2024 20:00;115,82
08.12.2024 20:00;08.12.2024 21:00;116,78
08.12.2024 21:00;08.12.2024 22:00;115,70
08.12.2024 22:00;08.12.2024 23:00;109,94
08.12.2024 23:00;09.12.2024 00:00;96,32
09.12.2024 00:00;09.12.2024 01:00;95,94
09.12.2024 01:00;09.12.2024 02:00;93,29
09.12.2024 02:00;09.12.2024 03:00;91,03
09.12.2024 03:00;09.12.2024 04:00;91,36
09.12.2024 04:00;09.12.2024 05:00;93,20
09.12.2024 05:00;09.12.2024 06:00;106,37
09.12.2024 06:00;09.12.2024 07:00;115,76
09.12.2024 07:00;09.12.2024 08:00;121,20
09.12.2024 08:00;09.12.2024 09:00;110,87
09.12.2024 09:00;09.12.2024 10:00;115,83
09.12.2024 10:00;09.12.2024 11:00;133,00
09.12.2024 11:00;09.12.2024 12:00;145,84
09.12.2024 12:00;09.12.2024 13:00;130,31
09.12.2024 13:00;09.12.2024 14:00;123,81
09.12.2024 14:00;09.12.2024 15:00;131,42
09.12.2024 15:00;09.12.2024 16:00;115,28
09.12.2024 16:00;09.12.2024 17:00;145,93
09.12.2024 17:00;09.12.2024 18:00;134,93
09.12.2024 18:00;09.12.2024 19:00;126,39
09.12.2024 19:00;09.12.2024 20:00;130,35
09.12.2024 20:00;09.12.2024 21:00;118,78
09.12.2024 21:00;09.12.2024 22:00;130,43
09.12.2024 22:00;09.12.2024 23:00;102,34
09.12.2024 23:00;10.12.2024 00:00;99,60
10.12.2024 00:00;10.12.2024 01:00;100,10
10.12.2024 01:00;10.12.2024 02:00;83,71
10.12.2024 02:00;10.12.2024 03:00;95,56
10.12.2024 03:00;10.12.2024 04:00;98,46
10.12.2024 04:00;10.12.2024 05:00;79,92
10.12.2024 05:00;10.12.2024 06:00;106,86
10.12.2024 06:00;10.12.2024 07:00;110,52
10.12.2024 07:00;10.12.2024 08:00;120,62
10.12.2024 08:00;10.12.2024 09:00;125,68
10.12.2024 09:00;10.12.2024 10:00;131,17
10.12.2024 10:00;10.12.2024 11:00;144,51
10.12.2024 11:00;10.12.2024 12:00;114,27
10.12.2024 12:00;10.12.2024 13:00;124,62
10.12.2024 13:00;10.12.2024 14:00;137,00
10.12.2024 14:00;10.12.2024 15:00;134,75
10.12.2024 15:00;10.12.2024 16:00;134,68
10.12.2024 16:00;10.12.2024 17:00;163,51
10.12.2024 17:00;10.12.2024 18:00;140,31
10.12.2024 18:00;10.12.2024 19:00;148,24
10.12.2024 19:00;10.12.2024 20:00;128,91
10.12.2024 20:00;10.12.2024 21:00;113,44
10.12.2024 21:00;10.12.2024 22:00;111,17
10.12.2024 22:00;10.12.2024 23:00;113,56
10.12.2024 23:00;11.12.2024 00:00;102,87
11.12.2024 00:00;11.12.2024 01:00;98,29
11.12.2024 01:00;11.12.2024 02:00;90,27
11.12.2024 02:00;11.12.2024 03:00;88,99
11.12.2024 03:00;11.12.2024 04:00;93,25
11.12.2024 04:00;11.12.2024 05:00;107,50
11.12.2024 05:00;11.12.2024 06:00;114,16
11.12.2024 06:00;11.12.2024 07:00;99,24
11.12.2024 07:00;11.12.2024 08:00;128,45
11.12.2024 08:00;11.12.2024 09:00;117,69
11.12.2024 09:00;11.12.2024 10:00;133,93
11.12.2024 10:00;11.12.2024 11:00;126,40
11.12.2024 11:00;11.12.2024 12:00;147,46
11.12.2024 12:00;11.12.2024 13:00;123,95
11.12.2024 13:00;11.12.2024 14:00;131,38
11.12.2024 14:00;11.12.2024 15:00;136,50
11.12.2024 15:00;11.12.2024 16:00;118,92
11.12.2024 16:00;11.12.2024 17:00;129,84
11.12.2024 17:00;11.12.2024 18:00;129,98
11.12.2024 18:00;11.12.2024 19:00;128,75
11.12.2024 19:00;11.12.2024 20:00;127,56
11.12.2024 20:00;11.12.2024 21:00;138,94
11.12.2024 21:00;11.12.2024 22:00;108,00
11.12.2024 22:00;11.12.2024 23:00;112,05
11.12.2024 23:00;12.12.2024 00:00;102,00
12.12.2024 00:00;12.12.2024 01:00;76,92
12.12.2024 01:00;12.12.2024 02:00;99,31
12.12.2024 02:00;12.12.2024 03:00;76,75
12.12.2024 03:00;12.12.2024 04:00;103,18
12.12.2024 04:00;12.12.2024 05:00;92,95
12.12.2024 05:00;12.12.2024 06:00;104,41
12.12.2024 06:00;12.12.2024 07:00;96,02
12.12.2024 07:00;12.12.2024 08:00;121,01
12.12.2024 08:00;12.12.2024 09:00;136,86
12.12.2024 09:00;12.12.2024 10:00;118,85
12.12.2024 10:00;12.12.2024 11:00;121,65
12.12.2024 11:00;12.12.2024 12:00;134,36
12.12.2024 12:00;12.12.2024 13:00;134,96
12.12.2024 13:00;12.12.2024 14:00;100,26
12.12.2024 14:00;12.12.2024 15:00;153,64
12.12.2024 15:00;12.12.2024 16:00;135,98
12.12.2024 16:00;12.12.2024 17:00;139,31
12.12.2024 17:00;12.12.2024 18:00;131,69
12.12.2024 18:00;12.12.2024 19:00;112,88
12.12.2024 19:00;12.12.2024 20:00;141,17
12.12.2024 20:00;12.12.2024 21:00;119,05
12.12.2024 21:00;12.12.2024 22:00;121,94
12.12.2024 22:00;12.12.2024 23:00;102,86
12.12.2024 23:00;13.12.2024 00:00;101,32
13.12.2024 00:00;13.12.2024 01:00;84,62
13.12.2024 01:00;13.12.2024 02:00;103,68
13.12.2024 02:00;13.12.2024 03:00;79,68
13.12.2024 03:00;13.12.2024 04:00;122,82
13.12.2024 04:00;13.12.2024 05:00;126,12
13.12.2024 05:00;13.12.2024 06:00;124,13
13.12.2024 06:00;13.12.2024 07:00;127,08
13.12.2024 07:00;13.12.2024 08:00;118,75
13.12.2024 08:00;13.12.2024 09:00;139,96
13.12.2024 09:00;13.12.2024 10:00;127,61
13.12.2024 10:00;13.12.2024 11:00;110,52
13.12.2024 11:00;13.12.2024 12:00;147,17
13.12.2024 12:00;13.12.2024 13:00;142,98
13.12.2024 13:00;13.12.2024 14:00;129,33
13.12.2024 14:00;13.12.2024 15:00;114,98
13.12.2024 15:00;13.12.2024 16:00;122,84
13.12.2024 16:00;13.12.2024 17:00;109,32
13.12.2024 17:00;13.12.2024 18:00;144,99
13.12.2024 18:00;13.12.2024 19:00;116,14
13.12.2024 19:00;13.12.2024 20:00;136,74
13.12.2024 20:00;13.12.2024 21:00;115,93
13.12.2024 21:00;13.12.2024 22:00;98,53
13.12.2024 22:00;13.12.2024 23:00;108,58
13.12.2024 23:00;14.12.2024 00:00;94,69
14.12.2024 00:00;14.12.2024 01:00;104,20
14.12.2024 01:00;14.12.2024 02:00;78,32
14.12.2024 02:00;14.12.2024 03:00;85,07
14.12.2024 03:00;14.12.2024 04:00;67,44
14.12.2024 04:00;14.12.2024 05:00;73,28
14.12.2024 05:00;14.12.2024 06:00;126,33
14.12.2024 06:00;14.12.2024 07:00;137,00
14.12.2024 07:00;14.12.2024 08:00;121,10
14.12.2024 08:00;14.12.2024 09:00;116,30
14.12.2024 09:00;14.12.2024 10:00;125,41
14.12.2024 10:00;14.12.2024 11:00;139,87
14.12.2024 11:00;14.12.2024 12:00;123,18
14.12.2024 12:00;14.12.2024 13:00;132,51
14.12.2024 13:00;14.12.2024 14:00;129,77
14.12.2024 14:00;14.12.2024 15:00;123,08
14.12.2024 15:00;14.12.2024 16:00;123,78
14.12.2024 16:00;14.12.2024 17:00;134,91
14.12.2024 17:00;14.12.2024 18:00;122,15
14.12.2024 18:00;14.12.2024 19:00;141,02
14.12.2024 19:00;14.12.2024 20:00;127,87
14.12.2024 20:00;14.12.2024 21:00;127,81
14.12.2024 21:00;14.12.2024 22:00;132,48
14.12.2024 22:00;14.12.2024 23:00;103,92
14.12.2024 23:00;15.12.2024 00:00;109,95
15.12.2024 00:00;15.12.2024 01:00;72,85
15.12.2024 01:00;15.12.2024 02:00;88,10
15.12.2024 02:00;15.12.2024 03:00;94,71
15.12.2024 03:00;15.12.2024 04:00;119,39
15.12.2024 04:00;15.12.2024 05:00;76,19
15.12.2024 05:00;15.12.2024 06:00;103,82
15.12.2024 06:00;15.12.2024 07:00;129,70
15.12.2024 07:00;15.12.2024 08:00;110,78
15.12.2024 08:00;15.12.2024 09:00;123,84
15.12.2024 09:00;15.12.2024 10:00;133,19
15.12.2024 10:00;15.12.2024 11:00;131,82
15.12.2024 11:00;15.12.2024 12:00;148,36
15.12.2024 12:00;15.12.2024 13:00;135,25
15.12.2024 13:00;15.12.2024 14:00;146,07
15.12.2024 14:00;15.12.2024 15:00;125,80
15.12.2024 15:00;15.12.2024 16:00;121,42
15.12.2024 16:00;15.12.2024 17:00;128,90
15.12.2024 17:00;15.12.2024 18:00;120,17
15.12.2024 18:00;15.12.2024 19:00;141,62
15.12.2024 19:00;15.12.2024 20:00;129,11
15.12.2024 20:00;15.12.2024 21:00;118,43
15.12.2024 21:00;15.12.2024 22:00;122,07
15.12.2024 22:00;15.12.2024 23:00;92,43
15.12.2024 23:00;16.12.2024 00:00;108,37
16.12.2024 00:00;16.12.2024 01:00;88,82
16.12.2024 01:00;16.12.2024 02:00;107,86
16.12.2024 02:00;16.12.2024 03:00;89,87
16.12.2024 03:00;16.12.2024 04:00;104,10
16.12.2024 04:00;16.12.2024 05:00;102,07
16.12.2024 05:00;16.12.2024 06:00;114,11
16.12.2024 06:00;16.12.2024 07:00;113,74
16.12.2024 07:00;16.12.2024 08:00;100,45
16.12.2024 08:00;16.12.2024 09:00;138,71
16.12.2024 09:00;16.12.2024 10:00;128,36
16.12.2024 10:00;16.12.2024 11:00;139,29
16.12.2024 11:00;16.12.2024 12:00;138,06
16.12.2024 12:00;16.12.2024 13:00;120,80
16.12.2024 13:00;16.12.2024 14:00;119,37
16.12.2024 14:00;16.12.2024 15:00;138,19
16.12.2024 15:00;16.12.2024 16:00;126,88
16.12.2024 16:00;16.12.2024 17:00;143,06
16.12.2024 17:00;16.12.2024 18:00;132,15
16.12.2024 18:00;16.12.2024 19:00;148,30
16.12.2024 19:00;16.12.2024 20:00;139,03
16.12.2024 20:00;16.12.2024 21:00;130,16
16.12.2024 21:00;16.12.2024 22:00;111,80
16.12.2024 22:00;16.12.2024 23:00;109,15
16.12.2024 23:00;17.12.2024 00:00;113,65
17.12.2024 00:00;17.12.2024 01:00;94,11
17.12.2024 01:00;17.12.2024 02:00;100,53
17.12.2024 02:00;17.12.2024 03:00;95,35
17.12.2024 03:00;17.12.2024 04:00;98,21
17.12.2024 04:00;17.12.2024 05:00;120,80
17.12.2024 05:00;17.12.2024 06:00;119,80
17.12.2024 06:00;17.12.2024 07:00;113,58
17.12.2024 07:00;17.12.2024 08:00;123,19
17.12.2024 08:00;17.12.2024 09:00;118,39
17.12.2024 09:00;17.12.2024 10:00;127,54
17.12.2024 10:00;17.12.2024 11:00;133,73
17.12.2024 11:00;17.12.2024 12:00;140,19
17.12.2024 12:00;17.12.2024 13:00;139,27
17.12.2024 13:00;17.12.2024 14:00;117,24
17.12.2024 14:00;17.12.2024 15:00;142,25
17.12.2024 15:00;17.12.2024 16:00;129,66
17.12.2024 16:00;17.12.2024 17:00;120,18
17.12.2024 17:00;17.12.2024 18:00;150,53
17.12.2024 18:00;17.12.2024 19:00;153,78
17.12.2024 19:00;17.12.2024 20:00;137,32
17.12.2024 20:00;17.12.2024 21:00;135,41
17.12.2024 21:00;17.12.2024 22:00;125,70
17.12.2024 22:00;17.12.2024 23:00;123,32
17.12.2024 23:00;18.12.2024 00:00;108,28
18.12.2024 00:00;18.12.2024 01:00;79,03
18.12.2024 01:00;18.12.2024 02:00;118,47
18.12.2024 02:00;18.12.2024 03:00;107,77
18.12.2024 03:00;18.12.2024 04:00;90,80
18.12.2024 04:00;18.12.2024 05:00;87,96
18.12.2024 05:00;18.12.2024 06:00;111,64
18.12.2024 06:00;18.12.2024 07:00;109,48
18.12.2024 07:00;18.12.2024 08:00;124,77
18.12.2024 08:00;18.12.2024 09:00;135,93
18.12.2024 09:00;18.12.2024 10:00;123,02
18.12.2024 10:00;18.12.2024 11:00;116,82
18.12.2024 11:00;18.12.2024 12:00;134,80
18.12.2024 12:00;18.12.2024 13:00;124,08
18.12.2024 13:00;18.12.2024 14:00;132,50
18.12.2024 14:00;18.12.2024 15:00;114,61
18.12.2024 15:00;18.12.2024 16:00;127,89
18.12.2024 16:00;18.12.2024 17:00;140,80
18.12.2024 17:00;18.12.2024 18:00;141,96
18.12.2024 18:00;18.12.2024 19:00;126,96
18.12.2024 19:00;18.12.2024 20:00;120,33
18.12.2024 20:00;18.12.2024 21:00;127,29
18.12.2024 21:00;18.12.2024 22:00;123,42
18.12.2024 22:00;18.12.2024 23:00;111,62
18.12.2024 23:00;19.12.2024 00:00;93,59
19.12.2024 00:00;19.12.2024 01:00;98,73
19.12.2024 01:00;19.12.2024 02:00;112,57
19.12.2024 02:00;19.12.2024 03:00;97,64
19.12.2024 03:00;19.12.2024 04:00;77,51
19.12.2024 04:00;19.12.2024 05:00;102,94
19.12.2024 05:00;19.12.2024 06:00;130,30
19.12.2024 06:00;19.12.2024 07:00;97,56
19.12.2024 07:00;19.12.2024 08:00;121,36
19.12.2024 08:00;19.12.2024 09:00;124,48
19.12.2024 09:00;19.12.2024 10:00;131,15
19.12.2024 10:00;19.12.2024 11:00;132,73
19.12.2024 11:00;19.12.2024 12:00;144,04
19.12.2024 12:00;19.12.2024 13:00;131,68
19.12.2024 13:00;19.12.2024 14:00;146,26
19.12.2024 14:00;19.12.2024 15:00;129,50
19.12.2024 15:00;19.12.2024 16:00;126,90
19.12.2024 16:00;19.12.2024 17:00;124,38
19.12.2024 17:00;19.12.2024 18:00;113,08
19.12.2024 18:00;19.12.2024 19:00;139,92
19.12.2024 19:00;19.12.2024 20:00;159,19
19.12.2024 20:00;19.12.2024 21:00;132,79
19.12.2024 21:00;19.12.2024 22:00;125,12
19.12.2024 22:00;19.12.2024 23:00;102,00
19.12.2024 23:00;20.12.2024 00:00;96,99
20.12.2024 00:00;20.12.2024 01:00;107,15
20.12.2024 01:00;20.12.2024 02:00;118,83
20.12.2024 02:00;20.12.2024 03:00;113,21
20.12.2024 03:00;20.12.2024 04:00;106,95
20.12.2024 04:00;20.12.2024 05:00;101,11
20.12.2024 05:00;20.12.2024 06:00;108,47
20.12.2024 06:00;20.12.2024 07:00;104,15
20.12.2024 07:00;20.12.2024 08:00;103,81
20.12.2024 08:00;20.12.2024 09:00;113,86
20.12.2024 09:00;20.12.2024 10:00;130,78
20.12.2024 10:00;20.12.2024 11:00;127,08
20.12.2024 11:00;20.12.2024 12:00;112,91
20.12.2024 12:00;20.12.2024 13:00;130,40
20.12.2024 13:00;20.12.2024 14:00;127,30
20.12.2024 14:00;20.12.2024 15:00;117,02
20.12.2024 15:00;20.12.2024 16:00;126,85
20.12.2024 16:00;20.12.2024 17:00;128,74
20.12.2024 17:00;20.12.2024 18:00;127,66
20.12.2024 18:00;20.12.2024 19:00;147,91
20.12.2024 19:00;20.12.2024 20:00;111,89
20.12.2024 20:00;20.12.2024 21:00;103,65
20.12.2024 21:00;20.12.2024 22:00;117,10
20.12.2024 22:00;20.12.2024 23:00;108,29
20.12.2024 23:00;21.12.2024 00:00;104,96
21.12.2024 00:00;21.12.2024 01:00;89,04
21.12.2024 01:00;21.12.2024 02:00;83,88
21.12.2024 02:00;21.12.2024 03:00;95,45
21.12.2024 03:00;21.12.2024 04:00;92,16
21.12.2024 04:00;21.12.2024 05:00;119,48
21.12.2024 05:00;21.12.2024 06:00;102,24
21.12.2024 06:00;21.12.2024 07:00;112,73
21.12.2024 07:00;21.12.2024 08:00;151,07
21.12.2024 08:00;21.12.2024 09:00;125,22
21.12.2024 09:00;21.12.2024 10:00;137,04
21.12.2024 10:00;21.12.2024 11:00;138,52
21.12.2024 11:00;21.12.2024 12:00;139,50
21.12.2024 12:00;21.12.2024 13:00;134,50
21.12.2024 13:00;21.12.2024 14:00;133,62
21.12.2024 14:00;21.12.2024 15:00;132,48
21.12.2024 15:00;21.12.2024 16:00;124,55
21.12.2024 16:00;21.12.2024 17:00;136,67
21.12.2024 17:00;21.12.2024 18:00;159,58
21.12.2024 18:00;21.12.2024 19:00;151,50
21.12.2024 19:00;21.12.2024 20:00;138,54
21.12.2024 20:00;21.12.2024 21:00;137,92
21.12.2024 21:00;21.12.2024 22:00;106,81
21.12.2024 22:00;21.12.2024 23:00;104,18
21.12.2024 23:00;22.12.2024 00:00;111,66
22.12.2024 00:00;22.12.2024 01:00;113,53
22.12.2024 01:00;22.12.2024 02:00;85,82
22.12.2024 02:00;22.12.2024 03:00;89,90
22.12.2024 03:00;22.12.2024 04:00;123,81
22.12.2024 04:00;22.12.2024 05:00;102,19
22.12.2024 05:00;22.12.2024 06:00;128,18
22.12.2024 06:00;22.12.2024 07:00;116,02
22.12.2024 07:00;22.12.2024 08:00;124,48
22.12.2024 08:00;22.12.2024 09:00;124,06
22.12.2024 09:00;22.12.2024 10:00;141,84
22.12.2024 10:00;22.12.2024 11:00;147,22
22.12.2024 11:00;22.12.2024 12:00;118,47
22.12.2024 12:00;22.12.2024 13:00;126,97
22.12.2024 13:00;22.12.2024 14:00;142,45
22.12.2024 14:00;22.12.2024 15:00;129,89
22.12.2024 15:00;22.12.2024 16:00;125,71
22.12.2024 16:00;22.12.2024 17:00;145,05
22.12.2024 17:00;22.12.2024 18:00;148,65
22.12.2024 18:00;22.12.2024 19:00;131,74
22.12.2024 19:00;22.12.2024 20:00;137,61
22.12.2024 20:00;22.12.2024 21:00;113,32
22.12.2024 21:00;22.12.2024 22:00;106,66
22.12.2024 22:00;22.12.2024 23:00;108,97
22.12.2024 23:00;23.12.2024 00:00;100,83
23.12.2024 00:00;23.12.2024 01:00;84,24
23.12.2024 01:00;23.12.2024 02:00;86,64
23.12.2024 02:00;23.12.2024 03:00;83,09
23.12.2024 03:00;23.12.2024 04:00;103,26
23.12.2024 04:00;23.12.2024 05:00;77,58
23.12.2024 05:00;23.12.2024 06:00;94,32
23.12.2024 06:00;23.12.2024 07:00;91,35
23.12.2024 07:00;23.12.2024 08:00;126,72
23.12.2024 08:00;23.12.2024 09:00;106,25
23.12.2024 09:00;23.12.2024 10:00;131,07
23.12.2024 10:00;23.12.2024 11:00;150,77
23.12.2024 11:00;23.12.2024 12:00;151,14
23.12.2024 12:00;23.12.2024 13:00;109,69
23.12.2024 13:00;23.12.2024 14:00;135,21
23.12.2024 14:00;23.12.2024 15:00;119,74
23.12.2024 15:00;23.12.2024 16:00;117,48
23.12.2024 16:00;23.12.2024 17:00;131,74
23.12.2024 17:00;23.12.2024 18:00;150,31
23.12.2024 18:00;23.12.2024 19:00;144,50
23.12.2024 19:00;23.12.2024 20:00;126,65
23.12.2024 20:00;23.12.2024 21:00;136,45
23.12.2024 21:00;23.12.2024 22:00;90,65
23.12.2024 22:00;23.12.2024 23:00;98,61
23.12.2024 23:00;24.12.2024 00:00;90,73
24.12.2024 00:00;24.12.2024 01:00;96,94
24.12.2024 01:00;24.12.2024 02:00;92,95
24.12.2024 02:00;24.12.2024 03:00;94,32
24.12.2024 03:00;24.12.2024 04:00;95,85
24.12.2024 04:00;24.12.2024 05:00;101,62
24.12.2024 05:00;24.12.2024 06:00;113,10
24.12.2024 06:00;24.12.2024 07:00;115,65
24.12.2024 07:00;24.12.2024 08:00;118,44
24.12.2024 08:00;24.12.2024 09:00;132,86
24.12.2024 09:00;24.12.2024 10:00;140,76
24.12.2024 10:00;24.12.2024 11:00;124,57
24.12.2024 11:00;24.12.2024 12:00;130,50
24.12.2024 12:00;24.12.2024 13:00;145,46
24.12.2024 13:00;24.12.2024 14:00;118,55
24.12.2024 14:00;24.12.2024 15:00;153,42
24.12.2024 15:00;24.12.2024 16:00;115,88
24.12.2024 16:00;24.12.2024 17:00;129,11
24.12.2024 17:00;24.12.2024 18:00;124,33
24.12.2024 18:00;24.12.2024 19:00;163,71
24.12.2024 19:00;24.12.2024 20:00;129,34
24.12.2024 20:00;24.12.2024 21:00;122,13
24.12.2024 21:00;24.12.2024 22:00;113,28
24.12.2024 22:00;24.12.2024 23:00;108,95
24.12.2024 23:00;25.12.2024 00:00;96,83
25.12.2024 00:00;25.12.2024 01:00;94,55
25.12.2024 01:00;25.12.2024 02:00;53,19
25.12.2024 02:00;25.12.2024 03:00;96,86
25.12.2024 03:00;25.12.2024 04:00;98,31
25.12.2024 04:00;25.12.2024 05:00;113,96
25.12.2024 05:00;25.12.2024 06:00;122,47
25.12.2024 06:00;25.12.2024 07:00;111,76
25.12.2024 07:00;25.12.2024 08:00;131,79
25.12.2024 08:00;25.12.2024 09:00;114,97
25.12.2024 09:00;25.12.2024 10:00;140,21
25.12.2024 10:00;25.12.2024 11:00;124,53
25.12.2024 11:00;25.12.2024 12:00;117,14
25.12.2024 12:00;25.12.2024 13:00;129,44
25.12.2024 13:00;25.12.2024 14:00;148,74
25.12.2024 14:00;25.12.2024 15:00;134,08
25.12.2024 15:00;25.12.2024 16:00;150,06
25.12.2024 16:00;25.12.2024 17:00;124,42
25.12.2024 17:00;25.12.2024 18:00;148,45
25.12.2024 18:00;25.12.2024 19:00;129,78
25.12.2024 19:00;25.12.2024 20:00;138,24
25.12.2024 20:00;25.12.2024 21:00;130,89
25.12.2024 21:00;25.12.2024 22:00;125,81
25.12.2024 22:00;25.12.2024 23:00;110,96
25.12.2024 23:00;26.12.2024 00:00;92,05
26.12.2024 00:00;26.12.2024 01:00;106,85
26.12.2024 01:00;26.12.2024 02:00;116,46
26.12.2024 02:00;26.12.2024 03:00;89,31
26.12.2024 03:00;26.12.2024 04:00;76,22
26.12.2024 04:00;26.12.2024 05:00;107,63
26.12.2024 05:00;26.12.2024 06:00;102,93
26.12.2024 06:00;26.12.2024 07:00;112,58
26.12.2024 07:00;26.12.2024 08:00;128,81
26.12.2024 08:00;26.12.2024 09:00;122,86
26.12.2024 09:00;26.12.2024 10:00;127,91
26.12.2024 10:00;26.12.2024 11:00;130,34
26.12.2024 11:00;26.12.2024 12:00;149,14
26.12.2024 12:00;26.12.2024 13:00;132,17
26.12.2024 13:00;26.12.2024 14:00;117,25
26.12.2024 14:00;26.12.2024 15:00;117,70
26.12.2024 15:00;26.12.2024 16:00;133,91
26.12.2024 16:00;26.12.2024 17:00;119,99
26.12.2024 17:00;26.12.2024 18:00;117,27
26.12.2024 18:00;26.12.2024 19:00;145,37
26.12.2024 19:00;26.12.2024 20:00;143,89
26.12.2024 20:00;26.12.2024 21:00;124,01
26.12.2024 21:00;26.12.2024 22:00;121,54
26.12.2024 22:00;26.12.2024 23:00;110,35
26.12.2024 23:00;27.12.2024 00:00;108,29
27.12.2024 00:00;27.12.2024 01:00;103,68
27.12.2024 01:00;27.12.2024 02:00;64,54
27.12.2024 02:00;27.12.2024 03:00;93,56
27.12.2024 03:00;27.12.2024 04:00;104,59
27.12.2024 04:00;27.12.2024 05:00;96,85
27.12.2024 05:00;27.12.2024 06:00;107,48
27.12.2024 06:00;27.12.2024 07:00;123,29
27.12.2024 07:00;27.12.2024 08:00;123,25
27.12.2024 08:00;27.12.2024 09:00;146,56
27.12.2024 09:00;27.12.2024 10:00;144,80
27.12.2024 10:00;27.12.2024 11:00;130,25
27.12.2024 11:00;27.12.2024 12:00;129,26
27.12.2024 12:00;27.12.2024 13:00;97,74
27.12.2024 13:00;27.12.2024 14:00;128,29
27.12.2024 14:00;27.12.2024 15:00;115,95
27.12.2024 15:00;27.12.2024 16:00;135,03
27.12.2024 16:00;27.12.2024 17:00;135,51
27.12.2024 17:00;27.12.2024 18:00;144,50
27.12.2024 18:00;27.12.2024 19:00;154,64
27.12.2024 19:00;27.12.2024 20:00;135,49
27.12.2024 20:00;27.12.2024 21:00;155,93
27.12.2024 21:00;27.12.2024 22:00;120,94
27.12.2024 22:00;27.12.2024 23:00;92,50
27.12.2024 23:00;28.12.2024 00:00;94,45
28.12.2024 00:00;28.12.2024 01:00;92,08
28.12.2024 01:00;28.12.2024 02:00;103,05
28.12.2024 02:00;28.12.2024 03:00;85,21
28.12.2024 03:00;28.12.2024 04:00;94,93
28.12.2024 04:00;28.12.2024 05:00;99,97
28.12.2024 05:00;28.12.2024 06:00;101,79
28.12.2024 06:00;28.12.2024 07:00;124,15
28.12.2024 07:00;28.12.2024 08:00;130,10
28.12.2024 08:00;28.12.2024 09:00;142,59
28.12.2024 09:00;28.12.2024 10:00;127,43
28.12.2024 10:00;28.12.2024 11:00;146,23
28.12.2024 11:00;28.12.2024 12:00;115,40
28.12.2024 12:00;28.12.2024 13:00;115,41
28.12.2024 13:00;28.12.2024 14:00;117,77
28.12.2024 14:00;28.12.2024 15:00;132,43
28.12.2024 15:00;28.12.2024 16:00;146,93
28.12.2024 16:00;28.12.2024 17:00;126,58
28.12.2024 17:00;28.12.2024 18:00;130,56
28.12.2024 18:00;28.12.2024 19:00;135,42
28.12.2024 19:00;28.12.2024 20:00;142,81
28.12.2024 20:00;28.12.2024 21:00;122,96
28.12.2024 21:00;28.12.2024 22:00;111,88
28.12.2024 22:00;28.12.2024 23:00;92,21
28.12.2024 23:00;29.12.2024 00:00;94,47
29.12.2024 00:00;29.12.2024 01:00;110,80
29.12.2024 01:00;29.12.2024 02:00;97,15
29.12.2024 02:00;29.12.2024 03:00;87,82
29.12.2024 03:00;29.12.2024 04:00;113,46
29.12.2024 04:00;29.12.2024 05:00;95,00
29.12.2024 05:00;29.12.2024 06:00;124,33
29.12.2024 06:00;29.12.2024 07:00;131,38
29.12.2024 07:00;29.12.2024 08:00;123,19
29.12.2024 08:00;29.12.2024 09:00;110,73
29.12.2024 09:00;29.12.2024 10:00;159,00
29.12.2024 10:00;29.12.2024 11:00;136,57
29.12.2024 11:00;29.12.2024 12:00;128,00
29.12.2024 12:00;29.12.2024 13:00;143,66
29.12.2024 13:00;29.12.2024 14:00;140,88
29.12.2024 14:00;29.12.2024 15:00;148,17
29.12.2024 15:00;29.12.2024 16:00;124,68
29.12.2024 16:00;29.12.2024 17:00;137,75
29.12.2024 17:00;29.12.2024 18:00;122,17
29.12.2024 18:00;29.12.2024 19:00;146,13
29.12.2024 19:00;29.12.2024 20:00;135,78
29.12.2024 20:00;29.12.2024 21:00;132,19
29.12.2024 21:00;29.12.2024 22:00;116,65
29.12.2024 22:00;29.12.2024 23:00;105,46
29.12.2024 23:00;30.12.2024 00:00;91,03
30.12.2024 00:00;30.12.2024 01:00;106,27
30.12.2024 01:00;30.12.2024 02:00;114,05
30.12.2024 02:00;30.12.2024 03:00;90,13
30.12.2024 03:00;30.12.2024 04:00;105,38
30.12.2024 04:00;30.12.2024 05:00;107,32
30.12.2024 05:00;30.12.2024 06:00;107,50
30.12.2024 06:00;30.12.2024 07:00;96,33
30.12.2024 07:00;30.12.2024 08:00;107,02
30.12.2024 08:00;30.12.2024 09:00;119,46
30.12.2024 09:00;30.12.2024 10:00;105,97
30.12.2024 10:00;30.12.2024 11:00;148,93
30.12.2024 11:00;30.12.2024 12:00;136,41
30.12.2024 12:00;30.12.2024 13:00;131,94
30.12.2024 13:00;30.12.2024 14:00;106,29
30.12.2024 14:00;30.12.2024 15:00;110,66
30.12.2024 15:00;30.12.2024 16:00;132,71
30.12.2024 16:00;30.12.2024 17:00;157,69
30.12.2024 17:00;30.12.2024 18:00;128,13
30.12.2024 18:00;30.12.2024 19:00;148,61
30.12.2024 19:00;30.12.2024 20:00;130,41
30.12.2024 20:00;30.12.2024 21:00;129,59
30.12.2024 21:00;30.12.2024 22:00;133,09
30.12.2024 22:00;30.12.2024 23:00;104,43
30.12.2024 23:00;31.12.2024 00:00;93,28
31.12.2024 00:00;31.12.2024 01:00;113,91
31.12.2024 01:00;31.12.2024 02:00;96,83
31.12.2024 02:00;31.12.2024 03:00;110,01
31.12.2024 03:00;31.12.2024 04:00;90,62
31.12.2024 04:00;31.12.2024 05:00;119,12
31.12.2024 05:00;31.12.2024 06:00;110,79
31.12.2024 06:00;31.12.2024 07:00;119,97
31.12.2024 07:00;31.12.2024 08:00;124,32
31.12.2024 08:00;31.12.2024 09:00;122,87
31.12.2024 09:00;31.12.2024 10:00;131,72
31.12.2024 10:00;31.12.2024 11:00;126,83
31.12.2024 11:00;31.12.2024 12:00;143,62
31.12.2024 12:00;31.12.2024 13:00;129,97
31.12.2024 13:00;31.12.2024 14:00;114,72
31.12.2024 14:00;31.12.2024 15:00;112,50
31.12.2024 15:00;31.12.2024 16:00;112,13
31.12.2024 16:00;31.12.2024 17:00;141,56
31.12.2024 17:00;31.12.2024 18:00;122,80
31.12.2024 18:00;31.12.2024 19:00;141,95
31.12.2024 19:00;31.12.2024 20:00;137,92
31.12.2024 20:00;31.12.2024 21:00;128,26
31.12.2024 21:00;31.12.2024 22:00;123,88
31.12.2024 22:00;31.12.2024 23:00;110,59
31.12.2024 23:00;01.01.2025 00:00;69,15
